Added Component: Designator=C1(CAP 0603_1608)
Add component (AddParameter): Name = "Applications"; Value = "Bypass, Decoupling"; VariantName = "[No Variations]"
Add component (AddParameter): Name = "Capacitance"; Value = "100nF"; VariantName = "[No Variations]"
Add component (AddParameter): Name = "componentlink1description"; Value = "Datasheet"; VariantName = "[No Variations]"
Add component (AddParameter): Name = "componentlink1url"; Value = "https://www.johansondielectrics.com/downloads/x2y-filter-and-decoupling-capacitors.pdf"; VariantName = "[No Variations]"
Add component (AddParameter): Name = "componentlink2description"; Value = "DigiKey Link"; VariantName = "[No Variations]"
Add component (AddParameter): Name = "componentlink2url"; Value = "https://www.digikey.com/en/products/detail/johanson-dielectrics-inc/250X14W223MV4T/1628740"; VariantName = "[No Variations]"
Add component (AddParameter): Name = "Device Package"; Value = "0603 (1608 Metric)"; VariantName = "[No Variations]"
Add component (AddParameter): Name = "Features"; Value = "Low ESL (X2Y)"; VariantName = "[No Variations]"
Add component (AddParameter): Name = "lastupdated"; Value = "2022-05-16 11:25:57 AM"; VariantName = "[No Variations]"
Add component (AddParameter): Name = "Lifecycle Status"; Value = "Active"; VariantName = "[No Variations]"
Add component (AddParameter): Name = "manufacturer"; Value = "Johanson Dielectrics Inc."; VariantName = "[No Variations]"
Add component (AddParameter): Name = "Minimum Order"; Value = "1"; VariantName = "[No Variations]"
Add component (AddParameter): Name = "Mounting Type"; Value = "Surface Mount, MLCC"; VariantName = "[No Variations]"
Add component (AddParameter): Name = "Operating Temperature"; Value = "-55°C ~ 125°C"; VariantName = "[No Variations]"
Add component (AddParameter): Name = "Package / Case"; Value = "0603 (1608 Metric)"; VariantName = "[No Variations]"
Add component (AddParameter): Name = "packaging"; Value = "TapeAndReel"; VariantName = "[No Variations]"
Add component (AddParameter): Name = "Part Number"; Value = "250X14W223MV4T"; VariantName = "[No Variations]"
Add component (AddParameter): Name = "Part Status"; Value = "Active"; VariantName = "[No Variations]"
Add component (AddParameter): Name = "partid"; Value = "14325"; VariantName = "[No Variations]"
Add component (AddParameter): Name = "price"; Value = "0.07"; VariantName = "[No Variations]"
Add component (AddParameter): Name = "series"; Value = "X2Y®"; VariantName = "[No Variations]"
Add component (AddParameter): Name = "Size / Dimension"; Value = "0.064" L x 0.035" W (1.63mm x 0.89mm)"; VariantName = "[No Variations]"
Add component (AddParameter): Name = "Supplier 1"; Value = "DigiKey"; VariantName = "[No Variations]"
Add component (AddParameter): Name = "Supplier Part Number 1"; Value = "709-1087-1-ND"; VariantName = "[No Variations]"
Add component (AddParameter): Name = "Temperature Coefficient"; Value = "X7R"; VariantName = "[No Variations]"
Add component (AddParameter): Name = "Thickness (Max)"; Value = "0.026" (0.66mm)"; VariantName = "[No Variations]"
Add component (AddParameter): Name = "Tolerance"; Value = "±20%"; VariantName = "[No Variations]"
Add component (AddParameter): Name = "Value"; Value = "100nF"; VariantName = "[No Variations]"
Add component (AddParameter): Name = "Voltage - Rated"; Value = "25V"; VariantName = "[No Variations]"
Added Component: Designator=C2(CAP 1206_3216 - 0.8MM)
Add component (AddParameter): Name = "Applications"; Value = "Medical, Non-Critical"; VariantName = "[No Variations]"
Add component (AddParameter): Name = "Capacitance"; Value = "22uF"; VariantName = "[No Variations]"
Add component (AddParameter): Name = "componentlink1description"; Value = "Datasheet"; VariantName = "[No Variations]"
Add component (AddParameter): Name = "componentlink1url"; Value = "http://datasheets.avx.com/AVX-MM.pdf"; VariantName = "[No Variations]"
Add component (AddParameter): Name = "componentlink2description"; Value = "DigiKey Link"; VariantName = "[No Variations]"
Add component (AddParameter): Name = "componentlink2url"; Value = "http://digikey.com/product-detail/en/avx-corporation/MM061A101JCT2A/478-10622-1-ND/7344883"; VariantName = "[No Variations]"
Add component (AddParameter): Name = "Device Package"; Value = "1206 (3216 Metric)"; VariantName = "[No Variations]"
Add component (AddParameter): Name = "lastupdated"; Value = "2020-09-02 1:04:46 AM"; VariantName = "[No Variations]"
Add component (AddParameter): Name = "Lifecycle Status"; Value = "Active"; VariantName = "[No Variations]"
Add component (AddParameter): Name = "manufacturer"; Value = "AVX Corporation"; VariantName = "[No Variations]"
Add component (AddParameter): Name = "Minimum Order"; Value = "1"; VariantName = "[No Variations]"
Add component (AddParameter): Name = "Mounting Type"; Value = "Surface Mount, MLCC"; VariantName = "[No Variations]"
Add component (AddParameter): Name = "Operating Temperature"; Value = "-55°C ~ 125°C"; VariantName = "[No Variations]"
Add component (AddParameter): Name = "Package / Case"; Value = "1206 (3216 Metric)"; VariantName = "[No Variations]"
Add component (AddParameter): Name = "packaging"; Value = "TapeAndReel"; VariantName = "[No Variations]"
Add component (AddParameter): Name = "Part Number"; Value = "MM061A101JCT2A"; VariantName = "[No Variations]"
Add component (AddParameter): Name = "Part Status"; Value = "Active"; VariantName = "[No Variations]"
Add component (AddParameter): Name = "partid"; Value = "18685"; VariantName = "[No Variations]"
Add component (AddParameter): Name = "price"; Value = "0.52"; VariantName = "[No Variations]"
Add component (AddParameter): Name = "series"; Value = "MM"; VariantName = "[No Variations]"
Add component (AddParameter): Name = "Size / Dimension"; Value = "0.126" L x 0.063" W (3.20mm x 1.60mm)"; VariantName = "[No Variations]"
Add component (AddParameter): Name = "Supplier 1"; Value = "DigiKey"; VariantName = "[No Variations]"
Add component (AddParameter): Name = "Supplier Part Number 1"; Value = "478-10622-1-ND"; VariantName = "[No Variations]"
Add component (AddParameter): Name = "Temperature Coefficient"; Value = "C0G, NP0"; VariantName = "[No Variations]"
Add component (AddParameter): Name = "Thickness (Max)"; Value = "0.029" (0.74mm)"; VariantName = "[No Variations]"
Add component (AddParameter): Name = "Tolerance"; Value = "±5%"; VariantName = "[No Variations]"
Add component (AddParameter): Name = "Value"; Value = "22uF"; VariantName = "[No Variations]"
Add component (AddParameter): Name = "Voltage - Rated"; Value = "100V"; VariantName = "[No Variations]"
Added Component: Designator=C3(CAP 1206_3216 - 0.8MM)
Add component (AddParameter): Name = "Applications"; Value = "Medical, Non-Critical"; VariantName = "[No Variations]"
Add component (AddParameter): Name = "Capacitance"; Value = "22uF"; VariantName = "[No Variations]"
Add component (AddParameter): Name = "componentlink1description"; Value = "Datasheet"; VariantName = "[No Variations]"
Add component (AddParameter): Name = "componentlink1url"; Value = "http://datasheets.avx.com/AVX-MM.pdf"; VariantName = "[No Variations]"
Add component (AddParameter): Name = "componentlink2description"; Value = "DigiKey Link"; VariantName = "[No Variations]"
Add component (AddParameter): Name = "componentlink2url"; Value = "http://digikey.com/product-detail/en/avx-corporation/MM061A101JCT2A/478-10622-1-ND/7344883"; VariantName = "[No Variations]"
Add component (AddParameter): Name = "Device Package"; Value = "1206 (3216 Metric)"; VariantName = "[No Variations]"
Add component (AddParameter): Name = "lastupdated"; Value = "2020-09-02 1:04:46 AM"; VariantName = "[No Variations]"
Add component (AddParameter): Name = "Lifecycle Status"; Value = "Active"; VariantName = "[No Variations]"
Add component (AddParameter): Name = "manufacturer"; Value = "AVX Corporation"; VariantName = "[No Variations]"
Add component (AddParameter): Name = "Minimum Order"; Value = "1"; VariantName = "[No Variations]"
Add component (AddParameter): Name = "Mounting Type"; Value = "Surface Mount, MLCC"; VariantName = "[No Variations]"
Add component (AddParameter): Name = "Operating Temperature"; Value = "-55°C ~ 125°C"; VariantName = "[No Variations]"
Add component (AddParameter): Name = "Package / Case"; Value = "1206 (3216 Metric)"; VariantName = "[No Variations]"
Add component (AddParameter): Name = "packaging"; Value = "TapeAndReel"; VariantName = "[No Variations]"
Add component (AddParameter): Name = "Part Number"; Value = "MM061A101JCT2A"; VariantName = "[No Variations]"
Add component (AddParameter): Name = "Part Status"; Value = "Active"; VariantName = "[No Variations]"
Add component (AddParameter): Name = "partid"; Value = "18685"; VariantName = "[No Variations]"
Add component (AddParameter): Name = "price"; Value = "0.52"; VariantName = "[No Variations]"
Add component (AddParameter): Name = "series"; Value = "MM"; VariantName = "[No Variations]"
Add component (AddParameter): Name = "Size / Dimension"; Value = "0.126" L x 0.063" W (3.20mm x 1.60mm)"; VariantName = "[No Variations]"
Add component (AddParameter): Name = "Supplier 1"; Value = "DigiKey"; VariantName = "[No Variations]"
Add component (AddParameter): Name = "Supplier Part Number 1"; Value = "478-10622-1-ND"; VariantName = "[No Variations]"
Add component (AddParameter): Name = "Temperature Coefficient"; Value = "C0G, NP0"; VariantName = "[No Variations]"
Add component (AddParameter): Name = "Thickness (Max)"; Value = "0.029" (0.74mm)"; VariantName = "[No Variations]"
Add component (AddParameter): Name = "Tolerance"; Value = "±5%"; VariantName = "[No Variations]"
Add component (AddParameter): Name = "Value"; Value = "22uF"; VariantName = "[No Variations]"
Add component (AddParameter): Name = "Voltage - Rated"; Value = "100V"; VariantName = "[No Variations]"
Added Component: Designator=C4(CAP 0603_1608)
Add component (AddParameter): Name = "Applications"; Value = "Bypass, Decoupling"; VariantName = "[No Variations]"
Add component (AddParameter): Name = "Capacitance"; Value = "100nF"; VariantName = "[No Variations]"
Add component (AddParameter): Name = "componentlink1description"; Value = "Datasheet"; VariantName = "[No Variations]"
Add component (AddParameter): Name = "componentlink1url"; Value = "https://www.johansondielectrics.com/downloads/x2y-filter-and-decoupling-capacitors.pdf"; VariantName = "[No Variations]"
Add component (AddParameter): Name = "componentlink2description"; Value = "DigiKey Link"; VariantName = "[No Variations]"
Add component (AddParameter): Name = "componentlink2url"; Value = "https://www.digikey.com/en/products/detail/johanson-dielectrics-inc/250X14W223MV4T/1628740"; VariantName = "[No Variations]"
Add component (AddParameter): Name = "Device Package"; Value = "0603 (1608 Metric)"; VariantName = "[No Variations]"
Add component (AddParameter): Name = "Features"; Value = "Low ESL (X2Y)"; VariantName = "[No Variations]"
Add component (AddParameter): Name = "lastupdated"; Value = "2022-05-20 2:39:33 PM"; VariantName = "[No Variations]"
Add component (AddParameter): Name = "Lifecycle Status"; Value = "Active"; VariantName = "[No Variations]"
Add component (AddParameter): Name = "manufacturer"; Value = "Johanson Dielectrics Inc."; VariantName = "[No Variations]"
Add component (AddParameter): Name = "Minimum Order"; Value = "1"; VariantName = "[No Variations]"
Add component (AddParameter): Name = "Mounting Type"; Value = "Surface Mount, MLCC"; VariantName = "[No Variations]"
Add component (AddParameter): Name = "Operating Temperature"; Value = "-55°C ~ 125°C"; VariantName = "[No Variations]"
Add component (AddParameter): Name = "Package / Case"; Value = "0603 (1608 Metric)"; VariantName = "[No Variations]"
Add component (AddParameter): Name = "packaging"; Value = "TapeAndReel"; VariantName = "[No Variations]"
Add component (AddParameter): Name = "Part Number"; Value = "250X14W223MV4T"; VariantName = "[No Variations]"
Add component (AddParameter): Name = "Part Status"; Value = "Active"; VariantName = "[No Variations]"
Add component (AddParameter): Name = "partid"; Value = "14325"; VariantName = "[No Variations]"
Add component (AddParameter): Name = "price"; Value = "0.07"; VariantName = "[No Variations]"
Add component (AddParameter): Name = "series"; Value = "X2Y®"; VariantName = "[No Variations]"
Add component (AddParameter): Name = "Size / Dimension"; Value = "0.064" L x 0.035" W (1.63mm x 0.89mm)"; VariantName = "[No Variations]"
Add component (AddParameter): Name = "Supplier 1"; Value = "DigiKey"; VariantName = "[No Variations]"
Add component (AddParameter): Name = "Supplier Part Number 1"; Value = "709-1087-1-ND"; VariantName = "[No Variations]"
Add component (AddParameter): Name = "Temperature Coefficient"; Value = "X7R"; VariantName = "[No Variations]"
Add component (AddParameter): Name = "Thickness (Max)"; Value = "0.026" (0.66mm)"; VariantName = "[No Variations]"
Add component (AddParameter): Name = "Tolerance"; Value = "±20%"; VariantName = "[No Variations]"
Add component (AddParameter): Name = "Value"; Value = "100nF"; VariantName = "[No Variations]"
Add component (AddParameter): Name = "Voltage - Rated"; Value = "25V"; VariantName = "[No Variations]"
Added Component: Designator=C5(CAP 0603_1608)
Add component (AddParameter): Name = "Applications"; Value = "Bypass, Decoupling"; VariantName = "[No Variations]"
Add component (AddParameter): Name = "Capacitance"; Value = "1uF"; VariantName = "[No Variations]"
Add component (AddParameter): Name = "componentlink1description"; Value = "Datasheet"; VariantName = "[No Variations]"
Add component (AddParameter): Name = "componentlink1url"; Value = "https://www.johansondielectrics.com/downloads/x2y-filter-and-decoupling-capacitors.pdf"; VariantName = "[No Variations]"
Add component (AddParameter): Name = "componentlink2description"; Value = "DigiKey Link"; VariantName = "[No Variations]"
Add component (AddParameter): Name = "componentlink2url"; Value = "https://www.digikey.com/en/products/detail/johanson-dielectrics-inc/250X14W223MV4T/1628740"; VariantName = "[No Variations]"
Add component (AddParameter): Name = "Device Package"; Value = "0603 (1608 Metric)"; VariantName = "[No Variations]"
Add component (AddParameter): Name = "Features"; Value = "Low ESL (X2Y)"; VariantName = "[No Variations]"
Add component (AddParameter): Name = "lastupdated"; Value = "2022-05-20 2:39:33 PM"; VariantName = "[No Variations]"
Add component (AddParameter): Name = "Lifecycle Status"; Value = "Active"; VariantName = "[No Variations]"
Add component (AddParameter): Name = "manufacturer"; Value = "Johanson Dielectrics Inc."; VariantName = "[No Variations]"
Add component (AddParameter): Name = "Minimum Order"; Value = "1"; VariantName = "[No Variations]"
Add component (AddParameter): Name = "Mounting Type"; Value = "Surface Mount, MLCC"; VariantName = "[No Variations]"
Add component (AddParameter): Name = "Operating Temperature"; Value = "-55°C ~ 125°C"; VariantName = "[No Variations]"
Add component (AddParameter): Name = "Package / Case"; Value = "0603 (1608 Metric)"; VariantName = "[No Variations]"
Add component (AddParameter): Name = "packaging"; Value = "TapeAndReel"; VariantName = "[No Variations]"
Add component (AddParameter): Name = "Part Number"; Value = "250X14W223MV4T"; VariantName = "[No Variations]"
Add component (AddParameter): Name = "Part Status"; Value = "Active"; VariantName = "[No Variations]"
Add component (AddParameter): Name = "partid"; Value = "14325"; VariantName = "[No Variations]"
Add component (AddParameter): Name = "price"; Value = "0.07"; VariantName = "[No Variations]"
Add component (AddParameter): Name = "series"; Value = "X2Y®"; VariantName = "[No Variations]"
Add component (AddParameter): Name = "Size / Dimension"; Value = "0.064" L x 0.035" W (1.63mm x 0.89mm)"; VariantName = "[No Variations]"
Add component (AddParameter): Name = "Supplier 1"; Value = "DigiKey"; VariantName = "[No Variations]"
Add component (AddParameter): Name = "Supplier Part Number 1"; Value = "709-1087-1-ND"; VariantName = "[No Variations]"
Add component (AddParameter): Name = "Temperature Coefficient"; Value = "X7R"; VariantName = "[No Variations]"
Add component (AddParameter): Name = "Thickness (Max)"; Value = "0.026" (0.66mm)"; VariantName = "[No Variations]"
Add component (AddParameter): Name = "Tolerance"; Value = "±20%"; VariantName = "[No Variations]"
Add component (AddParameter): Name = "Value"; Value = "1uF"; VariantName = "[No Variations]"
Add component (AddParameter): Name = "Voltage - Rated"; Value = "25V"; VariantName = "[No Variations]"
Added Component: Designator=C6(CAP 0603_1608)
Add component (AddParameter): Name = "Applications"; Value = "Bypass, Decoupling"; VariantName = "[No Variations]"
Add component (AddParameter): Name = "Capacitance"; Value = "100nF"; VariantName = "[No Variations]"
Add component (AddParameter): Name = "componentlink1description"; Value = "Datasheet"; VariantName = "[No Variations]"
Add component (AddParameter): Name = "componentlink1url"; Value = "https://www.johansondielectrics.com/downloads/x2y-filter-and-decoupling-capacitors.pdf"; VariantName = "[No Variations]"
Add component (AddParameter): Name = "componentlink2description"; Value = "DigiKey Link"; VariantName = "[No Variations]"
Add component (AddParameter): Name = "componentlink2url"; Value = "https://www.digikey.com/en/products/detail/johanson-dielectrics-inc/250X14W223MV4T/1628740"; VariantName = "[No Variations]"
Add component (AddParameter): Name = "Device Package"; Value = "0603 (1608 Metric)"; VariantName = "[No Variations]"
Add component (AddParameter): Name = "Features"; Value = "Low ESL (X2Y)"; VariantName = "[No Variations]"
Add component (AddParameter): Name = "lastupdated"; Value = "2022-05-20 2:39:33 PM"; VariantName = "[No Variations]"
Add component (AddParameter): Name = "Lifecycle Status"; Value = "Active"; VariantName = "[No Variations]"
Add component (AddParameter): Name = "manufacturer"; Value = "Johanson Dielectrics Inc."; VariantName = "[No Variations]"
Add component (AddParameter): Name = "Minimum Order"; Value = "1"; VariantName = "[No Variations]"
Add component (AddParameter): Name = "Mounting Type"; Value = "Surface Mount, MLCC"; VariantName = "[No Variations]"
Add component (AddParameter): Name = "Operating Temperature"; Value = "-55°C ~ 125°C"; VariantName = "[No Variations]"
Add component (AddParameter): Name = "Package / Case"; Value = "0603 (1608 Metric)"; VariantName = "[No Variations]"
Add component (AddParameter): Name = "packaging"; Value = "TapeAndReel"; VariantName = "[No Variations]"
Add component (AddParameter): Name = "Part Number"; Value = "250X14W223MV4T"; VariantName = "[No Variations]"
Add component (AddParameter): Name = "Part Status"; Value = "Active"; VariantName = "[No Variations]"
Add component (AddParameter): Name = "partid"; Value = "14325"; VariantName = "[No Variations]"
Add component (AddParameter): Name = "price"; Value = "0.07"; VariantName = "[No Variations]"
Add component (AddParameter): Name = "series"; Value = "X2Y®"; VariantName = "[No Variations]"
Add component (AddParameter): Name = "Size / Dimension"; Value = "0.064" L x 0.035" W (1.63mm x 0.89mm)"; VariantName = "[No Variations]"
Add component (AddParameter): Name = "Supplier 1"; Value = "DigiKey"; VariantName = "[No Variations]"
Add component (AddParameter): Name = "Supplier Part Number 1"; Value = "709-1087-1-ND"; VariantName = "[No Variations]"
Add component (AddParameter): Name = "Temperature Coefficient"; Value = "X7R"; VariantName = "[No Variations]"
Add component (AddParameter): Name = "Thickness (Max)"; Value = "0.026" (0.66mm)"; VariantName = "[No Variations]"
Add component (AddParameter): Name = "Tolerance"; Value = "±20%"; VariantName = "[No Variations]"
Add component (AddParameter): Name = "Value"; Value = "100nF"; VariantName = "[No Variations]"
Add component (AddParameter): Name = "Voltage - Rated"; Value = "25V"; VariantName = "[No Variations]"
Added Component: Designator=C7(CAP 1206_3216 - 0.8MM)
Add component (AddParameter): Name = "Applications"; Value = "Medical, Non-Critical"; VariantName = "[No Variations]"
Add component (AddParameter): Name = "Capacitance"; Value = "10uF"; VariantName = "[No Variations]"
Add component (AddParameter): Name = "componentlink1description"; Value = "Datasheet"; VariantName = "[No Variations]"
Add component (AddParameter): Name = "componentlink1url"; Value = "http://datasheets.avx.com/AVX-MM.pdf"; VariantName = "[No Variations]"
Add component (AddParameter): Name = "componentlink2description"; Value = "DigiKey Link"; VariantName = "[No Variations]"
Add component (AddParameter): Name = "componentlink2url"; Value = "http://digikey.com/product-detail/en/avx-corporation/MM061A101JCT2A/478-10622-1-ND/7344883"; VariantName = "[No Variations]"
Add component (AddParameter): Name = "Device Package"; Value = "1206 (3216 Metric)"; VariantName = "[No Variations]"
Add component (AddParameter): Name = "lastupdated"; Value = "2020-09-02 1:04:46 AM"; VariantName = "[No Variations]"
Add component (AddParameter): Name = "Lifecycle Status"; Value = "Active"; VariantName = "[No Variations]"
Add component (AddParameter): Name = "manufacturer"; Value = "AVX Corporation"; VariantName = "[No Variations]"
Add component (AddParameter): Name = "Minimum Order"; Value = "1"; VariantName = "[No Variations]"
Add component (AddParameter): Name = "Mounting Type"; Value = "Surface Mount, MLCC"; VariantName = "[No Variations]"
Add component (AddParameter): Name = "Operating Temperature"; Value = "-55°C ~ 125°C"; VariantName = "[No Variations]"
Add component (AddParameter): Name = "Package / Case"; Value = "1206 (3216 Metric)"; VariantName = "[No Variations]"
Add component (AddParameter): Name = "packaging"; Value = "TapeAndReel"; VariantName = "[No Variations]"
Add component (AddParameter): Name = "Part Number"; Value = "MM061A101JCT2A"; VariantName = "[No Variations]"
Add component (AddParameter): Name = "Part Status"; Value = "Active"; VariantName = "[No Variations]"
Add component (AddParameter): Name = "partid"; Value = "18685"; VariantName = "[No Variations]"
Add component (AddParameter): Name = "price"; Value = "0.52"; VariantName = "[No Variations]"
Add component (AddParameter): Name = "series"; Value = "MM"; VariantName = "[No Variations]"
Add component (AddParameter): Name = "Size / Dimension"; Value = "0.126" L x 0.063" W (3.20mm x 1.60mm)"; VariantName = "[No Variations]"
Add component (AddParameter): Name = "Supplier 1"; Value = "DigiKey"; VariantName = "[No Variations]"
Add component (AddParameter): Name = "Supplier Part Number 1"; Value = "478-10622-1-ND"; VariantName = "[No Variations]"
Add component (AddParameter): Name = "Temperature Coefficient"; Value = "C0G, NP0"; VariantName = "[No Variations]"
Add component (AddParameter): Name = "Thickness (Max)"; Value = "0.029" (0.74mm)"; VariantName = "[No Variations]"
Add component (AddParameter): Name = "Tolerance"; Value = "±5%"; VariantName = "[No Variations]"
Add component (AddParameter): Name = "Value"; Value = "10uF"; VariantName = "[No Variations]"
Add component (AddParameter): Name = "Voltage - Rated"; Value = "100V"; VariantName = "[No Variations]"
Added Component: Designator=C8(CAP 1206_3216 - 0.8MM)
Add component (AddParameter): Name = "Applications"; Value = "Medical, Non-Critical"; VariantName = "[No Variations]"
Add component (AddParameter): Name = "Capacitance"; Value = "10uF"; VariantName = "[No Variations]"
Add component (AddParameter): Name = "componentlink1description"; Value = "Datasheet"; VariantName = "[No Variations]"
Add component (AddParameter): Name = "componentlink1url"; Value = "http://datasheets.avx.com/AVX-MM.pdf"; VariantName = "[No Variations]"
Add component (AddParameter): Name = "componentlink2description"; Value = "DigiKey Link"; VariantName = "[No Variations]"
Add component (AddParameter): Name = "componentlink2url"; Value = "http://digikey.com/product-detail/en/avx-corporation/MM061A101JCT2A/478-10622-1-ND/7344883"; VariantName = "[No Variations]"
Add component (AddParameter): Name = "Device Package"; Value = "1206 (3216 Metric)"; VariantName = "[No Variations]"
Add component (AddParameter): Name = "lastupdated"; Value = "2020-09-02 1:04:46 AM"; VariantName = "[No Variations]"
Add component (AddParameter): Name = "Lifecycle Status"; Value = "Active"; VariantName = "[No Variations]"
Add component (AddParameter): Name = "manufacturer"; Value = "AVX Corporation"; VariantName = "[No Variations]"
Add component (AddParameter): Name = "Minimum Order"; Value = "1"; VariantName = "[No Variations]"
Add component (AddParameter): Name = "Mounting Type"; Value = "Surface Mount, MLCC"; VariantName = "[No Variations]"
Add component (AddParameter): Name = "Operating Temperature"; Value = "-55°C ~ 125°C"; VariantName = "[No Variations]"
Add component (AddParameter): Name = "Package / Case"; Value = "1206 (3216 Metric)"; VariantName = "[No Variations]"
Add component (AddParameter): Name = "packaging"; Value = "TapeAndReel"; VariantName = "[No Variations]"
Add component (AddParameter): Name = "Part Number"; Value = "MM061A101JCT2A"; VariantName = "[No Variations]"
Add component (AddParameter): Name = "Part Status"; Value = "Active"; VariantName = "[No Variations]"
Add component (AddParameter): Name = "partid"; Value = "18685"; VariantName = "[No Variations]"
Add component (AddParameter): Name = "price"; Value = "0.52"; VariantName = "[No Variations]"
Add component (AddParameter): Name = "series"; Value = "MM"; VariantName = "[No Variations]"
Add component (AddParameter): Name = "Size / Dimension"; Value = "0.126" L x 0.063" W (3.20mm x 1.60mm)"; VariantName = "[No Variations]"
Add component (AddParameter): Name = "Supplier 1"; Value = "DigiKey"; VariantName = "[No Variations]"
Add component (AddParameter): Name = "Supplier Part Number 1"; Value = "478-10622-1-ND"; VariantName = "[No Variations]"
Add component (AddParameter): Name = "Temperature Coefficient"; Value = "C0G, NP0"; VariantName = "[No Variations]"
Add component (AddParameter): Name = "Thickness (Max)"; Value = "0.029" (0.74mm)"; VariantName = "[No Variations]"
Add component (AddParameter): Name = "Tolerance"; Value = "±5%"; VariantName = "[No Variations]"
Add component (AddParameter): Name = "Value"; Value = "10uF"; VariantName = "[No Variations]"
Add component (AddParameter): Name = "Voltage - Rated"; Value = "100V"; VariantName = "[No Variations]"
Added Component: Designator=C9(CAP 0603_1608)
Add component (AddParameter): Name = "Applications"; Value = "Bypass, Decoupling"; VariantName = "[No Variations]"
Add component (AddParameter): Name = "Capacitance"; Value = "8.2nF"; VariantName = "[No Variations]"
Add component (AddParameter): Name = "componentlink1description"; Value = "Datasheet"; VariantName = "[No Variations]"
Add component (AddParameter): Name = "componentlink1url"; Value = "https://www.johansondielectrics.com/downloads/x2y-filter-and-decoupling-capacitors.pdf"; VariantName = "[No Variations]"
Add component (AddParameter): Name = "componentlink2description"; Value = "DigiKey Link"; VariantName = "[No Variations]"
Add component (AddParameter): Name = "componentlink2url"; Value = "https://www.digikey.com/en/products/detail/johanson-dielectrics-inc/250X14W223MV4T/1628740"; VariantName = "[No Variations]"
Add component (AddParameter): Name = "Device Package"; Value = "0603 (1608 Metric)"; VariantName = "[No Variations]"
Add component (AddParameter): Name = "Features"; Value = "Low ESL (X2Y)"; VariantName = "[No Variations]"
Add component (AddParameter): Name = "lastupdated"; Value = "2022-05-16 11:25:57 AM"; VariantName = "[No Variations]"
Add component (AddParameter): Name = "Lifecycle Status"; Value = "Active"; VariantName = "[No Variations]"
Add component (AddParameter): Name = "manufacturer"; Value = "Johanson Dielectrics Inc."; VariantName = "[No Variations]"
Add component (AddParameter): Name = "Minimum Order"; Value = "1"; VariantName = "[No Variations]"
Add component (AddParameter): Name = "Mounting Type"; Value = "Surface Mount, MLCC"; VariantName = "[No Variations]"
Add component (AddParameter): Name = "Operating Temperature"; Value = "-55°C ~ 125°C"; VariantName = "[No Variations]"
Add component (AddParameter): Name = "Package / Case"; Value = "0603 (1608 Metric)"; VariantName = "[No Variations]"
Add component (AddParameter): Name = "packaging"; Value = "TapeAndReel"; VariantName = "[No Variations]"
Add component (AddParameter): Name = "Part Number"; Value = "250X14W223MV4T"; VariantName = "[No Variations]"
Add component (AddParameter): Name = "Part Status"; Value = "Active"; VariantName = "[No Variations]"
Add component (AddParameter): Name = "partid"; Value = "14325"; VariantName = "[No Variations]"
Add component (AddParameter): Name = "price"; Value = "0.07"; VariantName = "[No Variations]"
Add component (AddParameter): Name = "series"; Value = "X2Y®"; VariantName = "[No Variations]"
Add component (AddParameter): Name = "Size / Dimension"; Value = "0.064" L x 0.035" W (1.63mm x 0.89mm)"; VariantName = "[No Variations]"
Add component (AddParameter): Name = "Supplier 1"; Value = "DigiKey"; VariantName = "[No Variations]"
Add component (AddParameter): Name = "Supplier Part Number 1"; Value = "709-1087-1-ND"; VariantName = "[No Variations]"
Add component (AddParameter): Name = "Temperature Coefficient"; Value = "X7R"; VariantName = "[No Variations]"
Add component (AddParameter): Name = "Thickness (Max)"; Value = "0.026" (0.66mm)"; VariantName = "[No Variations]"
Add component (AddParameter): Name = "Tolerance"; Value = "±20%"; VariantName = "[No Variations]"
Add component (AddParameter): Name = "Value"; Value = "8.2nF"; VariantName = "[No Variations]"
Add component (AddParameter): Name = "Voltage - Rated"; Value = "25V"; VariantName = "[No Variations]"
Added Component: Designator=C10(CAP 0603_1608)
Add component (AddParameter): Name = "Applications"; Value = "Bypass, Decoupling"; VariantName = "[No Variations]"
Add component (AddParameter): Name = "Capacitance"; Value = "10pF"; VariantName = "[No Variations]"
Add component (AddParameter): Name = "componentlink1description"; Value = "Datasheet"; VariantName = "[No Variations]"
Add component (AddParameter): Name = "componentlink1url"; Value = "https://www.johansondielectrics.com/downloads/x2y-filter-and-decoupling-capacitors.pdf"; VariantName = "[No Variations]"
Add component (AddParameter): Name = "componentlink2description"; Value = "DigiKey Link"; VariantName = "[No Variations]"
Add component (AddParameter): Name = "componentlink2url"; Value = "https://www.digikey.com/en/products/detail/johanson-dielectrics-inc/250X14W223MV4T/1628740"; VariantName = "[No Variations]"
Add component (AddParameter): Name = "Device Package"; Value = "0603 (1608 Metric)"; VariantName = "[No Variations]"
Add component (AddParameter): Name = "Features"; Value = "Low ESL (X2Y)"; VariantName = "[No Variations]"
Add component (AddParameter): Name = "lastupdated"; Value = "2022-05-16 11:25:57 AM"; VariantName = "[No Variations]"
Add component (AddParameter): Name = "Lifecycle Status"; Value = "Active"; VariantName = "[No Variations]"
Add component (AddParameter): Name = "manufacturer"; Value = "Johanson Dielectrics Inc."; VariantName = "[No Variations]"
Add component (AddParameter): Name = "Minimum Order"; Value = "1"; VariantName = "[No Variations]"
Add component (AddParameter): Name = "Mounting Type"; Value = "Surface Mount, MLCC"; VariantName = "[No Variations]"
Add component (AddParameter): Name = "Operating Temperature"; Value = "-55°C ~ 125°C"; VariantName = "[No Variations]"
Add component (AddParameter): Name = "Package / Case"; Value = "0603 (1608 Metric)"; VariantName = "[No Variations]"
Add component (AddParameter): Name = "packaging"; Value = "TapeAndReel"; VariantName = "[No Variations]"
Add component (AddParameter): Name = "Part Number"; Value = "250X14W223MV4T"; VariantName = "[No Variations]"
Add component (AddParameter): Name = "Part Status"; Value = "Active"; VariantName = "[No Variations]"
Add component (AddParameter): Name = "partid"; Value = "14325"; VariantName = "[No Variations]"
Add component (AddParameter): Name = "price"; Value = "0.07"; VariantName = "[No Variations]"
Add component (AddParameter): Name = "series"; Value = "X2Y®"; VariantName = "[No Variations]"
Add component (AddParameter): Name = "Size / Dimension"; Value = "0.064" L x 0.035" W (1.63mm x 0.89mm)"; VariantName = "[No Variations]"
Add component (AddParameter): Name = "Supplier 1"; Value = "DigiKey"; VariantName = "[No Variations]"
Add component (AddParameter): Name = "Supplier Part Number 1"; Value = "709-1087-1-ND"; VariantName = "[No Variations]"
Add component (AddParameter): Name = "Temperature Coefficient"; Value = "X7R"; VariantName = "[No Variations]"
Add component (AddParameter): Name = "Thickness (Max)"; Value = "0.026" (0.66mm)"; VariantName = "[No Variations]"
Add component (AddParameter): Name = "Tolerance"; Value = "±20%"; VariantName = "[No Variations]"
Add component (AddParameter): Name = "Value"; Value = "10pF"; VariantName = "[No Variations]"
Add component (AddParameter): Name = "Voltage - Rated"; Value = "25V"; VariantName = "[No Variations]"
Added Component: Designator=C11(CAP 0603_1608)
Add component (AddParameter): Name = "Applications"; Value = "Bypass, Decoupling"; VariantName = "[No Variations]"
Add component (AddParameter): Name = "Capacitance"; Value = "3.3nF"; VariantName = "[No Variations]"
Add component (AddParameter): Name = "componentlink1description"; Value = "Datasheet"; VariantName = "[No Variations]"
Add component (AddParameter): Name = "componentlink1url"; Value = "https://www.johansondielectrics.com/downloads/x2y-filter-and-decoupling-capacitors.pdf"; VariantName = "[No Variations]"
Add component (AddParameter): Name = "componentlink2description"; Value = "DigiKey Link"; VariantName = "[No Variations]"
Add component (AddParameter): Name = "componentlink2url"; Value = "https://www.digikey.com/en/products/detail/johanson-dielectrics-inc/250X14W223MV4T/1628740"; VariantName = "[No Variations]"
Add component (AddParameter): Name = "Device Package"; Value = "0603 (1608 Metric)"; VariantName = "[No Variations]"
Add component (AddParameter): Name = "Features"; Value = "Low ESL (X2Y)"; VariantName = "[No Variations]"
Add component (AddParameter): Name = "lastupdated"; Value = "2022-05-16 11:25:57 AM"; VariantName = "[No Variations]"
Add component (AddParameter): Name = "Lifecycle Status"; Value = "Active"; VariantName = "[No Variations]"
Add component (AddParameter): Name = "manufacturer"; Value = "Johanson Dielectrics Inc."; VariantName = "[No Variations]"
Add component (AddParameter): Name = "Minimum Order"; Value = "1"; VariantName = "[No Variations]"
Add component (AddParameter): Name = "Mounting Type"; Value = "Surface Mount, MLCC"; VariantName = "[No Variations]"
Add component (AddParameter): Name = "Operating Temperature"; Value = "-55°C ~ 125°C"; VariantName = "[No Variations]"
Add component (AddParameter): Name = "Package / Case"; Value = "0603 (1608 Metric)"; VariantName = "[No Variations]"
Add component (AddParameter): Name = "packaging"; Value = "TapeAndReel"; VariantName = "[No Variations]"
Add component (AddParameter): Name = "Part Number"; Value = "250X14W223MV4T"; VariantName = "[No Variations]"
Add component (AddParameter): Name = "Part Status"; Value = "Active"; VariantName = "[No Variations]"
Add component (AddParameter): Name = "partid"; Value = "14325"; VariantName = "[No Variations]"
Add component (AddParameter): Name = "price"; Value = "0.07"; VariantName = "[No Variations]"
Add component (AddParameter): Name = "series"; Value = "X2Y®"; VariantName = "[No Variations]"
Add component (AddParameter): Name = "Size / Dimension"; Value = "0.064" L x 0.035" W (1.63mm x 0.89mm)"; VariantName = "[No Variations]"
Add component (AddParameter): Name = "Supplier 1"; Value = "DigiKey"; VariantName = "[No Variations]"
Add component (AddParameter): Name = "Supplier Part Number 1"; Value = "709-1087-1-ND"; VariantName = "[No Variations]"
Add component (AddParameter): Name = "Temperature Coefficient"; Value = "X7R"; VariantName = "[No Variations]"
Add component (AddParameter): Name = "Thickness (Max)"; Value = "0.026" (0.66mm)"; VariantName = "[No Variations]"
Add component (AddParameter): Name = "Tolerance"; Value = "±20%"; VariantName = "[No Variations]"
Add component (AddParameter): Name = "Value"; Value = "3.3nF"; VariantName = "[No Variations]"
Add component (AddParameter): Name = "Voltage - Rated"; Value = "25V"; VariantName = "[No Variations]"
Added Component: Designator=C12(CAP 1206_3216 - 0.8MM)
Add component (AddParameter): Name = "Applications"; Value = "Medical, Non-Critical"; VariantName = "[No Variations]"
Add component (AddParameter): Name = "Capacitance"; Value = "10uF"; VariantName = "[No Variations]"
Add component (AddParameter): Name = "componentlink1description"; Value = "Datasheet"; VariantName = "[No Variations]"
Add component (AddParameter): Name = "componentlink1url"; Value = "http://datasheets.avx.com/AVX-MM.pdf"; VariantName = "[No Variations]"
Add component (AddParameter): Name = "componentlink2description"; Value = "DigiKey Link"; VariantName = "[No Variations]"
Add component (AddParameter): Name = "componentlink2url"; Value = "http://digikey.com/product-detail/en/avx-corporation/MM061A101JCT2A/478-10622-1-ND/7344883"; VariantName = "[No Variations]"
Add component (AddParameter): Name = "Device Package"; Value = "1206 (3216 Metric)"; VariantName = "[No Variations]"
Add component (AddParameter): Name = "lastupdated"; Value = "2020-09-02 1:04:46 AM"; VariantName = "[No Variations]"
Add component (AddParameter): Name = "Lifecycle Status"; Value = "Active"; VariantName = "[No Variations]"
Add component (AddParameter): Name = "manufacturer"; Value = "AVX Corporation"; VariantName = "[No Variations]"
Add component (AddParameter): Name = "Minimum Order"; Value = "1"; VariantName = "[No Variations]"
Add component (AddParameter): Name = "Mounting Type"; Value = "Surface Mount, MLCC"; VariantName = "[No Variations]"
Add component (AddParameter): Name = "Operating Temperature"; Value = "-55°C ~ 125°C"; VariantName = "[No Variations]"
Add component (AddParameter): Name = "Package / Case"; Value = "1206 (3216 Metric)"; VariantName = "[No Variations]"
Add component (AddParameter): Name = "packaging"; Value = "TapeAndReel"; VariantName = "[No Variations]"
Add component (AddParameter): Name = "Part Number"; Value = "MM061A101JCT2A"; VariantName = "[No Variations]"
Add component (AddParameter): Name = "Part Status"; Value = "Active"; VariantName = "[No Variations]"
Add component (AddParameter): Name = "partid"; Value = "18685"; VariantName = "[No Variations]"
Add component (AddParameter): Name = "price"; Value = "0.52"; VariantName = "[No Variations]"
Add component (AddParameter): Name = "series"; Value = "MM"; VariantName = "[No Variations]"
Add component (AddParameter): Name = "Size / Dimension"; Value = "0.126" L x 0.063" W (3.20mm x 1.60mm)"; VariantName = "[No Variations]"
Add component (AddParameter): Name = "Supplier 1"; Value = "DigiKey"; VariantName = "[No Variations]"
Add component (AddParameter): Name = "Supplier Part Number 1"; Value = "478-10622-1-ND"; VariantName = "[No Variations]"
Add component (AddParameter): Name = "Temperature Coefficient"; Value = "C0G, NP0"; VariantName = "[No Variations]"
Add component (AddParameter): Name = "Thickness (Max)"; Value = "0.029" (0.74mm)"; VariantName = "[No Variations]"
Add component (AddParameter): Name = "Tolerance"; Value = "±5%"; VariantName = "[No Variations]"
Add component (AddParameter): Name = "Value"; Value = "10uF"; VariantName = "[No Variations]"
Add component (AddParameter): Name = "Voltage - Rated"; Value = "100V"; VariantName = "[No Variations]"
Added Component: Designator=C13(CAP 0603_1608)
Add component (AddParameter): Name = "Applications"; Value = "Bypass, Decoupling"; VariantName = "[No Variations]"
Add component (AddParameter): Name = "Capacitance"; Value = "1uF"; VariantName = "[No Variations]"
Add component (AddParameter): Name = "componentlink1description"; Value = "Datasheet"; VariantName = "[No Variations]"
Add component (AddParameter): Name = "componentlink1url"; Value = "https://www.johansondielectrics.com/downloads/x2y-filter-and-decoupling-capacitors.pdf"; VariantName = "[No Variations]"
Add component (AddParameter): Name = "componentlink2description"; Value = "DigiKey Link"; VariantName = "[No Variations]"
Add component (AddParameter): Name = "componentlink2url"; Value = "https://www.digikey.com/en/products/detail/johanson-dielectrics-inc/250X14W223MV4T/1628740"; VariantName = "[No Variations]"
Add component (AddParameter): Name = "Device Package"; Value = "0603 (1608 Metric)"; VariantName = "[No Variations]"
Add component (AddParameter): Name = "Features"; Value = "Low ESL (X2Y)"; VariantName = "[No Variations]"
Add component (AddParameter): Name = "lastupdated"; Value = "2022-05-16 11:25:57 AM"; VariantName = "[No Variations]"
Add component (AddParameter): Name = "Lifecycle Status"; Value = "Active"; VariantName = "[No Variations]"
Add component (AddParameter): Name = "manufacturer"; Value = "Johanson Dielectrics Inc."; VariantName = "[No Variations]"
Add component (AddParameter): Name = "Minimum Order"; Value = "1"; VariantName = "[No Variations]"
Add component (AddParameter): Name = "Mounting Type"; Value = "Surface Mount, MLCC"; VariantName = "[No Variations]"
Add component (AddParameter): Name = "Operating Temperature"; Value = "-55°C ~ 125°C"; VariantName = "[No Variations]"
Add component (AddParameter): Name = "Package / Case"; Value = "0603 (1608 Metric)"; VariantName = "[No Variations]"
Add component (AddParameter): Name = "packaging"; Value = "TapeAndReel"; VariantName = "[No Variations]"
Add component (AddParameter): Name = "Part Number"; Value = "250X14W223MV4T"; VariantName = "[No Variations]"
Add component (AddParameter): Name = "Part Status"; Value = "Active"; VariantName = "[No Variations]"
Add component (AddParameter): Name = "partid"; Value = "14325"; VariantName = "[No Variations]"
Add component (AddParameter): Name = "price"; Value = "0.07"; VariantName = "[No Variations]"
Add component (AddParameter): Name = "series"; Value = "X2Y®"; VariantName = "[No Variations]"
Add component (AddParameter): Name = "Size / Dimension"; Value = "0.064" L x 0.035" W (1.63mm x 0.89mm)"; VariantName = "[No Variations]"
Add component (AddParameter): Name = "Supplier 1"; Value = "DigiKey"; VariantName = "[No Variations]"
Add component (AddParameter): Name = "Supplier Part Number 1"; Value = "709-1087-1-ND"; VariantName = "[No Variations]"
Add component (AddParameter): Name = "Temperature Coefficient"; Value = "X7R"; VariantName = "[No Variations]"
Add component (AddParameter): Name = "Thickness (Max)"; Value = "0.026" (0.66mm)"; VariantName = "[No Variations]"
Add component (AddParameter): Name = "Tolerance"; Value = "±20%"; VariantName = "[No Variations]"
Add component (AddParameter): Name = "Value"; Value = "1uF"; VariantName = "[No Variations]"
Add component (AddParameter): Name = "Voltage - Rated"; Value = "25V"; VariantName = "[No Variations]"
Added Component: Designator=C14(CAP 0603_1608)
Add component (AddParameter): Name = "Applications"; Value = "Bypass, Decoupling"; VariantName = "[No Variations]"
Add component (AddParameter): Name = "Capacitance"; Value = "100nF"; VariantName = "[No Variations]"
Add component (AddParameter): Name = "componentlink1description"; Value = "Datasheet"; VariantName = "[No Variations]"
Add component (AddParameter): Name = "componentlink1url"; Value = "https://www.johansondielectrics.com/downloads/x2y-filter-and-decoupling-capacitors.pdf"; VariantName = "[No Variations]"
Add component (AddParameter): Name = "componentlink2description"; Value = "DigiKey Link"; VariantName = "[No Variations]"
Add component (AddParameter): Name = "componentlink2url"; Value = "https://www.digikey.com/en/products/detail/johanson-dielectrics-inc/250X14W223MV4T/1628740"; VariantName = "[No Variations]"
Add component (AddParameter): Name = "Device Package"; Value = "0603 (1608 Metric)"; VariantName = "[No Variations]"
Add component (AddParameter): Name = "Features"; Value = "Low ESL (X2Y)"; VariantName = "[No Variations]"
Add component (AddParameter): Name = "lastupdated"; Value = "2022-05-16 11:25:57 AM"; VariantName = "[No Variations]"
Add component (AddParameter): Name = "Lifecycle Status"; Value = "Active"; VariantName = "[No Variations]"
Add component (AddParameter): Name = "manufacturer"; Value = "Johanson Dielectrics Inc."; VariantName = "[No Variations]"
Add component (AddParameter): Name = "Minimum Order"; Value = "1"; VariantName = "[No Variations]"
Add component (AddParameter): Name = "Mounting Type"; Value = "Surface Mount, MLCC"; VariantName = "[No Variations]"
Add component (AddParameter): Name = "Operating Temperature"; Value = "-55°C ~ 125°C"; VariantName = "[No Variations]"
Add component (AddParameter): Name = "Package / Case"; Value = "0603 (1608 Metric)"; VariantName = "[No Variations]"
Add component (AddParameter): Name = "packaging"; Value = "TapeAndReel"; VariantName = "[No Variations]"
Add component (AddParameter): Name = "Part Number"; Value = "250X14W223MV4T"; VariantName = "[No Variations]"
Add component (AddParameter): Name = "Part Status"; Value = "Active"; VariantName = "[No Variations]"
Add component (AddParameter): Name = "partid"; Value = "14325"; VariantName = "[No Variations]"
Add component (AddParameter): Name = "price"; Value = "0.07"; VariantName = "[No Variations]"
Add component (AddParameter): Name = "series"; Value = "X2Y®"; VariantName = "[No Variations]"
Add component (AddParameter): Name = "Size / Dimension"; Value = "0.064" L x 0.035" W (1.63mm x 0.89mm)"; VariantName = "[No Variations]"
Add component (AddParameter): Name = "Supplier 1"; Value = "DigiKey"; VariantName = "[No Variations]"
Add component (AddParameter): Name = "Supplier Part Number 1"; Value = "709-1087-1-ND"; VariantName = "[No Variations]"
Add component (AddParameter): Name = "Temperature Coefficient"; Value = "X7R"; VariantName = "[No Variations]"
Add component (AddParameter): Name = "Thickness (Max)"; Value = "0.026" (0.66mm)"; VariantName = "[No Variations]"
Add component (AddParameter): Name = "Tolerance"; Value = "±20%"; VariantName = "[No Variations]"
Add component (AddParameter): Name = "Value"; Value = "100nF"; VariantName = "[No Variations]"
Add component (AddParameter): Name = "Voltage - Rated"; Value = "25V"; VariantName = "[No Variations]"
Added Component: Designator=C15(CAP 0603_1608)
Add component (AddParameter): Name = "Applications"; Value = "Bypass, Decoupling"; VariantName = "[No Variations]"
Add component (AddParameter): Name = "Capacitance"; Value = "100nF"; VariantName = "[No Variations]"
Add component (AddParameter): Name = "componentlink1description"; Value = "Datasheet"; VariantName = "[No Variations]"
Add component (AddParameter): Name = "componentlink1url"; Value = "https://www.johansondielectrics.com/downloads/x2y-filter-and-decoupling-capacitors.pdf"; VariantName = "[No Variations]"
Add component (AddParameter): Name = "componentlink2description"; Value = "DigiKey Link"; VariantName = "[No Variations]"
Add component (AddParameter): Name = "componentlink2url"; Value = "https://www.digikey.com/en/products/detail/johanson-dielectrics-inc/250X14W223MV4T/1628740"; VariantName = "[No Variations]"
Add component (AddParameter): Name = "Device Package"; Value = "0603 (1608 Metric)"; VariantName = "[No Variations]"
Add component (AddParameter): Name = "Features"; Value = "Low ESL (X2Y)"; VariantName = "[No Variations]"
Add component (AddParameter): Name = "lastupdated"; Value = "2022-05-16 11:25:57 AM"; VariantName = "[No Variations]"
Add component (AddParameter): Name = "Lifecycle Status"; Value = "Active"; VariantName = "[No Variations]"
Add component (AddParameter): Name = "manufacturer"; Value = "Johanson Dielectrics Inc."; VariantName = "[No Variations]"
Add component (AddParameter): Name = "Minimum Order"; Value = "1"; VariantName = "[No Variations]"
Add component (AddParameter): Name = "Mounting Type"; Value = "Surface Mount, MLCC"; VariantName = "[No Variations]"
Add component (AddParameter): Name = "Operating Temperature"; Value = "-55°C ~ 125°C"; VariantName = "[No Variations]"
Add component (AddParameter): Name = "Package / Case"; Value = "0603 (1608 Metric)"; VariantName = "[No Variations]"
Add component (AddParameter): Name = "packaging"; Value = "TapeAndReel"; VariantName = "[No Variations]"
Add component (AddParameter): Name = "Part Number"; Value = "250X14W223MV4T"; VariantName = "[No Variations]"
Add component (AddParameter): Name = "Part Status"; Value = "Active"; VariantName = "[No Variations]"
Add component (AddParameter): Name = "partid"; Value = "14325"; VariantName = "[No Variations]"
Add component (AddParameter): Name = "price"; Value = "0.07"; VariantName = "[No Variations]"
Add component (AddParameter): Name = "series"; Value = "X2Y®"; VariantName = "[No Variations]"
Add component (AddParameter): Name = "Size / Dimension"; Value = "0.064" L x 0.035" W (1.63mm x 0.89mm)"; VariantName = "[No Variations]"
Add component (AddParameter): Name = "Supplier 1"; Value = "DigiKey"; VariantName = "[No Variations]"
Add component (AddParameter): Name = "Supplier Part Number 1"; Value = "709-1087-1-ND"; VariantName = "[No Variations]"
Add component (AddParameter): Name = "Temperature Coefficient"; Value = "X7R"; VariantName = "[No Variations]"
Add component (AddParameter): Name = "Thickness (Max)"; Value = "0.026" (0.66mm)"; VariantName = "[No Variations]"
Add component (AddParameter): Name = "Tolerance"; Value = "±20%"; VariantName = "[No Variations]"
Add component (AddParameter): Name = "Value"; Value = "100nF"; VariantName = "[No Variations]"
Add component (AddParameter): Name = "Voltage - Rated"; Value = "25V"; VariantName = "[No Variations]"
Added Component: Designator=C16(CAP 0603_1608)
Add component (AddParameter): Name = "Applications"; Value = "Bypass, Decoupling"; VariantName = "[No Variations]"
Add component (AddParameter): Name = "Capacitance"; Value = "1uF"; VariantName = "[No Variations]"
Add component (AddParameter): Name = "componentlink1description"; Value = "Datasheet"; VariantName = "[No Variations]"
Add component (AddParameter): Name = "componentlink1url"; Value = "https://www.johansondielectrics.com/downloads/x2y-filter-and-decoupling-capacitors.pdf"; VariantName = "[No Variations]"
Add component (AddParameter): Name = "componentlink2description"; Value = "DigiKey Link"; VariantName = "[No Variations]"
Add component (AddParameter): Name = "componentlink2url"; Value = "https://www.digikey.com/en/products/detail/johanson-dielectrics-inc/250X14W223MV4T/1628740"; VariantName = "[No Variations]"
Add component (AddParameter): Name = "Device Package"; Value = "0603 (1608 Metric)"; VariantName = "[No Variations]"
Add component (AddParameter): Name = "Features"; Value = "Low ESL (X2Y)"; VariantName = "[No Variations]"
Add component (AddParameter): Name = "lastupdated"; Value = "2022-05-16 11:25:57 AM"; VariantName = "[No Variations]"
Add component (AddParameter): Name = "Lifecycle Status"; Value = "Active"; VariantName = "[No Variations]"
Add component (AddParameter): Name = "manufacturer"; Value = "Johanson Dielectrics Inc."; VariantName = "[No Variations]"
Add component (AddParameter): Name = "Minimum Order"; Value = "1"; VariantName = "[No Variations]"
Add component (AddParameter): Name = "Mounting Type"; Value = "Surface Mount, MLCC"; VariantName = "[No Variations]"
Add component (AddParameter): Name = "Operating Temperature"; Value = "-55°C ~ 125°C"; VariantName = "[No Variations]"
Add component (AddParameter): Name = "Package / Case"; Value = "0603 (1608 Metric)"; VariantName = "[No Variations]"
Add component (AddParameter): Name = "packaging"; Value = "TapeAndReel"; VariantName = "[No Variations]"
Add component (AddParameter): Name = "Part Number"; Value = "250X14W223MV4T"; VariantName = "[No Variations]"
Add component (AddParameter): Name = "Part Status"; Value = "Active"; VariantName = "[No Variations]"
Add component (AddParameter): Name = "partid"; Value = "14325"; VariantName = "[No Variations]"
Add component (AddParameter): Name = "price"; Value = "0.07"; VariantName = "[No Variations]"
Add component (AddParameter): Name = "series"; Value = "X2Y®"; VariantName = "[No Variations]"
Add component (AddParameter): Name = "Size / Dimension"; Value = "0.064" L x 0.035" W (1.63mm x 0.89mm)"; VariantName = "[No Variations]"
Add component (AddParameter): Name = "Supplier 1"; Value = "DigiKey"; VariantName = "[No Variations]"
Add component (AddParameter): Name = "Supplier Part Number 1"; Value = "709-1087-1-ND"; VariantName = "[No Variations]"
Add component (AddParameter): Name = "Temperature Coefficient"; Value = "X7R"; VariantName = "[No Variations]"
Add component (AddParameter): Name = "Thickness (Max)"; Value = "0.026" (0.66mm)"; VariantName = "[No Variations]"
Add component (AddParameter): Name = "Tolerance"; Value = "±20%"; VariantName = "[No Variations]"
Add component (AddParameter): Name = "Value"; Value = "1uF"; VariantName = "[No Variations]"
Add component (AddParameter): Name = "Voltage - Rated"; Value = "25V"; VariantName = "[No Variations]"
Added Component: Designator=C17(CAP 1206_3216 - 0.8MM)
Add component (AddParameter): Name = "Applications"; Value = "Medical, Non-Critical"; VariantName = "[No Variations]"
Add component (AddParameter): Name = "Capacitance"; Value = "4.7uF"; VariantName = "[No Variations]"
Add component (AddParameter): Name = "componentlink1description"; Value = "Datasheet"; VariantName = "[No Variations]"
Add component (AddParameter): Name = "componentlink1url"; Value = "http://datasheets.avx.com/AVX-MM.pdf"; VariantName = "[No Variations]"
Add component (AddParameter): Name = "componentlink2description"; Value = "DigiKey Link"; VariantName = "[No Variations]"
Add component (AddParameter): Name = "componentlink2url"; Value = "http://digikey.com/product-detail/en/avx-corporation/MM061A101JCT2A/478-10622-1-ND/7344883"; VariantName = "[No Variations]"
Add component (AddParameter): Name = "Device Package"; Value = "1206 (3216 Metric)"; VariantName = "[No Variations]"
Add component (AddParameter): Name = "lastupdated"; Value = "2020-09-02 1:04:46 AM"; VariantName = "[No Variations]"
Add component (AddParameter): Name = "Lifecycle Status"; Value = "Active"; VariantName = "[No Variations]"
Add component (AddParameter): Name = "manufacturer"; Value = "AVX Corporation"; VariantName = "[No Variations]"
Add component (AddParameter): Name = "Minimum Order"; Value = "1"; VariantName = "[No Variations]"
Add component (AddParameter): Name = "Mounting Type"; Value = "Surface Mount, MLCC"; VariantName = "[No Variations]"
Add component (AddParameter): Name = "Operating Temperature"; Value = "-55°C ~ 125°C"; VariantName = "[No Variations]"
Add component (AddParameter): Name = "Package / Case"; Value = "1206 (3216 Metric)"; VariantName = "[No Variations]"
Add component (AddParameter): Name = "packaging"; Value = "TapeAndReel"; VariantName = "[No Variations]"
Add component (AddParameter): Name = "Part Number"; Value = "MM061A101JCT2A"; VariantName = "[No Variations]"
Add component (AddParameter): Name = "Part Status"; Value = "Active"; VariantName = "[No Variations]"
Add component (AddParameter): Name = "partid"; Value = "18685"; VariantName = "[No Variations]"
Add component (AddParameter): Name = "price"; Value = "0.52"; VariantName = "[No Variations]"
Add component (AddParameter): Name = "series"; Value = "MM"; VariantName = "[No Variations]"
Add component (AddParameter): Name = "Size / Dimension"; Value = "0.126" L x 0.063" W (3.20mm x 1.60mm)"; VariantName = "[No Variations]"
Add component (AddParameter): Name = "Supplier 1"; Value = "DigiKey"; VariantName = "[No Variations]"
Add component (AddParameter): Name = "Supplier Part Number 1"; Value = "478-10622-1-ND"; VariantName = "[No Variations]"
Add component (AddParameter): Name = "Temperature Coefficient"; Value = "C0G, NP0"; VariantName = "[No Variations]"
Add component (AddParameter): Name = "Thickness (Max)"; Value = "0.029" (0.74mm)"; VariantName = "[No Variations]"
Add component (AddParameter): Name = "Tolerance"; Value = "±5%"; VariantName = "[No Variations]"
Add component (AddParameter): Name = "Value"; Value = "4.7uF"; VariantName = "[No Variations]"
Add component (AddParameter): Name = "Voltage - Rated"; Value = "100V"; VariantName = "[No Variations]"
Added Component: Designator=C18(CAP 0603_1608)
Add component (AddParameter): Name = "Applications"; Value = "Bypass, Decoupling"; VariantName = "[No Variations]"
Add component (AddParameter): Name = "Capacitance"; Value = "100nF"; VariantName = "[No Variations]"
Add component (AddParameter): Name = "componentlink1description"; Value = "Datasheet"; VariantName = "[No Variations]"
Add component (AddParameter): Name = "componentlink1url"; Value = "https://www.johansondielectrics.com/downloads/x2y-filter-and-decoupling-capacitors.pdf"; VariantName = "[No Variations]"
Add component (AddParameter): Name = "componentlink2description"; Value = "DigiKey Link"; VariantName = "[No Variations]"
Add component (AddParameter): Name = "componentlink2url"; Value = "https://www.digikey.com/en/products/detail/johanson-dielectrics-inc/250X14W223MV4T/1628740"; VariantName = "[No Variations]"
Add component (AddParameter): Name = "Device Package"; Value = "0603 (1608 Metric)"; VariantName = "[No Variations]"
Add component (AddParameter): Name = "Features"; Value = "Low ESL (X2Y)"; VariantName = "[No Variations]"
Add component (AddParameter): Name = "lastupdated"; Value = "2022-05-16 11:25:57 AM"; VariantName = "[No Variations]"
Add component (AddParameter): Name = "Lifecycle Status"; Value = "Active"; VariantName = "[No Variations]"
Add component (AddParameter): Name = "manufacturer"; Value = "Johanson Dielectrics Inc."; VariantName = "[No Variations]"
Add component (AddParameter): Name = "Minimum Order"; Value = "1"; VariantName = "[No Variations]"
Add component (AddParameter): Name = "Mounting Type"; Value = "Surface Mount, MLCC"; VariantName = "[No Variations]"
Add component (AddParameter): Name = "Operating Temperature"; Value = "-55°C ~ 125°C"; VariantName = "[No Variations]"
Add component (AddParameter): Name = "Package / Case"; Value = "0603 (1608 Metric)"; VariantName = "[No Variations]"
Add component (AddParameter): Name = "packaging"; Value = "TapeAndReel"; VariantName = "[No Variations]"
Add component (AddParameter): Name = "Part Number"; Value = "250X14W223MV4T"; VariantName = "[No Variations]"
Add component (AddParameter): Name = "Part Status"; Value = "Active"; VariantName = "[No Variations]"
Add component (AddParameter): Name = "partid"; Value = "14325"; VariantName = "[No Variations]"
Add component (AddParameter): Name = "price"; Value = "0.07"; VariantName = "[No Variations]"
Add component (AddParameter): Name = "series"; Value = "X2Y®"; VariantName = "[No Variations]"
Add component (AddParameter): Name = "Size / Dimension"; Value = "0.064" L x 0.035" W (1.63mm x 0.89mm)"; VariantName = "[No Variations]"
Add component (AddParameter): Name = "Supplier 1"; Value = "DigiKey"; VariantName = "[No Variations]"
Add component (AddParameter): Name = "Supplier Part Number 1"; Value = "709-1087-1-ND"; VariantName = "[No Variations]"
Add component (AddParameter): Name = "Temperature Coefficient"; Value = "X7R"; VariantName = "[No Variations]"
Add component (AddParameter): Name = "Thickness (Max)"; Value = "0.026" (0.66mm)"; VariantName = "[No Variations]"
Add component (AddParameter): Name = "Tolerance"; Value = "±20%"; VariantName = "[No Variations]"
Add component (AddParameter): Name = "Value"; Value = "100nF"; VariantName = "[No Variations]"
Add component (AddParameter): Name = "Voltage - Rated"; Value = "25V"; VariantName = "[No Variations]"
Added Component: Designator=C19(CAP 0603_1608)
Add component (AddParameter): Name = "Applications"; Value = "Bypass, Decoupling"; VariantName = "[No Variations]"
Add component (AddParameter): Name = "Capacitance"; Value = "100nF"; VariantName = "[No Variations]"
Add component (AddParameter): Name = "componentlink1description"; Value = "Datasheet"; VariantName = "[No Variations]"
Add component (AddParameter): Name = "componentlink1url"; Value = "https://www.johansondielectrics.com/downloads/x2y-filter-and-decoupling-capacitors.pdf"; VariantName = "[No Variations]"
Add component (AddParameter): Name = "componentlink2description"; Value = "DigiKey Link"; VariantName = "[No Variations]"
Add component (AddParameter): Name = "componentlink2url"; Value = "https://www.digikey.com/en/products/detail/johanson-dielectrics-inc/250X14W223MV4T/1628740"; VariantName = "[No Variations]"
Add component (AddParameter): Name = "Device Package"; Value = "0603 (1608 Metric)"; VariantName = "[No Variations]"
Add component (AddParameter): Name = "Features"; Value = "Low ESL (X2Y)"; VariantName = "[No Variations]"
Add component (AddParameter): Name = "lastupdated"; Value = "2022-05-16 11:25:57 AM"; VariantName = "[No Variations]"
Add component (AddParameter): Name = "Lifecycle Status"; Value = "Active"; VariantName = "[No Variations]"
Add component (AddParameter): Name = "manufacturer"; Value = "Johanson Dielectrics Inc."; VariantName = "[No Variations]"
Add component (AddParameter): Name = "Minimum Order"; Value = "1"; VariantName = "[No Variations]"
Add component (AddParameter): Name = "Mounting Type"; Value = "Surface Mount, MLCC"; VariantName = "[No Variations]"
Add component (AddParameter): Name = "Operating Temperature"; Value = "-55°C ~ 125°C"; VariantName = "[No Variations]"
Add component (AddParameter): Name = "Package / Case"; Value = "0603 (1608 Metric)"; VariantName = "[No Variations]"
Add component (AddParameter): Name = "packaging"; Value = "TapeAndReel"; VariantName = "[No Variations]"
Add component (AddParameter): Name = "Part Number"; Value = "250X14W223MV4T"; VariantName = "[No Variations]"
Add component (AddParameter): Name = "Part Status"; Value = "Active"; VariantName = "[No Variations]"
Add component (AddParameter): Name = "partid"; Value = "14325"; VariantName = "[No Variations]"
Add component (AddParameter): Name = "price"; Value = "0.07"; VariantName = "[No Variations]"
Add component (AddParameter): Name = "series"; Value = "X2Y®"; VariantName = "[No Variations]"
Add component (AddParameter): Name = "Size / Dimension"; Value = "0.064" L x 0.035" W (1.63mm x 0.89mm)"; VariantName = "[No Variations]"
Add component (AddParameter): Name = "Supplier 1"; Value = "DigiKey"; VariantName = "[No Variations]"
Add component (AddParameter): Name = "Supplier Part Number 1"; Value = "709-1087-1-ND"; VariantName = "[No Variations]"
Add component (AddParameter): Name = "Temperature Coefficient"; Value = "X7R"; VariantName = "[No Variations]"
Add component (AddParameter): Name = "Thickness (Max)"; Value = "0.026" (0.66mm)"; VariantName = "[No Variations]"
Add component (AddParameter): Name = "Tolerance"; Value = "±20%"; VariantName = "[No Variations]"
Add component (AddParameter): Name = "Value"; Value = "100nF"; VariantName = "[No Variations]"
Add component (AddParameter): Name = "Voltage - Rated"; Value = "25V"; VariantName = "[No Variations]"
Added Component: Designator=C20(CAP 0603_1608)
Add component (AddParameter): Name = "Applications"; Value = "Bypass, Decoupling"; VariantName = "[No Variations]"
Add component (AddParameter): Name = "Capacitance"; Value = "1uF"; VariantName = "[No Variations]"
Add component (AddParameter): Name = "componentlink1description"; Value = "Datasheet"; VariantName = "[No Variations]"
Add component (AddParameter): Name = "componentlink1url"; Value = "https://www.johansondielectrics.com/downloads/x2y-filter-and-decoupling-capacitors.pdf"; VariantName = "[No Variations]"
Add component (AddParameter): Name = "componentlink2description"; Value = "DigiKey Link"; VariantName = "[No Variations]"
Add component (AddParameter): Name = "componentlink2url"; Value = "https://www.digikey.com/en/products/detail/johanson-dielectrics-inc/250X14W223MV4T/1628740"; VariantName = "[No Variations]"
Add component (AddParameter): Name = "Device Package"; Value = "0603 (1608 Metric)"; VariantName = "[No Variations]"
Add component (AddParameter): Name = "Features"; Value = "Low ESL (X2Y)"; VariantName = "[No Variations]"
Add component (AddParameter): Name = "lastupdated"; Value = "2022-05-16 11:25:57 AM"; VariantName = "[No Variations]"
Add component (AddParameter): Name = "Lifecycle Status"; Value = "Active"; VariantName = "[No Variations]"
Add component (AddParameter): Name = "manufacturer"; Value = "Johanson Dielectrics Inc."; VariantName = "[No Variations]"
Add component (AddParameter): Name = "Minimum Order"; Value = "1"; VariantName = "[No Variations]"
Add component (AddParameter): Name = "Mounting Type"; Value = "Surface Mount, MLCC"; VariantName = "[No Variations]"
Add component (AddParameter): Name = "Operating Temperature"; Value = "-55°C ~ 125°C"; VariantName = "[No Variations]"
Add component (AddParameter): Name = "Package / Case"; Value = "0603 (1608 Metric)"; VariantName = "[No Variations]"
Add component (AddParameter): Name = "packaging"; Value = "TapeAndReel"; VariantName = "[No Variations]"
Add component (AddParameter): Name = "Part Number"; Value = "250X14W223MV4T"; VariantName = "[No Variations]"
Add component (AddParameter): Name = "Part Status"; Value = "Active"; VariantName = "[No Variations]"
Add component (AddParameter): Name = "partid"; Value = "14325"; VariantName = "[No Variations]"
Add component (AddParameter): Name = "price"; Value = "0.07"; VariantName = "[No Variations]"
Add component (AddParameter): Name = "series"; Value = "X2Y®"; VariantName = "[No Variations]"
Add component (AddParameter): Name = "Size / Dimension"; Value = "0.064" L x 0.035" W (1.63mm x 0.89mm)"; VariantName = "[No Variations]"
Add component (AddParameter): Name = "Supplier 1"; Value = "DigiKey"; VariantName = "[No Variations]"
Add component (AddParameter): Name = "Supplier Part Number 1"; Value = "709-1087-1-ND"; VariantName = "[No Variations]"
Add component (AddParameter): Name = "Temperature Coefficient"; Value = "X7R"; VariantName = "[No Variations]"
Add component (AddParameter): Name = "Thickness (Max)"; Value = "0.026" (0.66mm)"; VariantName = "[No Variations]"
Add component (AddParameter): Name = "Tolerance"; Value = "±20%"; VariantName = "[No Variations]"
Add component (AddParameter): Name = "Value"; Value = "1uF"; VariantName = "[No Variations]"
Add component (AddParameter): Name = "Voltage - Rated"; Value = "25V"; VariantName = "[No Variations]"
Added Component: Designator=C21(CAP 1206_3216 - 0.8MM)
Add component (AddParameter): Name = "Applications"; Value = "Medical, Non-Critical"; VariantName = "[No Variations]"
Add component (AddParameter): Name = "Capacitance"; Value = "10uF"; VariantName = "[No Variations]"
Add component (AddParameter): Name = "componentlink1description"; Value = "Datasheet"; VariantName = "[No Variations]"
Add component (AddParameter): Name = "componentlink1url"; Value = "http://datasheets.avx.com/AVX-MM.pdf"; VariantName = "[No Variations]"
Add component (AddParameter): Name = "componentlink2description"; Value = "DigiKey Link"; VariantName = "[No Variations]"
Add component (AddParameter): Name = "componentlink2url"; Value = "http://digikey.com/product-detail/en/avx-corporation/MM061A101JCT2A/478-10622-1-ND/7344883"; VariantName = "[No Variations]"
Add component (AddParameter): Name = "Device Package"; Value = "1206 (3216 Metric)"; VariantName = "[No Variations]"
Add component (AddParameter): Name = "lastupdated"; Value = "2020-09-02 1:04:46 AM"; VariantName = "[No Variations]"
Add component (AddParameter): Name = "Lifecycle Status"; Value = "Active"; VariantName = "[No Variations]"
Add component (AddParameter): Name = "manufacturer"; Value = "AVX Corporation"; VariantName = "[No Variations]"
Add component (AddParameter): Name = "Minimum Order"; Value = "1"; VariantName = "[No Variations]"
Add component (AddParameter): Name = "Mounting Type"; Value = "Surface Mount, MLCC"; VariantName = "[No Variations]"
Add component (AddParameter): Name = "Operating Temperature"; Value = "-55°C ~ 125°C"; VariantName = "[No Variations]"
Add component (AddParameter): Name = "Package / Case"; Value = "1206 (3216 Metric)"; VariantName = "[No Variations]"
Add component (AddParameter): Name = "packaging"; Value = "TapeAndReel"; VariantName = "[No Variations]"
Add component (AddParameter): Name = "Part Number"; Value = "MM061A101JCT2A"; VariantName = "[No Variations]"
Add component (AddParameter): Name = "Part Status"; Value = "Active"; VariantName = "[No Variations]"
Add component (AddParameter): Name = "partid"; Value = "18685"; VariantName = "[No Variations]"
Add component (AddParameter): Name = "price"; Value = "0.52"; VariantName = "[No Variations]"
Add component (AddParameter): Name = "series"; Value = "MM"; VariantName = "[No Variations]"
Add component (AddParameter): Name = "Size / Dimension"; Value = "0.126" L x 0.063" W (3.20mm x 1.60mm)"; VariantName = "[No Variations]"
Add component (AddParameter): Name = "Supplier 1"; Value = "DigiKey"; VariantName = "[No Variations]"
Add component (AddParameter): Name = "Supplier Part Number 1"; Value = "478-10622-1-ND"; VariantName = "[No Variations]"
Add component (AddParameter): Name = "Temperature Coefficient"; Value = "C0G, NP0"; VariantName = "[No Variations]"
Add component (AddParameter): Name = "Thickness (Max)"; Value = "0.029" (0.74mm)"; VariantName = "[No Variations]"
Add component (AddParameter): Name = "Tolerance"; Value = "±5%"; VariantName = "[No Variations]"
Add component (AddParameter): Name = "Value"; Value = "10uF"; VariantName = "[No Variations]"
Add component (AddParameter): Name = "Voltage - Rated"; Value = "100V"; VariantName = "[No Variations]"
Added Component: Designator=C22(CAP 0603_1608)
Add component (AddParameter): Name = "Applications"; Value = "Bypass, Decoupling"; VariantName = "[No Variations]"
Add component (AddParameter): Name = "Capacitance"; Value = "100nF"; VariantName = "[No Variations]"
Add component (AddParameter): Name = "componentlink1description"; Value = "Datasheet"; VariantName = "[No Variations]"
Add component (AddParameter): Name = "componentlink1url"; Value = "https://www.johansondielectrics.com/downloads/x2y-filter-and-decoupling-capacitors.pdf"; VariantName = "[No Variations]"
Add component (AddParameter): Name = "componentlink2description"; Value = "DigiKey Link"; VariantName = "[No Variations]"
Add component (AddParameter): Name = "componentlink2url"; Value = "https://www.digikey.com/en/products/detail/johanson-dielectrics-inc/250X14W223MV4T/1628740"; VariantName = "[No Variations]"
Add component (AddParameter): Name = "Device Package"; Value = "0603 (1608 Metric)"; VariantName = "[No Variations]"
Add component (AddParameter): Name = "Features"; Value = "Low ESL (X2Y)"; VariantName = "[No Variations]"
Add component (AddParameter): Name = "lastupdated"; Value = "2022-05-16 11:25:57 AM"; VariantName = "[No Variations]"
Add component (AddParameter): Name = "Lifecycle Status"; Value = "Active"; VariantName = "[No Variations]"
Add component (AddParameter): Name = "manufacturer"; Value = "Johanson Dielectrics Inc."; VariantName = "[No Variations]"
Add component (AddParameter): Name = "Minimum Order"; Value = "1"; VariantName = "[No Variations]"
Add component (AddParameter): Name = "Mounting Type"; Value = "Surface Mount, MLCC"; VariantName = "[No Variations]"
Add component (AddParameter): Name = "Operating Temperature"; Value = "-55°C ~ 125°C"; VariantName = "[No Variations]"
Add component (AddParameter): Name = "Package / Case"; Value = "0603 (1608 Metric)"; VariantName = "[No Variations]"
Add component (AddParameter): Name = "packaging"; Value = "TapeAndReel"; VariantName = "[No Variations]"
Add component (AddParameter): Name = "Part Number"; Value = "250X14W223MV4T"; VariantName = "[No Variations]"
Add component (AddParameter): Name = "Part Status"; Value = "Active"; VariantName = "[No Variations]"
Add component (AddParameter): Name = "partid"; Value = "14325"; VariantName = "[No Variations]"
Add component (AddParameter): Name = "price"; Value = "0.07"; VariantName = "[No Variations]"
Add component (AddParameter): Name = "series"; Value = "X2Y®"; VariantName = "[No Variations]"
Add component (AddParameter): Name = "Size / Dimension"; Value = "0.064" L x 0.035" W (1.63mm x 0.89mm)"; VariantName = "[No Variations]"
Add component (AddParameter): Name = "Supplier 1"; Value = "DigiKey"; VariantName = "[No Variations]"
Add component (AddParameter): Name = "Supplier Part Number 1"; Value = "709-1087-1-ND"; VariantName = "[No Variations]"
Add component (AddParameter): Name = "Temperature Coefficient"; Value = "X7R"; VariantName = "[No Variations]"
Add component (AddParameter): Name = "Thickness (Max)"; Value = "0.026" (0.66mm)"; VariantName = "[No Variations]"
Add component (AddParameter): Name = "Tolerance"; Value = "±20%"; VariantName = "[No Variations]"
Add component (AddParameter): Name = "Value"; Value = "100nF"; VariantName = "[No Variations]"
Add component (AddParameter): Name = "Voltage - Rated"; Value = "25V"; VariantName = "[No Variations]"
Added Component: Designator=C23(CAP 1206_3216 - 0.8MM)
Add component (AddParameter): Name = "Applications"; Value = "Medical, Non-Critical"; VariantName = "[No Variations]"
Add component (AddParameter): Name = "Capacitance"; Value = "10uF"; VariantName = "[No Variations]"
Add component (AddParameter): Name = "componentlink1description"; Value = "Datasheet"; VariantName = "[No Variations]"
Add component (AddParameter): Name = "componentlink1url"; Value = "http://datasheets.avx.com/AVX-MM.pdf"; VariantName = "[No Variations]"
Add component (AddParameter): Name = "componentlink2description"; Value = "DigiKey Link"; VariantName = "[No Variations]"
Add component (AddParameter): Name = "componentlink2url"; Value = "http://digikey.com/product-detail/en/avx-corporation/MM061A101JCT2A/478-10622-1-ND/7344883"; VariantName = "[No Variations]"
Add component (AddParameter): Name = "Device Package"; Value = "1206 (3216 Metric)"; VariantName = "[No Variations]"
Add component (AddParameter): Name = "lastupdated"; Value = "2020-09-02 1:04:46 AM"; VariantName = "[No Variations]"
Add component (AddParameter): Name = "Lifecycle Status"; Value = "Active"; VariantName = "[No Variations]"
Add component (AddParameter): Name = "manufacturer"; Value = "AVX Corporation"; VariantName = "[No Variations]"
Add component (AddParameter): Name = "Minimum Order"; Value = "1"; VariantName = "[No Variations]"
Add component (AddParameter): Name = "Mounting Type"; Value = "Surface Mount, MLCC"; VariantName = "[No Variations]"
Add component (AddParameter): Name = "Operating Temperature"; Value = "-55°C ~ 125°C"; VariantName = "[No Variations]"
Add component (AddParameter): Name = "Package / Case"; Value = "1206 (3216 Metric)"; VariantName = "[No Variations]"
Add component (AddParameter): Name = "packaging"; Value = "TapeAndReel"; VariantName = "[No Variations]"
Add component (AddParameter): Name = "Part Number"; Value = "MM061A101JCT2A"; VariantName = "[No Variations]"
Add component (AddParameter): Name = "Part Status"; Value = "Active"; VariantName = "[No Variations]"
Add component (AddParameter): Name = "partid"; Value = "18685"; VariantName = "[No Variations]"
Add component (AddParameter): Name = "price"; Value = "0.52"; VariantName = "[No Variations]"
Add component (AddParameter): Name = "series"; Value = "MM"; VariantName = "[No Variations]"
Add component (AddParameter): Name = "Size / Dimension"; Value = "0.126" L x 0.063" W (3.20mm x 1.60mm)"; VariantName = "[No Variations]"
Add component (AddParameter): Name = "Supplier 1"; Value = "DigiKey"; VariantName = "[No Variations]"
Add component (AddParameter): Name = "Supplier Part Number 1"; Value = "478-10622-1-ND"; VariantName = "[No Variations]"
Add component (AddParameter): Name = "Temperature Coefficient"; Value = "C0G, NP0"; VariantName = "[No Variations]"
Add component (AddParameter): Name = "Thickness (Max)"; Value = "0.029" (0.74mm)"; VariantName = "[No Variations]"
Add component (AddParameter): Name = "Tolerance"; Value = "±5%"; VariantName = "[No Variations]"
Add component (AddParameter): Name = "Value"; Value = "10uF"; VariantName = "[No Variations]"
Add component (AddParameter): Name = "Voltage - Rated"; Value = "100V"; VariantName = "[No Variations]"
Added Component: Designator=C24(CAP 0603_1608)
Add component (AddParameter): Name = "Applications"; Value = "Bypass, Decoupling"; VariantName = "[No Variations]"
Add component (AddParameter): Name = "Capacitance"; Value = "100nF"; VariantName = "[No Variations]"
Add component (AddParameter): Name = "componentlink1description"; Value = "Datasheet"; VariantName = "[No Variations]"
Add component (AddParameter): Name = "componentlink1url"; Value = "https://www.johansondielectrics.com/downloads/x2y-filter-and-decoupling-capacitors.pdf"; VariantName = "[No Variations]"
Add component (AddParameter): Name = "componentlink2description"; Value = "DigiKey Link"; VariantName = "[No Variations]"
Add component (AddParameter): Name = "componentlink2url"; Value = "https://www.digikey.com/en/products/detail/johanson-dielectrics-inc/250X14W223MV4T/1628740"; VariantName = "[No Variations]"
Add component (AddParameter): Name = "Device Package"; Value = "0603 (1608 Metric)"; VariantName = "[No Variations]"
Add component (AddParameter): Name = "Features"; Value = "Low ESL (X2Y)"; VariantName = "[No Variations]"
Add component (AddParameter): Name = "lastupdated"; Value = "2022-05-16 11:25:57 AM"; VariantName = "[No Variations]"
Add component (AddParameter): Name = "Lifecycle Status"; Value = "Active"; VariantName = "[No Variations]"
Add component (AddParameter): Name = "manufacturer"; Value = "Johanson Dielectrics Inc."; VariantName = "[No Variations]"
Add component (AddParameter): Name = "Minimum Order"; Value = "1"; VariantName = "[No Variations]"
Add component (AddParameter): Name = "Mounting Type"; Value = "Surface Mount, MLCC"; VariantName = "[No Variations]"
Add component (AddParameter): Name = "Operating Temperature"; Value = "-55°C ~ 125°C"; VariantName = "[No Variations]"
Add component (AddParameter): Name = "Package / Case"; Value = "0603 (1608 Metric)"; VariantName = "[No Variations]"
Add component (AddParameter): Name = "packaging"; Value = "TapeAndReel"; VariantName = "[No Variations]"
Add component (AddParameter): Name = "Part Number"; Value = "250X14W223MV4T"; VariantName = "[No Variations]"
Add component (AddParameter): Name = "Part Status"; Value = "Active"; VariantName = "[No Variations]"
Add component (AddParameter): Name = "partid"; Value = "14325"; VariantName = "[No Variations]"
Add component (AddParameter): Name = "price"; Value = "0.07"; VariantName = "[No Variations]"
Add component (AddParameter): Name = "series"; Value = "X2Y®"; VariantName = "[No Variations]"
Add component (AddParameter): Name = "Size / Dimension"; Value = "0.064" L x 0.035" W (1.63mm x 0.89mm)"; VariantName = "[No Variations]"
Add component (AddParameter): Name = "Supplier 1"; Value = "DigiKey"; VariantName = "[No Variations]"
Add component (AddParameter): Name = "Supplier Part Number 1"; Value = "709-1087-1-ND"; VariantName = "[No Variations]"
Add component (AddParameter): Name = "Temperature Coefficient"; Value = "X7R"; VariantName = "[No Variations]"
Add component (AddParameter): Name = "Thickness (Max)"; Value = "0.026" (0.66mm)"; VariantName = "[No Variations]"
Add component (AddParameter): Name = "Tolerance"; Value = "±20%"; VariantName = "[No Variations]"
Add component (AddParameter): Name = "Value"; Value = "100nF"; VariantName = "[No Variations]"
Add component (AddParameter): Name = "Voltage - Rated"; Value = "25V"; VariantName = "[No Variations]"
Added Component: Designator=C25(CAP 0603_1608)
Add component (AddParameter): Name = "Applications"; Value = "Bypass, Decoupling"; VariantName = "[No Variations]"
Add component (AddParameter): Name = "Capacitance"; Value = "100nF"; VariantName = "[No Variations]"
Add component (AddParameter): Name = "componentlink1description"; Value = "Datasheet"; VariantName = "[No Variations]"
Add component (AddParameter): Name = "componentlink1url"; Value = "https://www.johansondielectrics.com/downloads/x2y-filter-and-decoupling-capacitors.pdf"; VariantName = "[No Variations]"
Add component (AddParameter): Name = "componentlink2description"; Value = "DigiKey Link"; VariantName = "[No Variations]"
Add component (AddParameter): Name = "componentlink2url"; Value = "https://www.digikey.com/en/products/detail/johanson-dielectrics-inc/250X14W223MV4T/1628740"; VariantName = "[No Variations]"
Add component (AddParameter): Name = "Device Package"; Value = "0603 (1608 Metric)"; VariantName = "[No Variations]"
Add component (AddParameter): Name = "Features"; Value = "Low ESL (X2Y)"; VariantName = "[No Variations]"
Add component (AddParameter): Name = "lastupdated"; Value = "2022-05-16 11:25:57 AM"; VariantName = "[No Variations]"
Add component (AddParameter): Name = "Lifecycle Status"; Value = "Active"; VariantName = "[No Variations]"
Add component (AddParameter): Name = "manufacturer"; Value = "Johanson Dielectrics Inc."; VariantName = "[No Variations]"
Add component (AddParameter): Name = "Minimum Order"; Value = "1"; VariantName = "[No Variations]"
Add component (AddParameter): Name = "Mounting Type"; Value = "Surface Mount, MLCC"; VariantName = "[No Variations]"
Add component (AddParameter): Name = "Operating Temperature"; Value = "-55°C ~ 125°C"; VariantName = "[No Variations]"
Add component (AddParameter): Name = "Package / Case"; Value = "0603 (1608 Metric)"; VariantName = "[No Variations]"
Add component (AddParameter): Name = "packaging"; Value = "TapeAndReel"; VariantName = "[No Variations]"
Add component (AddParameter): Name = "Part Number"; Value = "250X14W223MV4T"; VariantName = "[No Variations]"
Add component (AddParameter): Name = "Part Status"; Value = "Active"; VariantName = "[No Variations]"
Add component (AddParameter): Name = "partid"; Value = "14325"; VariantName = "[No Variations]"
Add component (AddParameter): Name = "price"; Value = "0.07"; VariantName = "[No Variations]"
Add component (AddParameter): Name = "series"; Value = "X2Y®"; VariantName = "[No Variations]"
Add component (AddParameter): Name = "Size / Dimension"; Value = "0.064" L x 0.035" W (1.63mm x 0.89mm)"; VariantName = "[No Variations]"
Add component (AddParameter): Name = "Supplier 1"; Value = "DigiKey"; VariantName = "[No Variations]"
Add component (AddParameter): Name = "Supplier Part Number 1"; Value = "709-1087-1-ND"; VariantName = "[No Variations]"
Add component (AddParameter): Name = "Temperature Coefficient"; Value = "X7R"; VariantName = "[No Variations]"
Add component (AddParameter): Name = "Thickness (Max)"; Value = "0.026" (0.66mm)"; VariantName = "[No Variations]"
Add component (AddParameter): Name = "Tolerance"; Value = "±20%"; VariantName = "[No Variations]"
Add component (AddParameter): Name = "Value"; Value = "100nF"; VariantName = "[No Variations]"
Add component (AddParameter): Name = "Voltage - Rated"; Value = "25V"; VariantName = "[No Variations]"
Added Component: Designator=C26(CAP 0603_1608)
Add component (AddParameter): Name = "Applications"; Value = "Bypass, Decoupling"; VariantName = "[No Variations]"
Add component (AddParameter): Name = "Capacitance"; Value = "100nF"; VariantName = "[No Variations]"
Add component (AddParameter): Name = "componentlink1description"; Value = "Datasheet"; VariantName = "[No Variations]"
Add component (AddParameter): Name = "componentlink1url"; Value = "https://www.johansondielectrics.com/downloads/x2y-filter-and-decoupling-capacitors.pdf"; VariantName = "[No Variations]"
Add component (AddParameter): Name = "componentlink2description"; Value = "DigiKey Link"; VariantName = "[No Variations]"
Add component (AddParameter): Name = "componentlink2url"; Value = "https://www.digikey.com/en/products/detail/johanson-dielectrics-inc/250X14W223MV4T/1628740"; VariantName = "[No Variations]"
Add component (AddParameter): Name = "Device Package"; Value = "0603 (1608 Metric)"; VariantName = "[No Variations]"
Add component (AddParameter): Name = "Features"; Value = "Low ESL (X2Y)"; VariantName = "[No Variations]"
Add component (AddParameter): Name = "lastupdated"; Value = "2022-05-16 11:25:57 AM"; VariantName = "[No Variations]"
Add component (AddParameter): Name = "Lifecycle Status"; Value = "Active"; VariantName = "[No Variations]"
Add component (AddParameter): Name = "manufacturer"; Value = "Johanson Dielectrics Inc."; VariantName = "[No Variations]"
Add component (AddParameter): Name = "Minimum Order"; Value = "1"; VariantName = "[No Variations]"
Add component (AddParameter): Name = "Mounting Type"; Value = "Surface Mount, MLCC"; VariantName = "[No Variations]"
Add component (AddParameter): Name = "Operating Temperature"; Value = "-55°C ~ 125°C"; VariantName = "[No Variations]"
Add component (AddParameter): Name = "Package / Case"; Value = "0603 (1608 Metric)"; VariantName = "[No Variations]"
Add component (AddParameter): Name = "packaging"; Value = "TapeAndReel"; VariantName = "[No Variations]"
Add component (AddParameter): Name = "Part Number"; Value = "250X14W223MV4T"; VariantName = "[No Variations]"
Add component (AddParameter): Name = "Part Status"; Value = "Active"; VariantName = "[No Variations]"
Add component (AddParameter): Name = "partid"; Value = "14325"; VariantName = "[No Variations]"
Add component (AddParameter): Name = "price"; Value = "0.07"; VariantName = "[No Variations]"
Add component (AddParameter): Name = "series"; Value = "X2Y®"; VariantName = "[No Variations]"
Add component (AddParameter): Name = "Size / Dimension"; Value = "0.064" L x 0.035" W (1.63mm x 0.89mm)"; VariantName = "[No Variations]"
Add component (AddParameter): Name = "Supplier 1"; Value = "DigiKey"; VariantName = "[No Variations]"
Add component (AddParameter): Name = "Supplier Part Number 1"; Value = "709-1087-1-ND"; VariantName = "[No Variations]"
Add component (AddParameter): Name = "Temperature Coefficient"; Value = "X7R"; VariantName = "[No Variations]"
Add component (AddParameter): Name = "Thickness (Max)"; Value = "0.026" (0.66mm)"; VariantName = "[No Variations]"
Add component (AddParameter): Name = "Tolerance"; Value = "±20%"; VariantName = "[No Variations]"
Add component (AddParameter): Name = "Value"; Value = "100nF"; VariantName = "[No Variations]"
Add component (AddParameter): Name = "Voltage - Rated"; Value = "25V"; VariantName = "[No Variations]"
Added Component: Designator=C27(CAP 0603_1608)
Add component (AddParameter): Name = "Applications"; Value = "Bypass, Decoupling"; VariantName = "[No Variations]"
Add component (AddParameter): Name = "Capacitance"; Value = "100nF"; VariantName = "[No Variations]"
Add component (AddParameter): Name = "componentlink1description"; Value = "Datasheet"; VariantName = "[No Variations]"
Add component (AddParameter): Name = "componentlink1url"; Value = "https://www.johansondielectrics.com/downloads/x2y-filter-and-decoupling-capacitors.pdf"; VariantName = "[No Variations]"
Add component (AddParameter): Name = "componentlink2description"; Value = "DigiKey Link"; VariantName = "[No Variations]"
Add component (AddParameter): Name = "componentlink2url"; Value = "https://www.digikey.com/en/products/detail/johanson-dielectrics-inc/250X14W223MV4T/1628740"; VariantName = "[No Variations]"
Add component (AddParameter): Name = "Device Package"; Value = "0603 (1608 Metric)"; VariantName = "[No Variations]"
Add component (AddParameter): Name = "Features"; Value = "Low ESL (X2Y)"; VariantName = "[No Variations]"
Add component (AddParameter): Name = "lastupdated"; Value = "2022-05-16 11:25:57 AM"; VariantName = "[No Variations]"
Add component (AddParameter): Name = "Lifecycle Status"; Value = "Active"; VariantName = "[No Variations]"
Add component (AddParameter): Name = "manufacturer"; Value = "Johanson Dielectrics Inc."; VariantName = "[No Variations]"
Add component (AddParameter): Name = "Minimum Order"; Value = "1"; VariantName = "[No Variations]"
Add component (AddParameter): Name = "Mounting Type"; Value = "Surface Mount, MLCC"; VariantName = "[No Variations]"
Add component (AddParameter): Name = "Operating Temperature"; Value = "-55°C ~ 125°C"; VariantName = "[No Variations]"
Add component (AddParameter): Name = "Package / Case"; Value = "0603 (1608 Metric)"; VariantName = "[No Variations]"
Add component (AddParameter): Name = "packaging"; Value = "TapeAndReel"; VariantName = "[No Variations]"
Add component (AddParameter): Name = "Part Number"; Value = "250X14W223MV4T"; VariantName = "[No Variations]"
Add component (AddParameter): Name = "Part Status"; Value = "Active"; VariantName = "[No Variations]"
Add component (AddParameter): Name = "partid"; Value = "14325"; VariantName = "[No Variations]"
Add component (AddParameter): Name = "price"; Value = "0.07"; VariantName = "[No Variations]"
Add component (AddParameter): Name = "series"; Value = "X2Y®"; VariantName = "[No Variations]"
Add component (AddParameter): Name = "Size / Dimension"; Value = "0.064" L x 0.035" W (1.63mm x 0.89mm)"; VariantName = "[No Variations]"
Add component (AddParameter): Name = "Supplier 1"; Value = "DigiKey"; VariantName = "[No Variations]"
Add component (AddParameter): Name = "Supplier Part Number 1"; Value = "709-1087-1-ND"; VariantName = "[No Variations]"
Add component (AddParameter): Name = "Temperature Coefficient"; Value = "X7R"; VariantName = "[No Variations]"
Add component (AddParameter): Name = "Thickness (Max)"; Value = "0.026" (0.66mm)"; VariantName = "[No Variations]"
Add component (AddParameter): Name = "Tolerance"; Value = "±20%"; VariantName = "[No Variations]"
Add component (AddParameter): Name = "Value"; Value = "100nF"; VariantName = "[No Variations]"
Add component (AddParameter): Name = "Voltage - Rated"; Value = "25V"; VariantName = "[No Variations]"
Added Component: Designator=C28(CAP 0603_1608)
Add component (AddParameter): Name = "Applications"; Value = "Bypass, Decoupling"; VariantName = "[No Variations]"
Add component (AddParameter): Name = "Capacitance"; Value = "100nF"; VariantName = "[No Variations]"
Add component (AddParameter): Name = "componentlink1description"; Value = "Datasheet"; VariantName = "[No Variations]"
Add component (AddParameter): Name = "componentlink1url"; Value = "https://www.johansondielectrics.com/downloads/x2y-filter-and-decoupling-capacitors.pdf"; VariantName = "[No Variations]"
Add component (AddParameter): Name = "componentlink2description"; Value = "DigiKey Link"; VariantName = "[No Variations]"
Add component (AddParameter): Name = "componentlink2url"; Value = "https://www.digikey.com/en/products/detail/johanson-dielectrics-inc/250X14W223MV4T/1628740"; VariantName = "[No Variations]"
Add component (AddParameter): Name = "Device Package"; Value = "0603 (1608 Metric)"; VariantName = "[No Variations]"
Add component (AddParameter): Name = "Features"; Value = "Low ESL (X2Y)"; VariantName = "[No Variations]"
Add component (AddParameter): Name = "lastupdated"; Value = "2022-05-16 11:25:57 AM"; VariantName = "[No Variations]"
Add component (AddParameter): Name = "Lifecycle Status"; Value = "Active"; VariantName = "[No Variations]"
Add component (AddParameter): Name = "manufacturer"; Value = "Johanson Dielectrics Inc."; VariantName = "[No Variations]"
Add component (AddParameter): Name = "Minimum Order"; Value = "1"; VariantName = "[No Variations]"
Add component (AddParameter): Name = "Mounting Type"; Value = "Surface Mount, MLCC"; VariantName = "[No Variations]"
Add component (AddParameter): Name = "Operating Temperature"; Value = "-55°C ~ 125°C"; VariantName = "[No Variations]"
Add component (AddParameter): Name = "Package / Case"; Value = "0603 (1608 Metric)"; VariantName = "[No Variations]"
Add component (AddParameter): Name = "packaging"; Value = "TapeAndReel"; VariantName = "[No Variations]"
Add component (AddParameter): Name = "Part Number"; Value = "250X14W223MV4T"; VariantName = "[No Variations]"
Add component (AddParameter): Name = "Part Status"; Value = "Active"; VariantName = "[No Variations]"
Add component (AddParameter): Name = "partid"; Value = "14325"; VariantName = "[No Variations]"
Add component (AddParameter): Name = "price"; Value = "0.07"; VariantName = "[No Variations]"
Add component (AddParameter): Name = "series"; Value = "X2Y®"; VariantName = "[No Variations]"
Add component (AddParameter): Name = "Size / Dimension"; Value = "0.064" L x 0.035" W (1.63mm x 0.89mm)"; VariantName = "[No Variations]"
Add component (AddParameter): Name = "Supplier 1"; Value = "DigiKey"; VariantName = "[No Variations]"
Add component (AddParameter): Name = "Supplier Part Number 1"; Value = "709-1087-1-ND"; VariantName = "[No Variations]"
Add component (AddParameter): Name = "Temperature Coefficient"; Value = "X7R"; VariantName = "[No Variations]"
Add component (AddParameter): Name = "Thickness (Max)"; Value = "0.026" (0.66mm)"; VariantName = "[No Variations]"
Add component (AddParameter): Name = "Tolerance"; Value = "±20%"; VariantName = "[No Variations]"
Add component (AddParameter): Name = "Value"; Value = "100nF"; VariantName = "[No Variations]"
Add component (AddParameter): Name = "Voltage - Rated"; Value = "25V"; VariantName = "[No Variations]"
Added Component: Designator=C29(FP-SGV8X10_5-MFG)
Add component (AddParameter): Name = "Capacitance"; Value = "100uF"; VariantName = "[No Variations]"
Add component (AddParameter): Name = "Case/Package"; Value = "Radial"; VariantName = "[No Variations]"
Add component (AddParameter): Name = "Construction"; Value = "Cylindrical"; VariantName = "[No Variations]"
Add component (AddParameter): Name = "Diameter"; Value = "8mm"; VariantName = "[No Variations]"
Add component (AddParameter): Name = "Height"; Value = "10.5mm"; VariantName = "[No Variations]"
Add component (AddParameter): Name = "Height - Seated (Max)"; Value = "0.413inch"; VariantName = "[No Variations]"
Add component (AddParameter): Name = "Lead Diameter"; Value = "1.1mm"; VariantName = "[No Variations]"
Add component (AddParameter): Name = "Lead Free"; Value = "Lead Free"; VariantName = "[No Variations]"
Add component (AddParameter): Name = "Lead Pitch"; Value = "3.1mm"; VariantName = "[No Variations]"
Add component (AddParameter): Name = "Leakage Current"; Value = "3uA"; VariantName = "[No Variations]"
Add component (AddParameter): Name = "Life (Hours)"; Value = "2000Hour"; VariantName = "[No Variations]"
Add component (AddParameter): Name = "Max Operating Temperature"; Value = "105°C"; VariantName = "[No Variations]"
Add component (AddParameter): Name = "Min Operating Temperature"; Value = "-55°C"; VariantName = "[No Variations]"
Add component (AddParameter): Name = "Mount"; Value = "Surface Mount"; VariantName = "[No Variations]"
Add component (AddParameter): Name = "Package Quantity"; Value = "500"; VariantName = "[No Variations]"
Add component (AddParameter): Name = "Packaging"; Value = "Tape and Reel"; VariantName = "[No Variations]"
Add component (AddParameter): Name = "Radiation Hardening"; Value = "No"; VariantName = "[No Variations]"
Add component (AddParameter): Name = "Ripple Current"; Value = "230mA"; VariantName = "[No Variations]"
Add component (AddParameter): Name = "RoHS Compliant"; Value = "Yes"; VariantName = "[No Variations]"
Add component (AddParameter): Name = "Series"; Value = "SGV"; VariantName = "[No Variations]"
Add component (AddParameter): Name = "Termination"; Value = "SMD/SMT"; VariantName = "[No Variations]"
Add component (AddParameter): Name = "Tolerance"; Value = "20%"; VariantName = "[No Variations]"
Add component (AddParameter): Name = "Voltage"; Value = "50V"; VariantName = "[No Variations]"
Add component (AddParameter): Name = "Voltage Rating"; Value = "50V"; VariantName = "[No Variations]"
Added Component: Designator=C30(CAP 0603_1608)
Add component (AddParameter): Name = "Applications"; Value = "Bypass, Decoupling"; VariantName = "[No Variations]"
Add component (AddParameter): Name = "Capacitance"; Value = "22nF"; VariantName = "[No Variations]"
Add component (AddParameter): Name = "componentlink1description"; Value = "Datasheet"; VariantName = "[No Variations]"
Add component (AddParameter): Name = "componentlink1url"; Value = "https://www.johansondielectrics.com/downloads/x2y-filter-and-decoupling-capacitors.pdf"; VariantName = "[No Variations]"
Add component (AddParameter): Name = "componentlink2description"; Value = "DigiKey Link"; VariantName = "[No Variations]"
Add component (AddParameter): Name = "componentlink2url"; Value = "https://www.digikey.com/en/products/detail/johanson-dielectrics-inc/250X14W223MV4T/1628740"; VariantName = "[No Variations]"
Add component (AddParameter): Name = "Device Package"; Value = "0603 (1608 Metric)"; VariantName = "[No Variations]"
Add component (AddParameter): Name = "Features"; Value = "Low ESL (X2Y)"; VariantName = "[No Variations]"
Add component (AddParameter): Name = "lastupdated"; Value = "2022-05-20 2:39:33 PM"; VariantName = "[No Variations]"
Add component (AddParameter): Name = "Lifecycle Status"; Value = "Active"; VariantName = "[No Variations]"
Add component (AddParameter): Name = "manufacturer"; Value = "Johanson Dielectrics Inc."; VariantName = "[No Variations]"
Add component (AddParameter): Name = "Minimum Order"; Value = "1"; VariantName = "[No Variations]"
Add component (AddParameter): Name = "Mounting Type"; Value = "Surface Mount, MLCC"; VariantName = "[No Variations]"
Add component (AddParameter): Name = "Operating Temperature"; Value = "-55°C ~ 125°C"; VariantName = "[No Variations]"
Add component (AddParameter): Name = "Package / Case"; Value = "0603 (1608 Metric)"; VariantName = "[No Variations]"
Add component (AddParameter): Name = "packaging"; Value = "TapeAndReel"; VariantName = "[No Variations]"
Add component (AddParameter): Name = "Part Number"; Value = "250X14W223MV4T"; VariantName = "[No Variations]"
Add component (AddParameter): Name = "Part Status"; Value = "Active"; VariantName = "[No Variations]"
Add component (AddParameter): Name = "partid"; Value = "14325"; VariantName = "[No Variations]"
Add component (AddParameter): Name = "price"; Value = "0.07"; VariantName = "[No Variations]"
Add component (AddParameter): Name = "series"; Value = "X2Y®"; VariantName = "[No Variations]"
Add component (AddParameter): Name = "Size / Dimension"; Value = "0.064" L x 0.035" W (1.63mm x 0.89mm)"; VariantName = "[No Variations]"
Add component (AddParameter): Name = "Supplier 1"; Value = "DigiKey"; VariantName = "[No Variations]"
Add component (AddParameter): Name = "Supplier Part Number 1"; Value = "709-1087-1-ND"; VariantName = "[No Variations]"
Add component (AddParameter): Name = "Temperature Coefficient"; Value = "X7R"; VariantName = "[No Variations]"
Add component (AddParameter): Name = "Thickness (Max)"; Value = "0.026" (0.66mm)"; VariantName = "[No Variations]"
Add component (AddParameter): Name = "Tolerance"; Value = "±20%"; VariantName = "[No Variations]"
Add component (AddParameter): Name = "Value"; Value = "22nF"; VariantName = "[No Variations]"
Add component (AddParameter): Name = "Voltage - Rated"; Value = "25V"; VariantName = "[No Variations]"
Added Component: Designator=C31(CAP 0603_1608)
Add component (AddParameter): Name = "Applications"; Value = "Bypass, Decoupling"; VariantName = "[No Variations]"
Add component (AddParameter): Name = "Capacitance"; Value = "2.2uF"; VariantName = "[No Variations]"
Add component (AddParameter): Name = "componentlink1description"; Value = "Datasheet"; VariantName = "[No Variations]"
Add component (AddParameter): Name = "componentlink1url"; Value = "https://www.johansondielectrics.com/downloads/x2y-filter-and-decoupling-capacitors.pdf"; VariantName = "[No Variations]"
Add component (AddParameter): Name = "componentlink2description"; Value = "DigiKey Link"; VariantName = "[No Variations]"
Add component (AddParameter): Name = "componentlink2url"; Value = "https://www.digikey.com/en/products/detail/johanson-dielectrics-inc/250X14W223MV4T/1628740"; VariantName = "[No Variations]"
Add component (AddParameter): Name = "Device Package"; Value = "0603 (1608 Metric)"; VariantName = "[No Variations]"
Add component (AddParameter): Name = "Features"; Value = "Low ESL (X2Y)"; VariantName = "[No Variations]"
Add component (AddParameter): Name = "lastupdated"; Value = "2022-05-20 2:39:33 PM"; VariantName = "[No Variations]"
Add component (AddParameter): Name = "Lifecycle Status"; Value = "Active"; VariantName = "[No Variations]"
Add component (AddParameter): Name = "manufacturer"; Value = "Johanson Dielectrics Inc."; VariantName = "[No Variations]"
Add component (AddParameter): Name = "Minimum Order"; Value = "1"; VariantName = "[No Variations]"
Add component (AddParameter): Name = "Mounting Type"; Value = "Surface Mount, MLCC"; VariantName = "[No Variations]"
Add component (AddParameter): Name = "Operating Temperature"; Value = "-55°C ~ 125°C"; VariantName = "[No Variations]"
Add component (AddParameter): Name = "Package / Case"; Value = "0603 (1608 Metric)"; VariantName = "[No Variations]"
Add component (AddParameter): Name = "packaging"; Value = "TapeAndReel"; VariantName = "[No Variations]"
Add component (AddParameter): Name = "Part Number"; Value = "250X14W223MV4T"; VariantName = "[No Variations]"
Add component (AddParameter): Name = "Part Status"; Value = "Active"; VariantName = "[No Variations]"
Add component (AddParameter): Name = "partid"; Value = "14325"; VariantName = "[No Variations]"
Add component (AddParameter): Name = "price"; Value = "0.07"; VariantName = "[No Variations]"
Add component (AddParameter): Name = "series"; Value = "X2Y®"; VariantName = "[No Variations]"
Add component (AddParameter): Name = "Size / Dimension"; Value = "0.064" L x 0.035" W (1.63mm x 0.89mm)"; VariantName = "[No Variations]"
Add component (AddParameter): Name = "Supplier 1"; Value = "DigiKey"; VariantName = "[No Variations]"
Add component (AddParameter): Name = "Supplier Part Number 1"; Value = "709-1087-1-ND"; VariantName = "[No Variations]"
Add component (AddParameter): Name = "Temperature Coefficient"; Value = "X7R"; VariantName = "[No Variations]"
Add component (AddParameter): Name = "Thickness (Max)"; Value = "0.026" (0.66mm)"; VariantName = "[No Variations]"
Add component (AddParameter): Name = "Tolerance"; Value = "±20%"; VariantName = "[No Variations]"
Add component (AddParameter): Name = "Value"; Value = "2.2uF"; VariantName = "[No Variations]"
Add component (AddParameter): Name = "Voltage - Rated"; Value = "25V"; VariantName = "[No Variations]"
Added Component: Designator=C32(CAP 0603_1608)
Add component (AddParameter): Name = "Applications"; Value = "Bypass, Decoupling"; VariantName = "[No Variations]"
Add component (AddParameter): Name = "Capacitance"; Value = "100nF"; VariantName = "[No Variations]"
Add component (AddParameter): Name = "componentlink1description"; Value = "Datasheet"; VariantName = "[No Variations]"
Add component (AddParameter): Name = "componentlink1url"; Value = "https://www.johansondielectrics.com/downloads/x2y-filter-and-decoupling-capacitors.pdf"; VariantName = "[No Variations]"
Add component (AddParameter): Name = "componentlink2description"; Value = "DigiKey Link"; VariantName = "[No Variations]"
Add component (AddParameter): Name = "componentlink2url"; Value = "https://www.digikey.com/en/products/detail/johanson-dielectrics-inc/250X14W223MV4T/1628740"; VariantName = "[No Variations]"
Add component (AddParameter): Name = "Device Package"; Value = "0603 (1608 Metric)"; VariantName = "[No Variations]"
Add component (AddParameter): Name = "Features"; Value = "Low ESL (X2Y)"; VariantName = "[No Variations]"
Add component (AddParameter): Name = "lastupdated"; Value = "2022-05-16 11:25:57 AM"; VariantName = "[No Variations]"
Add component (AddParameter): Name = "Lifecycle Status"; Value = "Active"; VariantName = "[No Variations]"
Add component (AddParameter): Name = "manufacturer"; Value = "Johanson Dielectrics Inc."; VariantName = "[No Variations]"
Add component (AddParameter): Name = "Minimum Order"; Value = "1"; VariantName = "[No Variations]"
Add component (AddParameter): Name = "Mounting Type"; Value = "Surface Mount, MLCC"; VariantName = "[No Variations]"
Add component (AddParameter): Name = "Operating Temperature"; Value = "-55°C ~ 125°C"; VariantName = "[No Variations]"
Add component (AddParameter): Name = "Package / Case"; Value = "0603 (1608 Metric)"; VariantName = "[No Variations]"
Add component (AddParameter): Name = "packaging"; Value = "TapeAndReel"; VariantName = "[No Variations]"
Add component (AddParameter): Name = "Part Number"; Value = "250X14W223MV4T"; VariantName = "[No Variations]"
Add component (AddParameter): Name = "Part Status"; Value = "Active"; VariantName = "[No Variations]"
Add component (AddParameter): Name = "partid"; Value = "14325"; VariantName = "[No Variations]"
Add component (AddParameter): Name = "price"; Value = "0.07"; VariantName = "[No Variations]"
Add component (AddParameter): Name = "series"; Value = "X2Y®"; VariantName = "[No Variations]"
Add component (AddParameter): Name = "Size / Dimension"; Value = "0.064" L x 0.035" W (1.63mm x 0.89mm)"; VariantName = "[No Variations]"
Add component (AddParameter): Name = "Supplier 1"; Value = "DigiKey"; VariantName = "[No Variations]"
Add component (AddParameter): Name = "Supplier Part Number 1"; Value = "709-1087-1-ND"; VariantName = "[No Variations]"
Add component (AddParameter): Name = "Temperature Coefficient"; Value = "X7R"; VariantName = "[No Variations]"
Add component (AddParameter): Name = "Thickness (Max)"; Value = "0.026" (0.66mm)"; VariantName = "[No Variations]"
Add component (AddParameter): Name = "Tolerance"; Value = "±20%"; VariantName = "[No Variations]"
Add component (AddParameter): Name = "Value"; Value = "100nF"; VariantName = "[No Variations]"
Add component (AddParameter): Name = "Voltage - Rated"; Value = "25V"; VariantName = "[No Variations]"
Added Component: Designator=C33(CAP 0603_1608)
Add component (AddParameter): Name = "Applications"; Value = "Bypass, Decoupling"; VariantName = "[No Variations]"
Add component (AddParameter): Name = "Capacitance"; Value = "100nF"; VariantName = "[No Variations]"
Add component (AddParameter): Name = "componentlink1description"; Value = "Datasheet"; VariantName = "[No Variations]"
Add component (AddParameter): Name = "componentlink1url"; Value = "https://www.johansondielectrics.com/downloads/x2y-filter-and-decoupling-capacitors.pdf"; VariantName = "[No Variations]"
Add component (AddParameter): Name = "componentlink2description"; Value = "DigiKey Link"; VariantName = "[No Variations]"
Add component (AddParameter): Name = "componentlink2url"; Value = "https://www.digikey.com/en/products/detail/johanson-dielectrics-inc/250X14W223MV4T/1628740"; VariantName = "[No Variations]"
Add component (AddParameter): Name = "Device Package"; Value = "0603 (1608 Metric)"; VariantName = "[No Variations]"
Add component (AddParameter): Name = "Features"; Value = "Low ESL (X2Y)"; VariantName = "[No Variations]"
Add component (AddParameter): Name = "lastupdated"; Value = "2022-05-16 11:25:57 AM"; VariantName = "[No Variations]"
Add component (AddParameter): Name = "Lifecycle Status"; Value = "Active"; VariantName = "[No Variations]"
Add component (AddParameter): Name = "manufacturer"; Value = "Johanson Dielectrics Inc."; VariantName = "[No Variations]"
Add component (AddParameter): Name = "Minimum Order"; Value = "1"; VariantName = "[No Variations]"
Add component (AddParameter): Name = "Mounting Type"; Value = "Surface Mount, MLCC"; VariantName = "[No Variations]"
Add component (AddParameter): Name = "Operating Temperature"; Value = "-55°C ~ 125°C"; VariantName = "[No Variations]"
Add component (AddParameter): Name = "Package / Case"; Value = "0603 (1608 Metric)"; VariantName = "[No Variations]"
Add component (AddParameter): Name = "packaging"; Value = "TapeAndReel"; VariantName = "[No Variations]"
Add component (AddParameter): Name = "Part Number"; Value = "250X14W223MV4T"; VariantName = "[No Variations]"
Add component (AddParameter): Name = "Part Status"; Value = "Active"; VariantName = "[No Variations]"
Add component (AddParameter): Name = "partid"; Value = "14325"; VariantName = "[No Variations]"
Add component (AddParameter): Name = "price"; Value = "0.07"; VariantName = "[No Variations]"
Add component (AddParameter): Name = "series"; Value = "X2Y®"; VariantName = "[No Variations]"
Add component (AddParameter): Name = "Size / Dimension"; Value = "0.064" L x 0.035" W (1.63mm x 0.89mm)"; VariantName = "[No Variations]"
Add component (AddParameter): Name = "Supplier 1"; Value = "DigiKey"; VariantName = "[No Variations]"
Add component (AddParameter): Name = "Supplier Part Number 1"; Value = "709-1087-1-ND"; VariantName = "[No Variations]"
Add component (AddParameter): Name = "Temperature Coefficient"; Value = "X7R"; VariantName = "[No Variations]"
Add component (AddParameter): Name = "Thickness (Max)"; Value = "0.026" (0.66mm)"; VariantName = "[No Variations]"
Add component (AddParameter): Name = "Tolerance"; Value = "±20%"; VariantName = "[No Variations]"
Add component (AddParameter): Name = "Value"; Value = "100nF"; VariantName = "[No Variations]"
Add component (AddParameter): Name = "Voltage - Rated"; Value = "25V"; VariantName = "[No Variations]"
Added Component: Designator=C34(CAP 0603_1608)
Add component (AddParameter): Name = "Applications"; Value = "Bypass, Decoupling"; VariantName = "[No Variations]"
Add component (AddParameter): Name = "Capacitance"; Value = "100nF"; VariantName = "[No Variations]"
Add component (AddParameter): Name = "componentlink1description"; Value = "Datasheet"; VariantName = "[No Variations]"
Add component (AddParameter): Name = "componentlink1url"; Value = "https://www.johansondielectrics.com/downloads/x2y-filter-and-decoupling-capacitors.pdf"; VariantName = "[No Variations]"
Add component (AddParameter): Name = "componentlink2description"; Value = "DigiKey Link"; VariantName = "[No Variations]"
Add component (AddParameter): Name = "componentlink2url"; Value = "https://www.digikey.com/en/products/detail/johanson-dielectrics-inc/250X14W223MV4T/1628740"; VariantName = "[No Variations]"
Add component (AddParameter): Name = "Device Package"; Value = "0603 (1608 Metric)"; VariantName = "[No Variations]"
Add component (AddParameter): Name = "Features"; Value = "Low ESL (X2Y)"; VariantName = "[No Variations]"
Add component (AddParameter): Name = "lastupdated"; Value = "2022-05-16 11:25:57 AM"; VariantName = "[No Variations]"
Add component (AddParameter): Name = "Lifecycle Status"; Value = "Active"; VariantName = "[No Variations]"
Add component (AddParameter): Name = "manufacturer"; Value = "Johanson Dielectrics Inc."; VariantName = "[No Variations]"
Add component (AddParameter): Name = "Minimum Order"; Value = "1"; VariantName = "[No Variations]"
Add component (AddParameter): Name = "Mounting Type"; Value = "Surface Mount, MLCC"; VariantName = "[No Variations]"
Add component (AddParameter): Name = "Operating Temperature"; Value = "-55°C ~ 125°C"; VariantName = "[No Variations]"
Add component (AddParameter): Name = "Package / Case"; Value = "0603 (1608 Metric)"; VariantName = "[No Variations]"
Add component (AddParameter): Name = "packaging"; Value = "TapeAndReel"; VariantName = "[No Variations]"
Add component (AddParameter): Name = "Part Number"; Value = "250X14W223MV4T"; VariantName = "[No Variations]"
Add component (AddParameter): Name = "Part Status"; Value = "Active"; VariantName = "[No Variations]"
Add component (AddParameter): Name = "partid"; Value = "14325"; VariantName = "[No Variations]"
Add component (AddParameter): Name = "price"; Value = "0.07"; VariantName = "[No Variations]"
Add component (AddParameter): Name = "series"; Value = "X2Y®"; VariantName = "[No Variations]"
Add component (AddParameter): Name = "Size / Dimension"; Value = "0.064" L x 0.035" W (1.63mm x 0.89mm)"; VariantName = "[No Variations]"
Add component (AddParameter): Name = "Supplier 1"; Value = "DigiKey"; VariantName = "[No Variations]"
Add component (AddParameter): Name = "Supplier Part Number 1"; Value = "709-1087-1-ND"; VariantName = "[No Variations]"
Add component (AddParameter): Name = "Temperature Coefficient"; Value = "X7R"; VariantName = "[No Variations]"
Add component (AddParameter): Name = "Thickness (Max)"; Value = "0.026" (0.66mm)"; VariantName = "[No Variations]"
Add component (AddParameter): Name = "Tolerance"; Value = "±20%"; VariantName = "[No Variations]"
Add component (AddParameter): Name = "Value"; Value = "100nF"; VariantName = "[No Variations]"
Add component (AddParameter): Name = "Voltage - Rated"; Value = "25V"; VariantName = "[No Variations]"
Added Component: Designator=C35(CAP 0603_1608)
Add component (AddParameter): Name = "Applications"; Value = "Bypass, Decoupling"; VariantName = "[No Variations]"
Add component (AddParameter): Name = "Capacitance"; Value = "100nF"; VariantName = "[No Variations]"
Add component (AddParameter): Name = "componentlink1description"; Value = "Datasheet"; VariantName = "[No Variations]"
Add component (AddParameter): Name = "componentlink1url"; Value = "https://www.johansondielectrics.com/downloads/x2y-filter-and-decoupling-capacitors.pdf"; VariantName = "[No Variations]"
Add component (AddParameter): Name = "componentlink2description"; Value = "DigiKey Link"; VariantName = "[No Variations]"
Add component (AddParameter): Name = "componentlink2url"; Value = "https://www.digikey.com/en/products/detail/johanson-dielectrics-inc/250X14W223MV4T/1628740"; VariantName = "[No Variations]"
Add component (AddParameter): Name = "Device Package"; Value = "0603 (1608 Metric)"; VariantName = "[No Variations]"
Add component (AddParameter): Name = "Features"; Value = "Low ESL (X2Y)"; VariantName = "[No Variations]"
Add component (AddParameter): Name = "lastupdated"; Value = "2022-05-16 11:25:57 AM"; VariantName = "[No Variations]"
Add component (AddParameter): Name = "Lifecycle Status"; Value = "Active"; VariantName = "[No Variations]"
Add component (AddParameter): Name = "manufacturer"; Value = "Johanson Dielectrics Inc."; VariantName = "[No Variations]"
Add component (AddParameter): Name = "Minimum Order"; Value = "1"; VariantName = "[No Variations]"
Add component (AddParameter): Name = "Mounting Type"; Value = "Surface Mount, MLCC"; VariantName = "[No Variations]"
Add component (AddParameter): Name = "Operating Temperature"; Value = "-55°C ~ 125°C"; VariantName = "[No Variations]"
Add component (AddParameter): Name = "Package / Case"; Value = "0603 (1608 Metric)"; VariantName = "[No Variations]"
Add component (AddParameter): Name = "packaging"; Value = "TapeAndReel"; VariantName = "[No Variations]"
Add component (AddParameter): Name = "Part Number"; Value = "250X14W223MV4T"; VariantName = "[No Variations]"
Add component (AddParameter): Name = "Part Status"; Value = "Active"; VariantName = "[No Variations]"
Add component (AddParameter): Name = "partid"; Value = "14325"; VariantName = "[No Variations]"
Add component (AddParameter): Name = "price"; Value = "0.07"; VariantName = "[No Variations]"
Add component (AddParameter): Name = "series"; Value = "X2Y®"; VariantName = "[No Variations]"
Add component (AddParameter): Name = "Size / Dimension"; Value = "0.064" L x 0.035" W (1.63mm x 0.89mm)"; VariantName = "[No Variations]"
Add component (AddParameter): Name = "Supplier 1"; Value = "DigiKey"; VariantName = "[No Variations]"
Add component (AddParameter): Name = "Supplier Part Number 1"; Value = "709-1087-1-ND"; VariantName = "[No Variations]"
Add component (AddParameter): Name = "Temperature Coefficient"; Value = "X7R"; VariantName = "[No Variations]"
Add component (AddParameter): Name = "Thickness (Max)"; Value = "0.026" (0.66mm)"; VariantName = "[No Variations]"
Add component (AddParameter): Name = "Tolerance"; Value = "±20%"; VariantName = "[No Variations]"
Add component (AddParameter): Name = "Value"; Value = "100nF"; VariantName = "[No Variations]"
Add component (AddParameter): Name = "Voltage - Rated"; Value = "25V"; VariantName = "[No Variations]"
Added Component: Designator=C36(CAP 0603_1608)
Add component (AddParameter): Name = "Applications"; Value = "Bypass, Decoupling"; VariantName = "[No Variations]"
Add component (AddParameter): Name = "Capacitance"; Value = "100nF"; VariantName = "[No Variations]"
Add component (AddParameter): Name = "componentlink1description"; Value = "Datasheet"; VariantName = "[No Variations]"
Add component (AddParameter): Name = "componentlink1url"; Value = "https://www.johansondielectrics.com/downloads/x2y-filter-and-decoupling-capacitors.pdf"; VariantName = "[No Variations]"
Add component (AddParameter): Name = "componentlink2description"; Value = "DigiKey Link"; VariantName = "[No Variations]"
Add component (AddParameter): Name = "componentlink2url"; Value = "https://www.digikey.com/en/products/detail/johanson-dielectrics-inc/250X14W223MV4T/1628740"; VariantName = "[No Variations]"
Add component (AddParameter): Name = "Device Package"; Value = "0603 (1608 Metric)"; VariantName = "[No Variations]"
Add component (AddParameter): Name = "Features"; Value = "Low ESL (X2Y)"; VariantName = "[No Variations]"
Add component (AddParameter): Name = "lastupdated"; Value = "2022-05-16 11:25:57 AM"; VariantName = "[No Variations]"
Add component (AddParameter): Name = "Lifecycle Status"; Value = "Active"; VariantName = "[No Variations]"
Add component (AddParameter): Name = "manufacturer"; Value = "Johanson Dielectrics Inc."; VariantName = "[No Variations]"
Add component (AddParameter): Name = "Minimum Order"; Value = "1"; VariantName = "[No Variations]"
Add component (AddParameter): Name = "Mounting Type"; Value = "Surface Mount, MLCC"; VariantName = "[No Variations]"
Add component (AddParameter): Name = "Operating Temperature"; Value = "-55°C ~ 125°C"; VariantName = "[No Variations]"
Add component (AddParameter): Name = "Package / Case"; Value = "0603 (1608 Metric)"; VariantName = "[No Variations]"
Add component (AddParameter): Name = "packaging"; Value = "TapeAndReel"; VariantName = "[No Variations]"
Add component (AddParameter): Name = "Part Number"; Value = "250X14W223MV4T"; VariantName = "[No Variations]"
Add component (AddParameter): Name = "Part Status"; Value = "Active"; VariantName = "[No Variations]"
Add component (AddParameter): Name = "partid"; Value = "14325"; VariantName = "[No Variations]"
Add component (AddParameter): Name = "price"; Value = "0.07"; VariantName = "[No Variations]"
Add component (AddParameter): Name = "series"; Value = "X2Y®"; VariantName = "[No Variations]"
Add component (AddParameter): Name = "Size / Dimension"; Value = "0.064" L x 0.035" W (1.63mm x 0.89mm)"; VariantName = "[No Variations]"
Add component (AddParameter): Name = "Supplier 1"; Value = "DigiKey"; VariantName = "[No Variations]"
Add component (AddParameter): Name = "Supplier Part Number 1"; Value = "709-1087-1-ND"; VariantName = "[No Variations]"
Add component (AddParameter): Name = "Temperature Coefficient"; Value = "X7R"; VariantName = "[No Variations]"
Add component (AddParameter): Name = "Thickness (Max)"; Value = "0.026" (0.66mm)"; VariantName = "[No Variations]"
Add component (AddParameter): Name = "Tolerance"; Value = "±20%"; VariantName = "[No Variations]"
Add component (AddParameter): Name = "Value"; Value = "100nF"; VariantName = "[No Variations]"
Add component (AddParameter): Name = "Voltage - Rated"; Value = "25V"; VariantName = "[No Variations]"
Added Component: Designator=C37(CAP 0603_1608)
Add component (AddParameter): Name = "Applications"; Value = "Bypass, Decoupling"; VariantName = "[No Variations]"
Add component (AddParameter): Name = "Capacitance"; Value = "100nF"; VariantName = "[No Variations]"
Add component (AddParameter): Name = "componentlink1description"; Value = "Datasheet"; VariantName = "[No Variations]"
Add component (AddParameter): Name = "componentlink1url"; Value = "https://www.johansondielectrics.com/downloads/x2y-filter-and-decoupling-capacitors.pdf"; VariantName = "[No Variations]"
Add component (AddParameter): Name = "componentlink2description"; Value = "DigiKey Link"; VariantName = "[No Variations]"
Add component (AddParameter): Name = "componentlink2url"; Value = "https://www.digikey.com/en/products/detail/johanson-dielectrics-inc/250X14W223MV4T/1628740"; VariantName = "[No Variations]"
Add component (AddParameter): Name = "Device Package"; Value = "0603 (1608 Metric)"; VariantName = "[No Variations]"
Add component (AddParameter): Name = "Features"; Value = "Low ESL (X2Y)"; VariantName = "[No Variations]"
Add component (AddParameter): Name = "lastupdated"; Value = "2022-05-16 11:25:57 AM"; VariantName = "[No Variations]"
Add component (AddParameter): Name = "Lifecycle Status"; Value = "Active"; VariantName = "[No Variations]"
Add component (AddParameter): Name = "manufacturer"; Value = "Johanson Dielectrics Inc."; VariantName = "[No Variations]"
Add component (AddParameter): Name = "Minimum Order"; Value = "1"; VariantName = "[No Variations]"
Add component (AddParameter): Name = "Mounting Type"; Value = "Surface Mount, MLCC"; VariantName = "[No Variations]"
Add component (AddParameter): Name = "Operating Temperature"; Value = "-55°C ~ 125°C"; VariantName = "[No Variations]"
Add component (AddParameter): Name = "Package / Case"; Value = "0603 (1608 Metric)"; VariantName = "[No Variations]"
Add component (AddParameter): Name = "packaging"; Value = "TapeAndReel"; VariantName = "[No Variations]"
Add component (AddParameter): Name = "Part Number"; Value = "250X14W223MV4T"; VariantName = "[No Variations]"
Add component (AddParameter): Name = "Part Status"; Value = "Active"; VariantName = "[No Variations]"
Add component (AddParameter): Name = "partid"; Value = "14325"; VariantName = "[No Variations]"
Add component (AddParameter): Name = "price"; Value = "0.07"; VariantName = "[No Variations]"
Add component (AddParameter): Name = "series"; Value = "X2Y®"; VariantName = "[No Variations]"
Add component (AddParameter): Name = "Size / Dimension"; Value = "0.064" L x 0.035" W (1.63mm x 0.89mm)"; VariantName = "[No Variations]"
Add component (AddParameter): Name = "Supplier 1"; Value = "DigiKey"; VariantName = "[No Variations]"
Add component (AddParameter): Name = "Supplier Part Number 1"; Value = "709-1087-1-ND"; VariantName = "[No Variations]"
Add component (AddParameter): Name = "Temperature Coefficient"; Value = "X7R"; VariantName = "[No Variations]"
Add component (AddParameter): Name = "Thickness (Max)"; Value = "0.026" (0.66mm)"; VariantName = "[No Variations]"
Add component (AddParameter): Name = "Tolerance"; Value = "±20%"; VariantName = "[No Variations]"
Add component (AddParameter): Name = "Value"; Value = "100nF"; VariantName = "[No Variations]"
Add component (AddParameter): Name = "Voltage - Rated"; Value = "25V"; VariantName = "[No Variations]"
Added Component: Designator=C38(CAP 0603_1608)
Add component (AddParameter): Name = "Applications"; Value = "Bypass, Decoupling"; VariantName = "[No Variations]"
Add component (AddParameter): Name = "Capacitance"; Value = "100nF"; VariantName = "[No Variations]"
Add component (AddParameter): Name = "componentlink1description"; Value = "Datasheet"; VariantName = "[No Variations]"
Add component (AddParameter): Name = "componentlink1url"; Value = "https://www.johansondielectrics.com/downloads/x2y-filter-and-decoupling-capacitors.pdf"; VariantName = "[No Variations]"
Add component (AddParameter): Name = "componentlink2description"; Value = "DigiKey Link"; VariantName = "[No Variations]"
Add component (AddParameter): Name = "componentlink2url"; Value = "https://www.digikey.com/en/products/detail/johanson-dielectrics-inc/250X14W223MV4T/1628740"; VariantName = "[No Variations]"
Add component (AddParameter): Name = "Device Package"; Value = "0603 (1608 Metric)"; VariantName = "[No Variations]"
Add component (AddParameter): Name = "Features"; Value = "Low ESL (X2Y)"; VariantName = "[No Variations]"
Add component (AddParameter): Name = "lastupdated"; Value = "2022-05-16 11:25:57 AM"; VariantName = "[No Variations]"
Add component (AddParameter): Name = "Lifecycle Status"; Value = "Active"; VariantName = "[No Variations]"
Add component (AddParameter): Name = "manufacturer"; Value = "Johanson Dielectrics Inc."; VariantName = "[No Variations]"
Add component (AddParameter): Name = "Minimum Order"; Value = "1"; VariantName = "[No Variations]"
Add component (AddParameter): Name = "Mounting Type"; Value = "Surface Mount, MLCC"; VariantName = "[No Variations]"
Add component (AddParameter): Name = "Operating Temperature"; Value = "-55°C ~ 125°C"; VariantName = "[No Variations]"
Add component (AddParameter): Name = "Package / Case"; Value = "0603 (1608 Metric)"; VariantName = "[No Variations]"
Add component (AddParameter): Name = "packaging"; Value = "TapeAndReel"; VariantName = "[No Variations]"
Add component (AddParameter): Name = "Part Number"; Value = "250X14W223MV4T"; VariantName = "[No Variations]"
Add component (AddParameter): Name = "Part Status"; Value = "Active"; VariantName = "[No Variations]"
Add component (AddParameter): Name = "partid"; Value = "14325"; VariantName = "[No Variations]"
Add component (AddParameter): Name = "price"; Value = "0.07"; VariantName = "[No Variations]"
Add component (AddParameter): Name = "series"; Value = "X2Y®"; VariantName = "[No Variations]"
Add component (AddParameter): Name = "Size / Dimension"; Value = "0.064" L x 0.035" W (1.63mm x 0.89mm)"; VariantName = "[No Variations]"
Add component (AddParameter): Name = "Supplier 1"; Value = "DigiKey"; VariantName = "[No Variations]"
Add component (AddParameter): Name = "Supplier Part Number 1"; Value = "709-1087-1-ND"; VariantName = "[No Variations]"
Add component (AddParameter): Name = "Temperature Coefficient"; Value = "X7R"; VariantName = "[No Variations]"
Add component (AddParameter): Name = "Thickness (Max)"; Value = "0.026" (0.66mm)"; VariantName = "[No Variations]"
Add component (AddParameter): Name = "Tolerance"; Value = "±20%"; VariantName = "[No Variations]"
Add component (AddParameter): Name = "Value"; Value = "100nF"; VariantName = "[No Variations]"
Add component (AddParameter): Name = "Voltage - Rated"; Value = "25V"; VariantName = "[No Variations]"
Added Component: Designator=C39(CAP 0603_1608)
Add component (AddParameter): Name = "Applications"; Value = "Bypass, Decoupling"; VariantName = "[No Variations]"
Add component (AddParameter): Name = "Capacitance"; Value = "100nF"; VariantName = "[No Variations]"
Add component (AddParameter): Name = "componentlink1description"; Value = "Datasheet"; VariantName = "[No Variations]"
Add component (AddParameter): Name = "componentlink1url"; Value = "https://www.johansondielectrics.com/downloads/x2y-filter-and-decoupling-capacitors.pdf"; VariantName = "[No Variations]"
Add component (AddParameter): Name = "componentlink2description"; Value = "DigiKey Link"; VariantName = "[No Variations]"
Add component (AddParameter): Name = "componentlink2url"; Value = "https://www.digikey.com/en/products/detail/johanson-dielectrics-inc/250X14W223MV4T/1628740"; VariantName = "[No Variations]"
Add component (AddParameter): Name = "Device Package"; Value = "0603 (1608 Metric)"; VariantName = "[No Variations]"
Add component (AddParameter): Name = "Features"; Value = "Low ESL (X2Y)"; VariantName = "[No Variations]"
Add component (AddParameter): Name = "lastupdated"; Value = "2022-05-16 11:25:57 AM"; VariantName = "[No Variations]"
Add component (AddParameter): Name = "Lifecycle Status"; Value = "Active"; VariantName = "[No Variations]"
Add component (AddParameter): Name = "manufacturer"; Value = "Johanson Dielectrics Inc."; VariantName = "[No Variations]"
Add component (AddParameter): Name = "Minimum Order"; Value = "1"; VariantName = "[No Variations]"
Add component (AddParameter): Name = "Mounting Type"; Value = "Surface Mount, MLCC"; VariantName = "[No Variations]"
Add component (AddParameter): Name = "Operating Temperature"; Value = "-55°C ~ 125°C"; VariantName = "[No Variations]"
Add component (AddParameter): Name = "Package / Case"; Value = "0603 (1608 Metric)"; VariantName = "[No Variations]"
Add component (AddParameter): Name = "packaging"; Value = "TapeAndReel"; VariantName = "[No Variations]"
Add component (AddParameter): Name = "Part Number"; Value = "250X14W223MV4T"; VariantName = "[No Variations]"
Add component (AddParameter): Name = "Part Status"; Value = "Active"; VariantName = "[No Variations]"
Add component (AddParameter): Name = "partid"; Value = "14325"; VariantName = "[No Variations]"
Add component (AddParameter): Name = "price"; Value = "0.07"; VariantName = "[No Variations]"
Add component (AddParameter): Name = "series"; Value = "X2Y®"; VariantName = "[No Variations]"
Add component (AddParameter): Name = "Size / Dimension"; Value = "0.064" L x 0.035" W (1.63mm x 0.89mm)"; VariantName = "[No Variations]"
Add component (AddParameter): Name = "Supplier 1"; Value = "DigiKey"; VariantName = "[No Variations]"
Add component (AddParameter): Name = "Supplier Part Number 1"; Value = "709-1087-1-ND"; VariantName = "[No Variations]"
Add component (AddParameter): Name = "Temperature Coefficient"; Value = "X7R"; VariantName = "[No Variations]"
Add component (AddParameter): Name = "Thickness (Max)"; Value = "0.026" (0.66mm)"; VariantName = "[No Variations]"
Add component (AddParameter): Name = "Tolerance"; Value = "±20%"; VariantName = "[No Variations]"
Add component (AddParameter): Name = "Value"; Value = "100nF"; VariantName = "[No Variations]"
Add component (AddParameter): Name = "Voltage - Rated"; Value = "25V"; VariantName = "[No Variations]"
Added Component: Designator=C40(CAP 0603_1608)
Add component (AddParameter): Name = "Applications"; Value = "Bypass, Decoupling"; VariantName = "[No Variations]"
Add component (AddParameter): Name = "Capacitance"; Value = "100nF"; VariantName = "[No Variations]"
Add component (AddParameter): Name = "componentlink1description"; Value = "Datasheet"; VariantName = "[No Variations]"
Add component (AddParameter): Name = "componentlink1url"; Value = "https://www.johansondielectrics.com/downloads/x2y-filter-and-decoupling-capacitors.pdf"; VariantName = "[No Variations]"
Add component (AddParameter): Name = "componentlink2description"; Value = "DigiKey Link"; VariantName = "[No Variations]"
Add component (AddParameter): Name = "componentlink2url"; Value = "https://www.digikey.com/en/products/detail/johanson-dielectrics-inc/250X14W223MV4T/1628740"; VariantName = "[No Variations]"
Add component (AddParameter): Name = "Device Package"; Value = "0603 (1608 Metric)"; VariantName = "[No Variations]"
Add component (AddParameter): Name = "Features"; Value = "Low ESL (X2Y)"; VariantName = "[No Variations]"
Add component (AddParameter): Name = "lastupdated"; Value = "2022-05-16 11:25:57 AM"; VariantName = "[No Variations]"
Add component (AddParameter): Name = "Lifecycle Status"; Value = "Active"; VariantName = "[No Variations]"
Add component (AddParameter): Name = "manufacturer"; Value = "Johanson Dielectrics Inc."; VariantName = "[No Variations]"
Add component (AddParameter): Name = "Minimum Order"; Value = "1"; VariantName = "[No Variations]"
Add component (AddParameter): Name = "Mounting Type"; Value = "Surface Mount, MLCC"; VariantName = "[No Variations]"
Add component (AddParameter): Name = "Operating Temperature"; Value = "-55°C ~ 125°C"; VariantName = "[No Variations]"
Add component (AddParameter): Name = "Package / Case"; Value = "0603 (1608 Metric)"; VariantName = "[No Variations]"
Add component (AddParameter): Name = "packaging"; Value = "TapeAndReel"; VariantName = "[No Variations]"
Add component (AddParameter): Name = "Part Number"; Value = "250X14W223MV4T"; VariantName = "[No Variations]"
Add component (AddParameter): Name = "Part Status"; Value = "Active"; VariantName = "[No Variations]"
Add component (AddParameter): Name = "partid"; Value = "14325"; VariantName = "[No Variations]"
Add component (AddParameter): Name = "price"; Value = "0.07"; VariantName = "[No Variations]"
Add component (AddParameter): Name = "series"; Value = "X2Y®"; VariantName = "[No Variations]"
Add component (AddParameter): Name = "Size / Dimension"; Value = "0.064" L x 0.035" W (1.63mm x 0.89mm)"; VariantName = "[No Variations]"
Add component (AddParameter): Name = "Supplier 1"; Value = "DigiKey"; VariantName = "[No Variations]"
Add component (AddParameter): Name = "Supplier Part Number 1"; Value = "709-1087-1-ND"; VariantName = "[No Variations]"
Add component (AddParameter): Name = "Temperature Coefficient"; Value = "X7R"; VariantName = "[No Variations]"
Add component (AddParameter): Name = "Thickness (Max)"; Value = "0.026" (0.66mm)"; VariantName = "[No Variations]"
Add component (AddParameter): Name = "Tolerance"; Value = "±20%"; VariantName = "[No Variations]"
Add component (AddParameter): Name = "Value"; Value = "100nF"; VariantName = "[No Variations]"
Add component (AddParameter): Name = "Voltage - Rated"; Value = "25V"; VariantName = "[No Variations]"
Added Component: Designator=D1(DO214AC SMA)
Add component (AddParameter): Name = "Capacitance @ Vr, F"; Value = "10pF @ 4V, 1MHz"; VariantName = "[No Variations]"
Add component (AddParameter): Name = "ComponentLink1Description"; Value = "Datasheet"; VariantName = "[No Variations]"
Add component (AddParameter): Name = "ComponentLink1URL"; Value = "https://www.onsemi.com/pub/Collateral/RS1M-D.PDF"; VariantName = "[No Variations]"
Add component (AddParameter): Name = "ComponentLink2Description"; Value = "DigiKey Link"; VariantName = "[No Variations]"
Add component (AddParameter): Name = "ComponentLink2URL"; Value = "http://digikey.com/product-detail/en/on-semiconductor/RS1A/RS1ACT-ND/3504478"; VariantName = "[No Variations]"
Add component (AddParameter): Name = "Current - Average Rectified (Io)"; Value = "1A"; VariantName = "[No Variations]"
Add component (AddParameter): Name = "Current - Reverse Leakage @ Vr"; Value = "5µA @ 50V"; VariantName = "[No Variations]"
Add component (AddParameter): Name = "Diode Type"; Value = "Standard"; VariantName = "[No Variations]"
Add component (AddParameter): Name = "LastUpdated"; Value = "2022-05-20 3:23:52 PM"; VariantName = "[No Variations]"
Add component (AddParameter): Name = "Lifecycle Status"; Value = "Active"; VariantName = "[No Variations]"
Add component (AddParameter): Name = "Manufacturer"; Value = "ON Semiconductor"; VariantName = "[No Variations]"
Add component (AddParameter): Name = "Minimum Order"; Value = "1"; VariantName = "[No Variations]"
Add component (AddParameter): Name = "Mounting Type"; Value = "Surface Mount"; VariantName = "[No Variations]"
Add component (AddParameter): Name = "Operating Temperature - Junction"; Value = "-55°C ~ 150°C"; VariantName = "[No Variations]"
Add component (AddParameter): Name = "Package / Case"; Value = "DO-214AC, SMA"; VariantName = "[No Variations]"
Add component (AddParameter): Name = "Packaging"; Value = "TapeAndReel"; VariantName = "[No Variations]"
Add component (AddParameter): Name = "Part Number"; Value = "SS54"; VariantName = "[No Variations]"
Add component (AddParameter): Name = "Part Status"; Value = "Active"; VariantName = "[No Variations]"
Add component (AddParameter): Name = "PartId"; Value = "585"; VariantName = "[No Variations]"
Add component (AddParameter): Name = "Price"; Value = "0.08"; VariantName = "[No Variations]"
Add component (AddParameter): Name = "Reverse Recovery Time (trr)"; Value = "150ns"; VariantName = "[No Variations]"
Add component (AddParameter): Name = "Series"; Value = "-"; VariantName = "[No Variations]"
Add component (AddParameter): Name = "Speed"; Value = "Fast Recovery =< 500ns, > 200mA (Io)"; VariantName = "[No Variations]"
Add component (AddParameter): Name = "Supplier 1"; Value = "DigiKey"; VariantName = "[No Variations]"
Add component (AddParameter): Name = "Supplier Device Package"; Value = "SMA (DO-214AC)"; VariantName = "[No Variations]"
Add component (AddParameter): Name = "Supplier Part Number 1"; Value = "RS1ACT-ND"; VariantName = "[No Variations]"
Add component (AddParameter): Name = "Voltage - DC Reverse (Vr) (Max)"; Value = "50V"; VariantName = "[No Variations]"
Add component (AddParameter): Name = "Voltage - Forward (Vf) (Max) @ If"; Value = "1.3V @ 1A"; VariantName = "[No Variations]"
Added Component: Designator=D2(ONSC-SOD-123-2-425-04_V)
Add component (AddParameter): Name = "ComponentLink1Description"; Value = "Manufacturer URL"; VariantName = "[No Variations]"
Add component (AddParameter): Name = "ComponentLink1URL"; Value = "http://www.onsemi.com/"; VariantName = "[No Variations]"
Add component (AddParameter): Name = "ComponentLink2Description"; Value = "Datasheet"; VariantName = "[No Variations]"
Add component (AddParameter): Name = "ComponentLink2URL"; Value = "http://www.onsemi.com/pub_link/Collateral/MMSZ2V4T1-D.PDF"; VariantName = "[No Variations]"
Add component (AddParameter): Name = "ComponentLink3Description"; Value = "Package Specification"; VariantName = "[No Variations]"
Add component (AddParameter): Name = "ComponentLink3URL"; Value = "http://www.onsemi.com/pub_link/Collateral/425-04.PDF"; VariantName = "[No Variations]"
Add component (AddParameter): Name = "DatasheetVersion"; Value = "Rev. 11"; VariantName = "[No Variations]"
Add component (AddParameter): Name = "Manufacturer"; Value = "On Semiconductor"; VariantName = "[No Variations]"
Add component (AddParameter): Name = "Mounting Technology"; Value = "Surface Mount"; VariantName = "[No Variations]"
Add component (AddParameter): Name = "P Max (W)"; Value = "0.5"; VariantName = "[No Variations]"
Add component (AddParameter): Name = "PackageDescription"; Value = "2-Pin SOD, Body 1.6 x 2.69 mm"; VariantName = "[No Variations]"
Add component (AddParameter): Name = "PackageReference"; Value = "SOD-123-2-425-04"; VariantName = "[No Variations]"
Add component (AddParameter): Name = "PackageVersion"; Value = "Rev. G, 10/2009"; VariantName = "[No Variations]"
Add component (AddParameter): Name = "Packing"; Value = "Tape and Reel"; VariantName = "[No Variations]"
Add component (AddParameter): Name = "PartNumber"; Value = "SZMMSZ12T3G"; VariantName = "[No Variations]"
Add component (AddParameter): Name = "RoHS"; Value = "Pb-Free"; VariantName = "[No Variations]"
Added Component: Designator=D3(ONSC-SOD-123-2-425-04_V)
Add component (AddParameter): Name = "ComponentLink1Description"; Value = "Manufacturer URL"; VariantName = "[No Variations]"
Add component (AddParameter): Name = "ComponentLink1URL"; Value = "http://www.onsemi.com/"; VariantName = "[No Variations]"
Add component (AddParameter): Name = "ComponentLink2Description"; Value = "Datasheet"; VariantName = "[No Variations]"
Add component (AddParameter): Name = "ComponentLink2URL"; Value = "http://www.onsemi.com/pub_link/Collateral/MMSZ2V4T1-D.PDF"; VariantName = "[No Variations]"
Add component (AddParameter): Name = "ComponentLink3Description"; Value = "Package Specification"; VariantName = "[No Variations]"
Add component (AddParameter): Name = "ComponentLink3URL"; Value = "http://www.onsemi.com/pub_link/Collateral/425-04.PDF"; VariantName = "[No Variations]"
Add component (AddParameter): Name = "DatasheetVersion"; Value = "Rev. 11"; VariantName = "[No Variations]"
Add component (AddParameter): Name = "Manufacturer"; Value = "On Semiconductor"; VariantName = "[No Variations]"
Add component (AddParameter): Name = "Mounting Technology"; Value = "Surface Mount"; VariantName = "[No Variations]"
Add component (AddParameter): Name = "P Max (W)"; Value = "0.5"; VariantName = "[No Variations]"
Add component (AddParameter): Name = "PackageDescription"; Value = "2-Pin SOD, Body 1.6 x 2.69 mm"; VariantName = "[No Variations]"
Add component (AddParameter): Name = "PackageReference"; Value = "SOD-123-2-425-04"; VariantName = "[No Variations]"
Add component (AddParameter): Name = "PackageVersion"; Value = "Rev. G, 10/2009"; VariantName = "[No Variations]"
Add component (AddParameter): Name = "Packing"; Value = "Tape and Reel"; VariantName = "[No Variations]"
Add component (AddParameter): Name = "PartNumber"; Value = "SZMMSZ12T3G"; VariantName = "[No Variations]"
Add component (AddParameter): Name = "RoHS"; Value = "Pb-Free"; VariantName = "[No Variations]"
Added Component: Designator=D4(ONSC-SOD-123-2-425-04_V)
Add component (AddParameter): Name = "ComponentLink1Description"; Value = "Manufacturer URL"; VariantName = "[No Variations]"
Add component (AddParameter): Name = "ComponentLink1URL"; Value = "http://www.onsemi.com/"; VariantName = "[No Variations]"
Add component (AddParameter): Name = "ComponentLink2Description"; Value = "Datasheet"; VariantName = "[No Variations]"
Add component (AddParameter): Name = "ComponentLink2URL"; Value = "http://www.onsemi.com/pub_link/Collateral/MMSZ2V4T1-D.PDF"; VariantName = "[No Variations]"
Add component (AddParameter): Name = "ComponentLink3Description"; Value = "Package Specification"; VariantName = "[No Variations]"
Add component (AddParameter): Name = "ComponentLink3URL"; Value = "http://www.onsemi.com/pub_link/Collateral/425-04.PDF"; VariantName = "[No Variations]"
Add component (AddParameter): Name = "DatasheetVersion"; Value = "Rev. 11"; VariantName = "[No Variations]"
Add component (AddParameter): Name = "Manufacturer"; Value = "On Semiconductor"; VariantName = "[No Variations]"
Add component (AddParameter): Name = "Mounting Technology"; Value = "Surface Mount"; VariantName = "[No Variations]"
Add component (AddParameter): Name = "P Max (W)"; Value = "0.5"; VariantName = "[No Variations]"
Add component (AddParameter): Name = "PackageDescription"; Value = "2-Pin SOD, Body 1.6 x 2.69 mm"; VariantName = "[No Variations]"
Add component (AddParameter): Name = "PackageReference"; Value = "SOD-123-2-425-04"; VariantName = "[No Variations]"
Add component (AddParameter): Name = "PackageVersion"; Value = "Rev. G, 10/2009"; VariantName = "[No Variations]"
Add component (AddParameter): Name = "Packing"; Value = "Tape and Reel"; VariantName = "[No Variations]"
Add component (AddParameter): Name = "PartNumber"; Value = "SZMMSZ12T3G"; VariantName = "[No Variations]"
Add component (AddParameter): Name = "RoHS"; Value = "Pb-Free"; VariantName = "[No Variations]"
Added Component: Designator=DS1(VISH-TLMS1000_V)
Add component (AddParameter): Name = "Automotive Qualification Standard"; Value = "AEC-Q100"; VariantName = "[No Variations]"
Add component (AddParameter): Name = "Bulb Size"; Value = "1.6mmx0.8mm"; VariantName = "[No Variations]"
Add component (AddParameter): Name = "Datasheet URL"; Value = "https://datasheet.ciiva.com/5798/1698881-5798337.pdf"; VariantName = "[No Variations]"
Add component (AddParameter): Name = "Datasheet Version"; Value = "Rev. 1.7, 02/2011"; VariantName = "[No Variations]"
Add component (AddParameter): Name = "Forward Current If"; Value = "2mA"; VariantName = "[No Variations]"
Add component (AddParameter): Name = "Forward Voltage"; Value = "1.8V"; VariantName = "[No Variations]"
Add component (AddParameter): Name = "LED Colour"; Value = "Red"; VariantName = "[No Variations]"
Add component (AddParameter): Name = "LED Mounting"; Value = "SMD"; VariantName = "[No Variations]"
Add component (AddParameter): Name = "Lens Shape"; Value = "Rectangular"; VariantName = "[No Variations]"
Add component (AddParameter): Name = "Luminous Intensity"; Value = "4mcd"; VariantName = "[No Variations]"
Add component (AddParameter): Name = "Manufacturer"; Value = "Vishay"; VariantName = "[No Variations]"
Add component (AddParameter): Name = "Manufacturer URL"; Value = "http://www.vishay.com/"; VariantName = "[No Variations]"
Add component (AddParameter): Name = "Mounting Technology"; Value = "SurfaceMount"; VariantName = "[No Variations]"
Add component (AddParameter): Name = "MSL"; Value = "MSL2-1year"; VariantName = "[No Variations]"
Add component (AddParameter): Name = "Package Description"; Value = "2-Pin Surface Mount Device, Body 1.6 x 0.8 mm"; VariantName = "[No Variations]"
Add component (AddParameter): Name = "Package Reference"; Value = "TLMS1000"; VariantName = "[No Variations]"
Add component (AddParameter): Name = "Packaging"; Value = "CutTape"; VariantName = "[No Variations]"
Add component (AddParameter): Name = "Product Range"; Value = "-"; VariantName = "[No Variations]"
Add component (AddParameter): Name = "SVHC"; Value = "ToBeAdvised"; VariantName = "[No Variations]"
Add component (AddParameter): Name = "Viewing Angle"; Value = "80°"; VariantName = "[No Variations]"
Add component (AddParameter): Name = "Wavelength Typ"; Value = "636nm"; VariantName = "[No Variations]"
Added Component: Designator=E1(PM_5_08_90_03)
Add component (AddParameter): Name = "Colour"; Value = "Orange"; VariantName = "[No Variations]"
Add component (AddParameter): Name = "ComponentLink1Description"; Value = "Manufacturer URL"; VariantName = "[No Variations]"
Add component (AddParameter): Name = "ComponentLink1URL"; Value = "http://www.weidmueller.com/"; VariantName = "[No Variations]"
Add component (AddParameter): Name = "ComponentLink2Description"; Value = "URL Link1"; VariantName = "[No Variations]"
Add component (AddParameter): Name = "ComponentLink2URL"; Value = "http://catalog.weidmueller.com/catalog/Start.do?localeId=en&ObjectID=1760500000"; VariantName = "[No Variations]"
Add component (AddParameter): Name = "Contact_material"; Value = "Cu-Leg"; VariantName = "[No Variations]"
Add component (AddParameter): Name = "Contact_surface"; Value = "tinned"; VariantName = "[No Variations]"
Add component (AddParameter): Name = "Insulating_material"; Value = "Wemid (PA)"; VariantName = "[No Variations]"
Add component (AddParameter): Name = "Manufacturer"; Value = "Weidmueller"; VariantName = "[No Variations]"
Add component (AddParameter): Name = "Mounting_onto_the_PCB"; Value = "Solder connection"; VariantName = "[No Variations]"
Add component (AddParameter): Name = "No_of_poles"; Value = "3"; VariantName = "[No Variations]"
Add component (AddParameter): Name = "PackageReference"; Value = "PM_5_08_90_03"; VariantName = "[No Variations]"
Add component (AddParameter): Name = "Packaging"; Value = "Box"; VariantName = "[No Variations]"
Add component (AddParameter): Name = "PartNumber"; Value = "1760500000"; VariantName = "[No Variations]"
Add component (AddParameter): Name = "Pitch_inch"; Value = "0,2 inch"; VariantName = "[No Variations]"
Add component (AddParameter): Name = "Pitch_mm"; Value = "5,08 mm"; VariantName = "[No Variations]"
Add component (AddParameter): Name = "Qty"; Value = "500 PCS"; VariantName = "[No Variations]"
Add component (AddParameter): Name = "Rated_current_use_group_B_UL_1059"; Value = "15 A"; VariantName = "[No Variations]"
Add component (AddParameter): Name = "Rated_voltage_for_surge_voltage_class_pollution_degree_II_2"; Value = "600 V"; VariantName = "[No Variations]"
Add component (AddParameter): Name = "Rated_voltage_use_group_B_UL_1059"; Value = "300 V"; VariantName = "[No Variations]"
Add component (AddParameter): Name = "Revision"; Value = "V1"; VariantName = "[No Variations]"
Add component (AddParameter): Name = "Short_text_for_material"; Value = "PM 5.08/03/90 3.5SN OR BX"; VariantName = "[No Variations]"
Add component (AddParameter): Name = "Side_termination_characteristic"; Value = "closed side"; VariantName = "[No Variations]"
Add component (AddParameter): Name = "Solder_pin_length_mm"; Value = "3,5 mm"; VariantName = "[No Variations]"
Add component (AddParameter): Name = "Solid_max_H05_07_V_U"; Value = "2,5 mm²"; VariantName = "[No Variations]"
Add component (AddParameter): Name = "Solid_min_H05_07_V_U"; Value = "0,13 mm²"; VariantName = "[No Variations]"
Add component (AddParameter): Name = "UL_94_flammability_rating"; Value = "V-0"; VariantName = "[No Variations]"
Add component (AddParameter): Name = "Wire_cross_section_AWG_max_UL_1059"; Value = "AWG 14"; VariantName = "[No Variations]"
Add component (AddParameter): Name = "Wire_cross_section_AWG_min_UL_1059"; Value = "AWG 26"; VariantName = "[No Variations]"
Added Component: Designator=E2(PM_5_08_90_03)
Add component (AddParameter): Name = "Colour"; Value = "Orange"; VariantName = "[No Variations]"
Add component (AddParameter): Name = "ComponentLink1Description"; Value = "Manufacturer URL"; VariantName = "[No Variations]"
Add component (AddParameter): Name = "ComponentLink1URL"; Value = "http://www.weidmueller.com/"; VariantName = "[No Variations]"
Add component (AddParameter): Name = "ComponentLink2Description"; Value = "URL Link1"; VariantName = "[No Variations]"
Add component (AddParameter): Name = "ComponentLink2URL"; Value = "http://catalog.weidmueller.com/catalog/Start.do?localeId=en&ObjectID=1760500000"; VariantName = "[No Variations]"
Add component (AddParameter): Name = "Contact_material"; Value = "Cu-Leg"; VariantName = "[No Variations]"
Add component (AddParameter): Name = "Contact_surface"; Value = "tinned"; VariantName = "[No Variations]"
Add component (AddParameter): Name = "Insulating_material"; Value = "Wemid (PA)"; VariantName = "[No Variations]"
Add component (AddParameter): Name = "Manufacturer"; Value = "Weidmueller"; VariantName = "[No Variations]"
Add component (AddParameter): Name = "Mounting_onto_the_PCB"; Value = "Solder connection"; VariantName = "[No Variations]"
Add component (AddParameter): Name = "No_of_poles"; Value = "3"; VariantName = "[No Variations]"
Add component (AddParameter): Name = "PackageReference"; Value = "PM_5_08_90_03"; VariantName = "[No Variations]"
Add component (AddParameter): Name = "Packaging"; Value = "Box"; VariantName = "[No Variations]"
Add component (AddParameter): Name = "PartNumber"; Value = "1760500000"; VariantName = "[No Variations]"
Add component (AddParameter): Name = "Pitch_inch"; Value = "0,2 inch"; VariantName = "[No Variations]"
Add component (AddParameter): Name = "Pitch_mm"; Value = "5,08 mm"; VariantName = "[No Variations]"
Add component (AddParameter): Name = "Qty"; Value = "500 PCS"; VariantName = "[No Variations]"
Add component (AddParameter): Name = "Rated_current_use_group_B_UL_1059"; Value = "15 A"; VariantName = "[No Variations]"
Add component (AddParameter): Name = "Rated_voltage_for_surge_voltage_class_pollution_degree_II_2"; Value = "600 V"; VariantName = "[No Variations]"
Add component (AddParameter): Name = "Rated_voltage_use_group_B_UL_1059"; Value = "300 V"; VariantName = "[No Variations]"
Add component (AddParameter): Name = "Revision"; Value = "V1"; VariantName = "[No Variations]"
Add component (AddParameter): Name = "Short_text_for_material"; Value = "PM 5.08/03/90 3.5SN OR BX"; VariantName = "[No Variations]"
Add component (AddParameter): Name = "Side_termination_characteristic"; Value = "closed side"; VariantName = "[No Variations]"
Add component (AddParameter): Name = "Solder_pin_length_mm"; Value = "3,5 mm"; VariantName = "[No Variations]"
Add component (AddParameter): Name = "Solid_max_H05_07_V_U"; Value = "2,5 mm²"; VariantName = "[No Variations]"
Add component (AddParameter): Name = "Solid_min_H05_07_V_U"; Value = "0,13 mm²"; VariantName = "[No Variations]"
Add component (AddParameter): Name = "UL_94_flammability_rating"; Value = "V-0"; VariantName = "[No Variations]"
Add component (AddParameter): Name = "Wire_cross_section_AWG_max_UL_1059"; Value = "AWG 14"; VariantName = "[No Variations]"
Add component (AddParameter): Name = "Wire_cross_section_AWG_min_UL_1059"; Value = "AWG 26"; VariantName = "[No Variations]"
Added Component: Designator=ENC1(FP-PEC11L-4115F-S0020-MFG)
Add component (AddParameter): Name = "Built in Switch"; Value = "Yes"; VariantName = "[No Variations]"
Add component (AddParameter): Name = "Detent"; Value = "Yes"; VariantName = "[No Variations]"
Add component (AddParameter): Name = "Encoder Type"; Value = "Mechanical"; VariantName = "[No Variations]"
Add component (AddParameter): Name = "Height"; Value = "12mm"; VariantName = "[No Variations]"
Add component (AddParameter): Name = "Length"; Value = "19.5mm"; VariantName = "[No Variations]"
Add component (AddParameter): Name = "Max Operating Temperature"; Value = "80°C"; VariantName = "[No Variations]"
Add component (AddParameter): Name = "Min Operating Temperature"; Value = "-25°C"; VariantName = "[No Variations]"
Add component (AddParameter): Name = "Mount"; Value = "Through Hole"; VariantName = "[No Variations]"
Add component (AddParameter): Name = "Number of Channels"; Value = "2"; VariantName = "[No Variations]"
Add component (AddParameter): Name = "Orientation"; Value = "Vertical"; VariantName = "[No Variations]"
Add component (AddParameter): Name = "Output Type"; Value = "Quadrature"; VariantName = "[No Variations]"
Add component (AddParameter): Name = "Package Quantity"; Value = "75"; VariantName = "[No Variations]"
Add component (AddParameter): Name = "Packaging"; Value = "Bulk"; VariantName = "[No Variations]"
Add component (AddParameter): Name = "Pulses per Revolution"; Value = "20"; VariantName = "[No Variations]"
Add component (AddParameter): Name = "RoHS Compliant"; Value = "Yes"; VariantName = "[No Variations]"
Add component (AddParameter): Name = "Series"; Value = "PEC11"; VariantName = "[No Variations]"
Add component (AddParameter): Name = "Termination"; Value = "PC Pin"; VariantName = "[No Variations]"
Add component (AddParameter): Name = "Width"; Value = "11.8mm"; VariantName = "[No Variations]"
Added Component: Designator=IC1(ESP32S3WROOM1)
Add component (AddParameter): Name = "Arrow Part Number"; Value = ""; VariantName = "[No Variations]"
Add component (AddParameter): Name = "Arrow Price/Stock"; Value = ""; VariantName = "[No Variations]"
Add component (AddParameter): Name = "Datasheet Link"; Value = "https://www.mouser.com/catalog/specsheets/Espressif_ESP32_S3_WROOM_1_1U_Preliminary.pdf"; VariantName = "[No Variations]"
Add component (AddParameter): Name = "Height"; Value = "3.25mm"; VariantName = "[No Variations]"
Add component (AddParameter): Name = "Manufacturer_Name"; Value = "Espressif Systems"; VariantName = "[No Variations]"
Add component (AddParameter): Name = "Manufacturer_Part_Number"; Value = "ESP32-S3-WROOM-1"; VariantName = "[No Variations]"
Add component (AddParameter): Name = "Mouser Part Number"; Value = ""; VariantName = "[No Variations]"
Add component (AddParameter): Name = "Mouser Price/Stock"; Value = ""; VariantName = "[No Variations]"
Added Component: Designator=J1(FP-PJ-002BH-SMT-TR-MFG)
Add component (AddParameter): Name = "Automotive"; Value = "No"; VariantName = "[No Variations]"
Add component (AddParameter): Name = "Category"; Value = "Conn"; VariantName = "[No Variations]"
Add component (AddParameter): Name = "ComponentLink2Description"; Value = "Datasheet"; VariantName = "[No Variations]"
Add component (AddParameter): Name = "ComponentLink2URL"; Value = "https://www.cuidevices.com/product/resource/digikeypdf/pj-002bh-smt-tr.pdf"; VariantName = "[No Variations]"
Add component (AddParameter): Name = "Conn Gender"; Value = "Male"; VariantName = "[No Variations]"
Add component (AddParameter): Name = "Conn Orientation"; Value = "Right Angle"; VariantName = "[No Variations]"
Add component (AddParameter): Name = "Contact Material"; Value = "Nickel,Silver"; VariantName = "[No Variations]"
Add component (AddParameter): Name = "Current Rating"; Value = "5A"; VariantName = "[No Variations]"
Add component (AddParameter): Name = "Device Class L1"; Value = "Connectors"; VariantName = "[No Variations]"
Add component (AddParameter): Name = "Device Class L2"; Value = "Power Connectors"; VariantName = "[No Variations]"
Add component (AddParameter): Name = "Device Class L3"; Value = "unset"; VariantName = "[No Variations]"
Add component (AddParameter): Name = "Digikey Description"; Value = "CONN PWR JACK 2.5X5.5MM SOLDER"; VariantName = "[No Variations]"
Add component (AddParameter): Name = "Height"; Value = "11.43mm"; VariantName = "[No Variations]"
Add component (AddParameter): Name = "Lead Free"; Value = "Yes"; VariantName = "[No Variations]"
Add component (AddParameter): Name = "Manufacturer"; Value = "CUI Inc"; VariantName = "[No Variations]"
Add component (AddParameter): Name = "Manufacturer Part Number"; Value = "PJ-002BH-SMT-TR"; VariantName = "[No Variations]"
Add component (AddParameter): Name = "Mouser Description"; Value = "2.5 mm Center Pin, 5.0 A, Right Angle, Surface Mount (SMT), Dc Power Jack Connector"; VariantName = "[No Variations]"
Add component (AddParameter): Name = "Number Of Contacts"; Value = "3"; VariantName = "[No Variations]"
Add component (AddParameter): Name = "Octopart"; Value = "https://octopart.com/pj-002bh-smt-tr-cui-25947151"; VariantName = "[No Variations]"
Add component (AddParameter): Name = "Package"; Value = "0"; VariantName = "[No Variations]"
Add component (AddParameter): Name = "RoHS"; Value = "TRUE"; VariantName = "[No Variations]"
Add component (AddParameter): Name = "Standoff Height"; Value = "0.1mm"; VariantName = "[No Variations]"
Add component (AddParameter): Name = "Temperature"; Value = "-25°C to +85°C"; VariantName = "[No Variations]"
Add component (AddParameter): Name = "Temperature Range High"; Value = "+85°C"; VariantName = "[No Variations]"
Add component (AddParameter): Name = "Temperature Range Low"; Value = "-25°C"; VariantName = "[No Variations]"
Add component (AddParameter): Name = "Voltage Rating"; Value = "24V"; VariantName = "[No Variations]"
Added Component: Designator=J2(MOLX-52437-2471)
Add component (AddParameter): Name = "Circuits (Loaded)"; Value = "24"; VariantName = "[No Variations]"
Add component (AddParameter): Name = "ComponentLink1Description"; Value = "Manufacturer URL"; VariantName = "[No Variations]"
Add component (AddParameter): Name = "ComponentLink1URL"; Value = "http://www.molex.com/molex/index.jsp"; VariantName = "[No Variations]"
Add component (AddParameter): Name = "ComponentLink2Description"; Value = "Datasheet"; VariantName = "[No Variations]"
Add component (AddParameter): Name = "ComponentLink2URL"; Value = "http://www.molex.com/webdocs/datasheets/pdf/en-us/0524372471_FFC_FPC_CONNECTORS.pdf"; VariantName = "[No Variations]"
Add component (AddParameter): Name = "ComponentLink3Description"; Value = "Package Specification"; VariantName = "[No Variations]"
Add component (AddParameter): Name = "ComponentLink3URL"; Value = "http://www.molex.com/pdm_docs/sd/524372471_sd.pdf"; VariantName = "[No Variations]"
Add component (AddParameter): Name = "Contact Position"; Value = "Bottom"; VariantName = "[No Variations]"
Add component (AddParameter): Name = "Current (Max per Contact)"; Value = "0.5A"; VariantName = "[No Variations]"
Add component (AddParameter): Name = "Durability (mating cycles max)"; Value = "20"; VariantName = "[No Variations]"
Add component (AddParameter): Name = "Entry Angle"; Value = "90degrees Angle"; VariantName = "[No Variations]"
Add component (AddParameter): Name = "Manufacturer"; Value = "Molex"; VariantName = "[No Variations]"
Add component (AddParameter): Name = "Material - Metal"; Value = "Phosphor Bronze"; VariantName = "[No Variations]"
Add component (AddParameter): Name = "Material - Plating Mating"; Value = "Gold"; VariantName = "[No Variations]"
Add component (AddParameter): Name = "Material - Plating Termination"; Value = "Gold"; VariantName = "[No Variations]"
Add component (AddParameter): Name = "Mounting Technology"; Value = "Surface Mount"; VariantName = "[No Variations]"
Add component (AddParameter): Name = "Number of Rows"; Value = "1"; VariantName = "[No Variations]"
Add component (AddParameter): Name = "Orientation"; Value = "Right Angle"; VariantName = "[No Variations]"
Add component (AddParameter): Name = "PackageDescription"; Value = "24-Lead FPC Connector, Pitch 0.5 mm"; VariantName = "[No Variations]"
Add component (AddParameter): Name = "PackageReference"; Value = "52437-2471"; VariantName = "[No Variations]"
Add component (AddParameter): Name = "PackageVersion"; Value = "Rev. E, 07/2013"; VariantName = "[No Variations]"
Add component (AddParameter): Name = "Packing"; Value = "Tape and Reel"; VariantName = "[No Variations]"
Add component (AddParameter): Name = "PartNumber"; Value = "52437-2471"; VariantName = "[No Variations]"
Add component (AddParameter): Name = "PCB Locator"; Value = "No"; VariantName = "[No Variations]"
Add component (AddParameter): Name = "PCB Retention"; Value = "None"; VariantName = "[No Variations]"
Add component (AddParameter): Name = "Pitch - Mating Interface"; Value = "0.50mm"; VariantName = "[No Variations]"
Add component (AddParameter): Name = "Polarized to PCB"; Value = "Yes"; VariantName = "[No Variations]"
Add component (AddParameter): Name = "RoHS"; Value = "TRUE"; VariantName = "[No Variations]"
Add component (AddParameter): Name = "Stackable"; Value = "No"; VariantName = "[No Variations]"
Add component (AddParameter): Name = "Voltage (Max)"; Value = "50V"; VariantName = "[No Variations]"
Added Component: Designator=J3(670688000)
Add component (AddParameter): Name = "Arrow Part Number"; Value = ""; VariantName = "[No Variations]"
Add component (AddParameter): Name = "Arrow Price/Stock"; Value = ""; VariantName = "[No Variations]"
Add component (AddParameter): Name = "Datasheet Link"; Value = "https://www.molex.com/pdm_docs/sd/670688000_sd.pdf"; VariantName = "[No Variations]"
Add component (AddParameter): Name = "Height"; Value = "11mm"; VariantName = "[No Variations]"
Add component (AddParameter): Name = "Manufacturer_Name"; Value = "Molex"; VariantName = "[No Variations]"
Add component (AddParameter): Name = "Manufacturer_Part_Number"; Value = "67068-8000"; VariantName = "[No Variations]"
Add component (AddParameter): Name = "Mouser Part Number"; Value = "538-67068-8000"; VariantName = "[No Variations]"
Add component (AddParameter): Name = "Mouser Price/Stock"; Value = "https://www.mouser.co.uk/ProductDetail/Molex/67068-8000?qs=N76qWb2E9MLsLGBiHvIzzg%3D%3D"; VariantName = "[No Variations]"
Added Component: Designator=J4(2.54-2PLTDK)
Added Component: Designator=J5(2.54-2PLTDK)
Added Component: Designator=L1(WE-PD_1050P)
Add component (AddParameter): Name = "Ambient Temperature Range High"; Value = "110°C"; VariantName = "[No Variations]"
Add component (AddParameter): Name = "Ambient Temperature Range Low"; Value = "-40°C"; VariantName = "[No Variations]"
Add component (AddParameter): Name = "Case/Package"; Value = "Nonstandard"; VariantName = "[No Variations]"
Add component (AddParameter): Name = "Composition"; Value = "Wirewound"; VariantName = "[No Variations]"
Add component (AddParameter): Name = "Core Material"; Value = "Ferrite"; VariantName = "[No Variations]"
Add component (AddParameter): Name = "Current Rating"; Value = "3A"; VariantName = "[No Variations]"
Add component (AddParameter): Name = "DC Resistance (DCR)"; Value = "42mO"; VariantName = "[No Variations]"
Add component (AddParameter): Name = "Depth"; Value = "10mm"; VariantName = "[No Variations]"
Add component (AddParameter): Name = "Height"; Value = "5mm"; VariantName = "[No Variations]"
Add component (AddParameter): Name = "Height - Seated (Max)"; Value = "5.0038mm"; VariantName = "[No Variations]"
Add component (AddParameter): Name = "Inductance"; Value = "22µH"; VariantName = "[No Variations]"
Add component (AddParameter): Name = "Inductance Tolerance"; Value = "20%"; VariantName = "[No Variations]"
Add component (AddParameter): Name = "Length"; Value = "10mm"; VariantName = "[No Variations]"
Add component (AddParameter): Name = "Max DC Current"; Value = "3A"; VariantName = "[No Variations]"
Add component (AddParameter): Name = "Max Operating Temperature"; Value = "150°C"; VariantName = "[No Variations]"
Add component (AddParameter): Name = "Min Operating Temperature"; Value = "-40°C"; VariantName = "[No Variations]"
Add component (AddParameter): Name = "Mount"; Value = "Surface Mount"; VariantName = "[No Variations]"
Add component (AddParameter): Name = "NexarPartId"; Value = "22866943"; VariantName = "[No Variations]"
Add component (AddParameter): Name = "Number of Pins"; Value = "2"; VariantName = "[No Variations]"
Add component (AddParameter): Name = "Packaging"; Value = "Tape & Reel (TR)"; VariantName = "[No Variations]"
Add component (AddParameter): Name = "REACH SVHC"; Value = "Unknown"; VariantName = "[No Variations]"
Add component (AddParameter): Name = "Resistance"; Value = "50mO"; VariantName = "[No Variations]"
Add component (AddParameter): Name = "RMS Current (Irms)"; Value = "3A"; VariantName = "[No Variations]"
Add component (AddParameter): Name = "RoHS"; Value = "Compliant"; VariantName = "[No Variations]"
Add component (AddParameter): Name = "Saturation Current"; Value = "3.6A"; VariantName = "[No Variations]"
Add component (AddParameter): Name = "Self Resonant Frequency"; Value = "14.5MHz"; VariantName = "[No Variations]"
Add component (AddParameter): Name = "Series Resistance"; Value = "50mO"; VariantName = "[No Variations]"
Add component (AddParameter): Name = "Shielding"; Value = "Shielded"; VariantName = "[No Variations]"
Add component (AddParameter): Name = "Termination"; Value = "SMD/SMT"; VariantName = "[No Variations]"
Add component (AddParameter): Name = "Test Frequency"; Value = "100kHz"; VariantName = "[No Variations]"
Add component (AddParameter): Name = "Tolerance"; Value = "20%"; VariantName = "[No Variations]"
Add component (AddParameter): Name = "Width"; Value = "10mm"; VariantName = "[No Variations]"
Added Component: Designator=P1(MOLX-22-27-2041_V)
Add component (AddParameter): Name = "Contact material"; Value = "Tinplatedbrass"; VariantName = "[No Variations]"
Add component (AddParameter): Name = "Current rating"; Value = "4A"; VariantName = "[No Variations]"
Add component (AddParameter): Name = "Datasheet URL"; Value = "http://www.molex.com/pdm_docs/sd/022272041_sd.pdf"; VariantName = "[No Variations]"
Add component (AddParameter): Name = "Datasheet Version"; Value = "Rev. F, 06/2009"; VariantName = "[No Variations]"
Add component (AddParameter): Name = "Housing material"; Value = "Nylon(UL94V-0)"; VariantName = "[No Variations]"
Add component (AddParameter): Name = "Manufacturer"; Value = "Molex"; VariantName = "[No Variations]"
Add component (AddParameter): Name = "Manufacturer URL"; Value = "http://www.molex.com/"; VariantName = "[No Variations]"
Add component (AddParameter): Name = "Operating temperature"; Value = "0degCto+75degC"; VariantName = "[No Variations]"
Add component (AddParameter): Name = "Voltage rating"; Value = "250V"; VariantName = "[No Variations]"
Added Component: Designator=P2(MOLX-22-27-2041_V)
Add component (AddParameter): Name = "Contact material"; Value = "Tinplatedbrass"; VariantName = "[No Variations]"
Add component (AddParameter): Name = "Current rating"; Value = "4A"; VariantName = "[No Variations]"
Add component (AddParameter): Name = "Datasheet URL"; Value = "http://www.molex.com/pdm_docs/sd/022272041_sd.pdf"; VariantName = "[No Variations]"
Add component (AddParameter): Name = "Datasheet Version"; Value = "Rev. F, 06/2009"; VariantName = "[No Variations]"
Add component (AddParameter): Name = "Housing material"; Value = "Nylon(UL94V-0)"; VariantName = "[No Variations]"
Add component (AddParameter): Name = "Manufacturer"; Value = "Molex"; VariantName = "[No Variations]"
Add component (AddParameter): Name = "Manufacturer URL"; Value = "http://www.molex.com/"; VariantName = "[No Variations]"
Add component (AddParameter): Name = "Operating temperature"; Value = "0degCto+75degC"; VariantName = "[No Variations]"
Add component (AddParameter): Name = "Voltage rating"; Value = "250V"; VariantName = "[No Variations]"
Added Component: Designator=Q1(ONSC-SOT-23-3-318-08_V)
Add component (AddParameter): Name = "ComponentLink1Description"; Value = "Manufacturer URL"; VariantName = "[No Variations]"
Add component (AddParameter): Name = "ComponentLink1URL"; Value = "http://www.onsemi.com/"; VariantName = "[No Variations]"
Add component (AddParameter): Name = "ComponentLink2Description"; Value = "Datasheet"; VariantName = "[No Variations]"
Add component (AddParameter): Name = "ComponentLink2URL"; Value = "http://www.onsemi.cn/pub_link/Collateral/MMBT5550LT1-D.PDF"; VariantName = "[No Variations]"
Add component (AddParameter): Name = "ComponentLink3Description"; Value = "Package Specification"; VariantName = "[No Variations]"
Add component (AddParameter): Name = "ComponentLink3URL"; Value = "http://www.onsemi.cn/pub_link/Collateral/318-08.PDF"; VariantName = "[No Variations]"
Add component (AddParameter): Name = "DatasheetVersion"; Value = "Rev. 10"; VariantName = "[No Variations]"
Add component (AddParameter): Name = "IC Continuous (A)"; Value = "0.6"; VariantName = "[No Variations]"
Add component (AddParameter): Name = "Manufacturer"; Value = "On Semiconductor"; VariantName = "[No Variations]"
Add component (AddParameter): Name = "Mounting Technology"; Value = "Surface Mount"; VariantName = "[No Variations]"
Add component (AddParameter): Name = "PackageDescription"; Value = "3-Pin Small Outline Transistor, Body 2.92 x 1.3 mm, Pitch 0.95 mm"; VariantName = "[No Variations]"
Add component (AddParameter): Name = "PackageReference"; Value = "SOT-23-3-318-08"; VariantName = "[No Variations]"
Add component (AddParameter): Name = "PackageVersion"; Value = "Rev. AP, 11/2009"; VariantName = "[No Variations]"
Add component (AddParameter): Name = "Packing"; Value = "Tape and Reel"; VariantName = "[No Variations]"
Add component (AddParameter): Name = "PartNumber"; Value = "MMBT5551LT1G"; VariantName = "[No Variations]"
Add component (AddParameter): Name = "Polarity"; Value = "NPN"; VariantName = "[No Variations]"
Add component (AddParameter): Name = "RoHS"; Value = "TRUE"; VariantName = "[No Variations]"
Added Component: Designator=Q2(ONSC-SOT-23-3-318-08_V)
Add component (AddParameter): Name = "ComponentLink1Description"; Value = "Manufacturer URL"; VariantName = "[No Variations]"
Add component (AddParameter): Name = "ComponentLink1URL"; Value = "http://www.onsemi.com/"; VariantName = "[No Variations]"
Add component (AddParameter): Name = "ComponentLink2Description"; Value = "Datasheet"; VariantName = "[No Variations]"
Add component (AddParameter): Name = "ComponentLink2URL"; Value = "http://www.onsemi.cn/pub_link/Collateral/MMBT5550LT1-D.PDF"; VariantName = "[No Variations]"
Add component (AddParameter): Name = "ComponentLink3Description"; Value = "Package Specification"; VariantName = "[No Variations]"
Add component (AddParameter): Name = "ComponentLink3URL"; Value = "http://www.onsemi.cn/pub_link/Collateral/318-08.PDF"; VariantName = "[No Variations]"
Add component (AddParameter): Name = "DatasheetVersion"; Value = "Rev. 10"; VariantName = "[No Variations]"
Add component (AddParameter): Name = "IC Continuous (A)"; Value = "0.6"; VariantName = "[No Variations]"
Add component (AddParameter): Name = "Manufacturer"; Value = "On Semiconductor"; VariantName = "[No Variations]"
Add component (AddParameter): Name = "Mounting Technology"; Value = "Surface Mount"; VariantName = "[No Variations]"
Add component (AddParameter): Name = "PackageDescription"; Value = "3-Pin Small Outline Transistor, Body 2.92 x 1.3 mm, Pitch 0.95 mm"; VariantName = "[No Variations]"
Add component (AddParameter): Name = "PackageReference"; Value = "SOT-23-3-318-08"; VariantName = "[No Variations]"
Add component (AddParameter): Name = "PackageVersion"; Value = "Rev. AP, 11/2009"; VariantName = "[No Variations]"
Add component (AddParameter): Name = "Packing"; Value = "Tape and Reel"; VariantName = "[No Variations]"
Add component (AddParameter): Name = "PartNumber"; Value = "MMBT5551LT1G"; VariantName = "[No Variations]"
Add component (AddParameter): Name = "Polarity"; Value = "NPN"; VariantName = "[No Variations]"
Add component (AddParameter): Name = "RoHS"; Value = "TRUE"; VariantName = "[No Variations]"
Added Component: Designator=R1(RES 0603_1608)
Add component (AddParameter): Name = "ComponentLink1Description"; Value = "Datasheet"; VariantName = "[No Variations]"
Add component (AddParameter): Name = "ComponentLink1URL"; Value = "https://www.seielect.com/catalog/sei-rncf.pdf"; VariantName = "[No Variations]"
Add component (AddParameter): Name = "ComponentLink2Description"; Value = "DigiKey Link"; VariantName = "[No Variations]"
Add component (AddParameter): Name = "ComponentLink2URL"; Value = "https://www.digikey.com/en/products/detail/stackpole-electronics-inc/RNCF0603DTE23K2/6264115"; VariantName = "[No Variations]"
Add component (AddParameter): Name = "Composition"; Value = "Thin Film"; VariantName = "[No Variations]"
Add component (AddParameter): Name = "Device Package"; Value = "0603 (1608 Metric)"; VariantName = "[No Variations]"
Add component (AddParameter): Name = "Features"; Value = "Automotive AEC-Q200"; VariantName = "[No Variations]"
Add component (AddParameter): Name = "Height - Seated (Max)"; Value = "0.022" (0.55mm)"; VariantName = "[No Variations]"
Add component (AddParameter): Name = "LastUpdated"; Value = "2022-05-20 3:01:33 PM"; VariantName = "[No Variations]"
Add component (AddParameter): Name = "Lifecycle Status"; Value = "Active"; VariantName = "[No Variations]"
Add component (AddParameter): Name = "Manufacturer"; Value = "Stackpole Electronics Inc"; VariantName = "[No Variations]"
Add component (AddParameter): Name = "Minimum Order"; Value = "1"; VariantName = "[No Variations]"
Add component (AddParameter): Name = "Number of Terminations"; Value = "2"; VariantName = "[No Variations]"
Add component (AddParameter): Name = "Operating Temperature"; Value = "-55°C ~ 155°C"; VariantName = "[No Variations]"
Add component (AddParameter): Name = "Package / Case"; Value = "0603 (1608 Metric)"; VariantName = "[No Variations]"
Add component (AddParameter): Name = "Packaging"; Value = "TapeAndReel"; VariantName = "[No Variations]"
Add component (AddParameter): Name = "Part Number"; Value = "RNCF0603DTE23K2"; VariantName = "[No Variations]"
Add component (AddParameter): Name = "Part Status"; Value = "Active"; VariantName = "[No Variations]"
Add component (AddParameter): Name = "PartId"; Value = "5426"; VariantName = "[No Variations]"
Add component (AddParameter): Name = "Power (Watts)"; Value = "0.1W, 1/10W"; VariantName = "[No Variations]"
Add component (AddParameter): Name = "Price"; Value = "0.01"; VariantName = "[No Variations]"
Add component (AddParameter): Name = "Ratings"; Value = "AEC-Q200"; VariantName = "[No Variations]"
Add component (AddParameter): Name = "Resistance"; Value = "10.2k"; VariantName = "[No Variations]"
Add component (AddParameter): Name = "Series"; Value = "RNCF"; VariantName = "[No Variations]"
Add component (AddParameter): Name = "Size / Dimension"; Value = "0.061" L x 0.031" W (1.55mm x 0.80mm)"; VariantName = "[No Variations]"
Add component (AddParameter): Name = "Supplier 1"; Value = "DigiKey"; VariantName = "[No Variations]"
Add component (AddParameter): Name = "Supplier Device Package"; Value = "0603"; VariantName = "[No Variations]"
Add component (AddParameter): Name = "Supplier Part Number 1"; Value = "RNCF0603DTE23K2CT-ND"; VariantName = "[No Variations]"
Add component (AddParameter): Name = "Temperature Coefficient"; Value = "±25ppm/°C"; VariantName = "[No Variations]"
Add component (AddParameter): Name = "Tolerance"; Value = "±0.5%"; VariantName = "[No Variations]"
Add component (AddParameter): Name = "Value"; Value = "10.2k"; VariantName = "[No Variations]"
Added Component: Designator=R2(RES 0603_1608)
Add component (AddParameter): Name = "ComponentLink1Description"; Value = "Datasheet"; VariantName = "[No Variations]"
Add component (AddParameter): Name = "ComponentLink1URL"; Value = "https://www.seielect.com/catalog/sei-rncf.pdf"; VariantName = "[No Variations]"
Add component (AddParameter): Name = "ComponentLink2Description"; Value = "DigiKey Link"; VariantName = "[No Variations]"
Add component (AddParameter): Name = "ComponentLink2URL"; Value = "https://www.digikey.com/en/products/detail/stackpole-electronics-inc/RNCF0603DTE23K2/6264115"; VariantName = "[No Variations]"
Add component (AddParameter): Name = "Composition"; Value = "Thin Film"; VariantName = "[No Variations]"
Add component (AddParameter): Name = "Device Package"; Value = "0603 (1608 Metric)"; VariantName = "[No Variations]"
Add component (AddParameter): Name = "Features"; Value = "Automotive AEC-Q200"; VariantName = "[No Variations]"
Add component (AddParameter): Name = "Height - Seated (Max)"; Value = "0.022" (0.55mm)"; VariantName = "[No Variations]"
Add component (AddParameter): Name = "LastUpdated"; Value = "2022-05-20 3:01:33 PM"; VariantName = "[No Variations]"
Add component (AddParameter): Name = "Lifecycle Status"; Value = "Active"; VariantName = "[No Variations]"
Add component (AddParameter): Name = "Manufacturer"; Value = "Stackpole Electronics Inc"; VariantName = "[No Variations]"
Add component (AddParameter): Name = "Minimum Order"; Value = "1"; VariantName = "[No Variations]"
Add component (AddParameter): Name = "Number of Terminations"; Value = "2"; VariantName = "[No Variations]"
Add component (AddParameter): Name = "Operating Temperature"; Value = "-55°C ~ 155°C"; VariantName = "[No Variations]"
Add component (AddParameter): Name = "Package / Case"; Value = "0603 (1608 Metric)"; VariantName = "[No Variations]"
Add component (AddParameter): Name = "Packaging"; Value = "TapeAndReel"; VariantName = "[No Variations]"
Add component (AddParameter): Name = "Part Number"; Value = "RNCF0603DTE23K2"; VariantName = "[No Variations]"
Add component (AddParameter): Name = "Part Status"; Value = "Active"; VariantName = "[No Variations]"
Add component (AddParameter): Name = "PartId"; Value = "5426"; VariantName = "[No Variations]"
Add component (AddParameter): Name = "Power (Watts)"; Value = "0.1W, 1/10W"; VariantName = "[No Variations]"
Add component (AddParameter): Name = "Price"; Value = "0.01"; VariantName = "[No Variations]"
Add component (AddParameter): Name = "Ratings"; Value = "AEC-Q200"; VariantName = "[No Variations]"
Add component (AddParameter): Name = "Resistance"; Value = "470R"; VariantName = "[No Variations]"
Add component (AddParameter): Name = "Series"; Value = "RNCF"; VariantName = "[No Variations]"
Add component (AddParameter): Name = "Size / Dimension"; Value = "0.061" L x 0.031" W (1.55mm x 0.80mm)"; VariantName = "[No Variations]"
Add component (AddParameter): Name = "Supplier 1"; Value = "DigiKey"; VariantName = "[No Variations]"
Add component (AddParameter): Name = "Supplier Device Package"; Value = "0603"; VariantName = "[No Variations]"
Add component (AddParameter): Name = "Supplier Part Number 1"; Value = "RNCF0603DTE23K2CT-ND"; VariantName = "[No Variations]"
Add component (AddParameter): Name = "Temperature Coefficient"; Value = "±25ppm/°C"; VariantName = "[No Variations]"
Add component (AddParameter): Name = "Tolerance"; Value = "±0.5%"; VariantName = "[No Variations]"
Add component (AddParameter): Name = "Value"; Value = "470R"; VariantName = "[No Variations]"
Added Component: Designator=R3(RES 0603_1608)
Add component (AddParameter): Name = "ComponentLink1Description"; Value = "Datasheet"; VariantName = "[No Variations]"
Add component (AddParameter): Name = "ComponentLink1URL"; Value = "https://www.seielect.com/catalog/sei-rncf.pdf"; VariantName = "[No Variations]"
Add component (AddParameter): Name = "ComponentLink2Description"; Value = "DigiKey Link"; VariantName = "[No Variations]"
Add component (AddParameter): Name = "ComponentLink2URL"; Value = "https://www.digikey.com/en/products/detail/stackpole-electronics-inc/RNCF0603DTE23K2/6264115"; VariantName = "[No Variations]"
Add component (AddParameter): Name = "Composition"; Value = "Thin Film"; VariantName = "[No Variations]"
Add component (AddParameter): Name = "Device Package"; Value = "0603 (1608 Metric)"; VariantName = "[No Variations]"
Add component (AddParameter): Name = "Features"; Value = "Automotive AEC-Q200"; VariantName = "[No Variations]"
Add component (AddParameter): Name = "Height - Seated (Max)"; Value = "0.022" (0.55mm)"; VariantName = "[No Variations]"
Add component (AddParameter): Name = "LastUpdated"; Value = "2022-05-20 3:01:33 PM"; VariantName = "[No Variations]"
Add component (AddParameter): Name = "Lifecycle Status"; Value = "Active"; VariantName = "[No Variations]"
Add component (AddParameter): Name = "Manufacturer"; Value = "Stackpole Electronics Inc"; VariantName = "[No Variations]"
Add component (AddParameter): Name = "Minimum Order"; Value = "1"; VariantName = "[No Variations]"
Add component (AddParameter): Name = "Number of Terminations"; Value = "2"; VariantName = "[No Variations]"
Add component (AddParameter): Name = "Operating Temperature"; Value = "-55°C ~ 155°C"; VariantName = "[No Variations]"
Add component (AddParameter): Name = "Package / Case"; Value = "0603 (1608 Metric)"; VariantName = "[No Variations]"
Add component (AddParameter): Name = "Packaging"; Value = "TapeAndReel"; VariantName = "[No Variations]"
Add component (AddParameter): Name = "Part Number"; Value = "RNCF0603DTE23K2"; VariantName = "[No Variations]"
Add component (AddParameter): Name = "Part Status"; Value = "Active"; VariantName = "[No Variations]"
Add component (AddParameter): Name = "PartId"; Value = "5426"; VariantName = "[No Variations]"
Add component (AddParameter): Name = "Power (Watts)"; Value = "0.1W, 1/10W"; VariantName = "[No Variations]"
Add component (AddParameter): Name = "Price"; Value = "0.01"; VariantName = "[No Variations]"
Add component (AddParameter): Name = "Ratings"; Value = "AEC-Q200"; VariantName = "[No Variations]"
Add component (AddParameter): Name = "Resistance"; Value = "3.9k"; VariantName = "[No Variations]"
Add component (AddParameter): Name = "Series"; Value = "RNCF"; VariantName = "[No Variations]"
Add component (AddParameter): Name = "Size / Dimension"; Value = "0.061" L x 0.031" W (1.55mm x 0.80mm)"; VariantName = "[No Variations]"
Add component (AddParameter): Name = "Supplier 1"; Value = "DigiKey"; VariantName = "[No Variations]"
Add component (AddParameter): Name = "Supplier Device Package"; Value = "0603"; VariantName = "[No Variations]"
Add component (AddParameter): Name = "Supplier Part Number 1"; Value = "RNCF0603DTE23K2CT-ND"; VariantName = "[No Variations]"
Add component (AddParameter): Name = "Temperature Coefficient"; Value = "±25ppm/°C"; VariantName = "[No Variations]"
Add component (AddParameter): Name = "Tolerance"; Value = "±0.5%"; VariantName = "[No Variations]"
Add component (AddParameter): Name = "Value"; Value = "3.9k"; VariantName = "[No Variations]"
Added Component: Designator=R4(RES 0603_1608)
Add component (AddParameter): Name = "ComponentLink1Description"; Value = "Datasheet"; VariantName = "[No Variations]"
Add component (AddParameter): Name = "ComponentLink1URL"; Value = "https://www.seielect.com/catalog/sei-rncf.pdf"; VariantName = "[No Variations]"
Add component (AddParameter): Name = "ComponentLink2Description"; Value = "DigiKey Link"; VariantName = "[No Variations]"
Add component (AddParameter): Name = "ComponentLink2URL"; Value = "https://www.digikey.com/en/products/detail/stackpole-electronics-inc/RNCF0603DTE23K2/6264115"; VariantName = "[No Variations]"
Add component (AddParameter): Name = "Composition"; Value = "Thin Film"; VariantName = "[No Variations]"
Add component (AddParameter): Name = "Device Package"; Value = "0603 (1608 Metric)"; VariantName = "[No Variations]"
Add component (AddParameter): Name = "Features"; Value = "Automotive AEC-Q200"; VariantName = "[No Variations]"
Add component (AddParameter): Name = "Height - Seated (Max)"; Value = "0.022" (0.55mm)"; VariantName = "[No Variations]"
Add component (AddParameter): Name = "LastUpdated"; Value = "2022-05-20 3:01:33 PM"; VariantName = "[No Variations]"
Add component (AddParameter): Name = "Lifecycle Status"; Value = "Active"; VariantName = "[No Variations]"
Add component (AddParameter): Name = "Manufacturer"; Value = "Stackpole Electronics Inc"; VariantName = "[No Variations]"
Add component (AddParameter): Name = "Minimum Order"; Value = "1"; VariantName = "[No Variations]"
Add component (AddParameter): Name = "Number of Terminations"; Value = "2"; VariantName = "[No Variations]"
Add component (AddParameter): Name = "Operating Temperature"; Value = "-55°C ~ 155°C"; VariantName = "[No Variations]"
Add component (AddParameter): Name = "Package / Case"; Value = "0603 (1608 Metric)"; VariantName = "[No Variations]"
Add component (AddParameter): Name = "Packaging"; Value = "TapeAndReel"; VariantName = "[No Variations]"
Add component (AddParameter): Name = "Part Number"; Value = "RNCF0603DTE23K2"; VariantName = "[No Variations]"
Add component (AddParameter): Name = "Part Status"; Value = "Active"; VariantName = "[No Variations]"
Add component (AddParameter): Name = "PartId"; Value = "5426"; VariantName = "[No Variations]"
Add component (AddParameter): Name = "Power (Watts)"; Value = "0.1W, 1/10W"; VariantName = "[No Variations]"
Add component (AddParameter): Name = "Price"; Value = "0.01"; VariantName = "[No Variations]"
Add component (AddParameter): Name = "Ratings"; Value = "AEC-Q200"; VariantName = "[No Variations]"
Add component (AddParameter): Name = "Resistance"; Value = "10.5k"; VariantName = "[No Variations]"
Add component (AddParameter): Name = "Series"; Value = "RNCF"; VariantName = "[No Variations]"
Add component (AddParameter): Name = "Size / Dimension"; Value = "0.061" L x 0.031" W (1.55mm x 0.80mm)"; VariantName = "[No Variations]"
Add component (AddParameter): Name = "Supplier 1"; Value = "DigiKey"; VariantName = "[No Variations]"
Add component (AddParameter): Name = "Supplier Device Package"; Value = "0603"; VariantName = "[No Variations]"
Add component (AddParameter): Name = "Supplier Part Number 1"; Value = "RNCF0603DTE23K2CT-ND"; VariantName = "[No Variations]"
Add component (AddParameter): Name = "Temperature Coefficient"; Value = "±25ppm/°C"; VariantName = "[No Variations]"
Add component (AddParameter): Name = "Tolerance"; Value = "±0.5%"; VariantName = "[No Variations]"
Add component (AddParameter): Name = "Value"; Value = "10.5k"; VariantName = "[No Variations]"
Added Component: Designator=R5(RES 0603_1608)
Add component (AddParameter): Name = "ComponentLink1Description"; Value = "Datasheet"; VariantName = "[No Variations]"
Add component (AddParameter): Name = "ComponentLink1URL"; Value = "https://www.seielect.com/catalog/sei-rncf.pdf"; VariantName = "[No Variations]"
Add component (AddParameter): Name = "ComponentLink2Description"; Value = "DigiKey Link"; VariantName = "[No Variations]"
Add component (AddParameter): Name = "ComponentLink2URL"; Value = "https://www.digikey.com/en/products/detail/stackpole-electronics-inc/RNCF0603DTE23K2/6264115"; VariantName = "[No Variations]"
Add component (AddParameter): Name = "Composition"; Value = "Thin Film"; VariantName = "[No Variations]"
Add component (AddParameter): Name = "Device Package"; Value = "0603 (1608 Metric)"; VariantName = "[No Variations]"
Add component (AddParameter): Name = "Features"; Value = "Automotive AEC-Q200"; VariantName = "[No Variations]"
Add component (AddParameter): Name = "Height - Seated (Max)"; Value = "0.022" (0.55mm)"; VariantName = "[No Variations]"
Add component (AddParameter): Name = "LastUpdated"; Value = "2022-05-20 3:01:33 PM"; VariantName = "[No Variations]"
Add component (AddParameter): Name = "Lifecycle Status"; Value = "Active"; VariantName = "[No Variations]"
Add component (AddParameter): Name = "Manufacturer"; Value = "Stackpole Electronics Inc"; VariantName = "[No Variations]"
Add component (AddParameter): Name = "Minimum Order"; Value = "1"; VariantName = "[No Variations]"
Add component (AddParameter): Name = "Number of Terminations"; Value = "2"; VariantName = "[No Variations]"
Add component (AddParameter): Name = "Operating Temperature"; Value = "-55°C ~ 155°C"; VariantName = "[No Variations]"
Add component (AddParameter): Name = "Package / Case"; Value = "0603 (1608 Metric)"; VariantName = "[No Variations]"
Add component (AddParameter): Name = "Packaging"; Value = "TapeAndReel"; VariantName = "[No Variations]"
Add component (AddParameter): Name = "Part Number"; Value = "RNCF0603DTE23K2"; VariantName = "[No Variations]"
Add component (AddParameter): Name = "Part Status"; Value = "Active"; VariantName = "[No Variations]"
Add component (AddParameter): Name = "PartId"; Value = "5426"; VariantName = "[No Variations]"
Add component (AddParameter): Name = "Power (Watts)"; Value = "0.1W, 1/10W"; VariantName = "[No Variations]"
Add component (AddParameter): Name = "Price"; Value = "0.01"; VariantName = "[No Variations]"
Add component (AddParameter): Name = "Ratings"; Value = "AEC-Q200"; VariantName = "[No Variations]"
Add component (AddParameter): Name = "Resistance"; Value = "33k"; VariantName = "[No Variations]"
Add component (AddParameter): Name = "Series"; Value = "RNCF"; VariantName = "[No Variations]"
Add component (AddParameter): Name = "Size / Dimension"; Value = "0.061" L x 0.031" W (1.55mm x 0.80mm)"; VariantName = "[No Variations]"
Add component (AddParameter): Name = "Supplier 1"; Value = "DigiKey"; VariantName = "[No Variations]"
Add component (AddParameter): Name = "Supplier Device Package"; Value = "0603"; VariantName = "[No Variations]"
Add component (AddParameter): Name = "Supplier Part Number 1"; Value = "RNCF0603DTE23K2CT-ND"; VariantName = "[No Variations]"
Add component (AddParameter): Name = "Temperature Coefficient"; Value = "±25ppm/°C"; VariantName = "[No Variations]"
Add component (AddParameter): Name = "Tolerance"; Value = "±0.5%"; VariantName = "[No Variations]"
Add component (AddParameter): Name = "Value"; Value = "33k"; VariantName = "[No Variations]"
Added Component: Designator=R6(RES 0603_1608)
Add component (AddParameter): Name = "ComponentLink1Description"; Value = "Datasheet"; VariantName = "[No Variations]"
Add component (AddParameter): Name = "ComponentLink1URL"; Value = "https://www.seielect.com/catalog/sei-rncf.pdf"; VariantName = "[No Variations]"
Add component (AddParameter): Name = "ComponentLink2Description"; Value = "DigiKey Link"; VariantName = "[No Variations]"
Add component (AddParameter): Name = "ComponentLink2URL"; Value = "https://www.digikey.com/en/products/detail/stackpole-electronics-inc/RNCF0603DTE23K2/6264115"; VariantName = "[No Variations]"
Add component (AddParameter): Name = "Composition"; Value = "Thin Film"; VariantName = "[No Variations]"
Add component (AddParameter): Name = "Device Package"; Value = "0603 (1608 Metric)"; VariantName = "[No Variations]"
Add component (AddParameter): Name = "Features"; Value = "Automotive AEC-Q200"; VariantName = "[No Variations]"
Add component (AddParameter): Name = "Height - Seated (Max)"; Value = "0.022" (0.55mm)"; VariantName = "[No Variations]"
Add component (AddParameter): Name = "LastUpdated"; Value = "2022-05-20 3:01:33 PM"; VariantName = "[No Variations]"
Add component (AddParameter): Name = "Lifecycle Status"; Value = "Active"; VariantName = "[No Variations]"
Add component (AddParameter): Name = "Manufacturer"; Value = "Stackpole Electronics Inc"; VariantName = "[No Variations]"
Add component (AddParameter): Name = "Minimum Order"; Value = "1"; VariantName = "[No Variations]"
Add component (AddParameter): Name = "Number of Terminations"; Value = "2"; VariantName = "[No Variations]"
Add component (AddParameter): Name = "Operating Temperature"; Value = "-55°C ~ 155°C"; VariantName = "[No Variations]"
Add component (AddParameter): Name = "Package / Case"; Value = "0603 (1608 Metric)"; VariantName = "[No Variations]"
Add component (AddParameter): Name = "Packaging"; Value = "TapeAndReel"; VariantName = "[No Variations]"
Add component (AddParameter): Name = "Part Number"; Value = "RNCF0603DTE23K2"; VariantName = "[No Variations]"
Add component (AddParameter): Name = "Part Status"; Value = "Active"; VariantName = "[No Variations]"
Add component (AddParameter): Name = "PartId"; Value = "5426"; VariantName = "[No Variations]"
Add component (AddParameter): Name = "Power (Watts)"; Value = "0.1W, 1/10W"; VariantName = "[No Variations]"
Add component (AddParameter): Name = "Price"; Value = "0.01"; VariantName = "[No Variations]"
Add component (AddParameter): Name = "Ratings"; Value = "AEC-Q200"; VariantName = "[No Variations]"
Add component (AddParameter): Name = "Resistance"; Value = "3.24k"; VariantName = "[No Variations]"
Add component (AddParameter): Name = "Series"; Value = "RNCF"; VariantName = "[No Variations]"
Add component (AddParameter): Name = "Size / Dimension"; Value = "0.061" L x 0.031" W (1.55mm x 0.80mm)"; VariantName = "[No Variations]"
Add component (AddParameter): Name = "Supplier 1"; Value = "DigiKey"; VariantName = "[No Variations]"
Add component (AddParameter): Name = "Supplier Device Package"; Value = "0603"; VariantName = "[No Variations]"
Add component (AddParameter): Name = "Supplier Part Number 1"; Value = "RNCF0603DTE23K2CT-ND"; VariantName = "[No Variations]"
Add component (AddParameter): Name = "Temperature Coefficient"; Value = "±25ppm/°C"; VariantName = "[No Variations]"
Add component (AddParameter): Name = "Tolerance"; Value = "±0.5%"; VariantName = "[No Variations]"
Add component (AddParameter): Name = "Value"; Value = "3.24k"; VariantName = "[No Variations]"
Added Component: Designator=R7(RES 0603_1608)
Add component (AddParameter): Name = "ComponentLink1Description"; Value = "Datasheet"; VariantName = "[No Variations]"
Add component (AddParameter): Name = "ComponentLink1URL"; Value = "https://www.seielect.com/catalog/sei-rncf.pdf"; VariantName = "[No Variations]"
Add component (AddParameter): Name = "ComponentLink2Description"; Value = "DigiKey Link"; VariantName = "[No Variations]"
Add component (AddParameter): Name = "ComponentLink2URL"; Value = "https://www.digikey.com/en/products/detail/stackpole-electronics-inc/RNCF0603DTE23K2/6264115"; VariantName = "[No Variations]"
Add component (AddParameter): Name = "Composition"; Value = "Thin Film"; VariantName = "[No Variations]"
Add component (AddParameter): Name = "Device Package"; Value = "0603 (1608 Metric)"; VariantName = "[No Variations]"
Add component (AddParameter): Name = "Features"; Value = "Automotive AEC-Q200"; VariantName = "[No Variations]"
Add component (AddParameter): Name = "Height - Seated (Max)"; Value = "0.022" (0.55mm)"; VariantName = "[No Variations]"
Add component (AddParameter): Name = "LastUpdated"; Value = "2022-05-20 3:01:33 PM"; VariantName = "[No Variations]"
Add component (AddParameter): Name = "Lifecycle Status"; Value = "Active"; VariantName = "[No Variations]"
Add component (AddParameter): Name = "Manufacturer"; Value = "Stackpole Electronics Inc"; VariantName = "[No Variations]"
Add component (AddParameter): Name = "Minimum Order"; Value = "1"; VariantName = "[No Variations]"
Add component (AddParameter): Name = "Number of Terminations"; Value = "2"; VariantName = "[No Variations]"
Add component (AddParameter): Name = "Operating Temperature"; Value = "-55°C ~ 155°C"; VariantName = "[No Variations]"
Add component (AddParameter): Name = "Package / Case"; Value = "0603 (1608 Metric)"; VariantName = "[No Variations]"
Add component (AddParameter): Name = "Packaging"; Value = "TapeAndReel"; VariantName = "[No Variations]"
Add component (AddParameter): Name = "Part Number"; Value = "RNCF0603DTE23K2"; VariantName = "[No Variations]"
Add component (AddParameter): Name = "Part Status"; Value = "Active"; VariantName = "[No Variations]"
Add component (AddParameter): Name = "PartId"; Value = "5426"; VariantName = "[No Variations]"
Add component (AddParameter): Name = "Power (Watts)"; Value = "0.1W, 1/10W"; VariantName = "[No Variations]"
Add component (AddParameter): Name = "Price"; Value = "0.01"; VariantName = "[No Variations]"
Add component (AddParameter): Name = "Ratings"; Value = "AEC-Q200"; VariantName = "[No Variations]"
Add component (AddParameter): Name = "Resistance"; Value = "10k"; VariantName = "[No Variations]"
Add component (AddParameter): Name = "Series"; Value = "RNCF"; VariantName = "[No Variations]"
Add component (AddParameter): Name = "Size / Dimension"; Value = "0.061" L x 0.031" W (1.55mm x 0.80mm)"; VariantName = "[No Variations]"
Add component (AddParameter): Name = "Supplier 1"; Value = "DigiKey"; VariantName = "[No Variations]"
Add component (AddParameter): Name = "Supplier Device Package"; Value = "0603"; VariantName = "[No Variations]"
Add component (AddParameter): Name = "Supplier Part Number 1"; Value = "RNCF0603DTE23K2CT-ND"; VariantName = "[No Variations]"
Add component (AddParameter): Name = "Temperature Coefficient"; Value = "±25ppm/°C"; VariantName = "[No Variations]"
Add component (AddParameter): Name = "Tolerance"; Value = "±0.5%"; VariantName = "[No Variations]"
Add component (AddParameter): Name = "Value"; Value = "10k"; VariantName = "[No Variations]"
Added Component: Designator=R8(RES 0603_1608)
Add component (AddParameter): Name = "ComponentLink1Description"; Value = "Datasheet"; VariantName = "[No Variations]"
Add component (AddParameter): Name = "ComponentLink1URL"; Value = "https://www.seielect.com/catalog/sei-rncf.pdf"; VariantName = "[No Variations]"
Add component (AddParameter): Name = "ComponentLink2Description"; Value = "DigiKey Link"; VariantName = "[No Variations]"
Add component (AddParameter): Name = "ComponentLink2URL"; Value = "https://www.digikey.com/en/products/detail/stackpole-electronics-inc/RNCF0603DTE23K2/6264115"; VariantName = "[No Variations]"
Add component (AddParameter): Name = "Composition"; Value = "Thin Film"; VariantName = "[No Variations]"
Add component (AddParameter): Name = "Device Package"; Value = "0603 (1608 Metric)"; VariantName = "[No Variations]"
Add component (AddParameter): Name = "Features"; Value = "Automotive AEC-Q200"; VariantName = "[No Variations]"
Add component (AddParameter): Name = "Height - Seated (Max)"; Value = "0.022" (0.55mm)"; VariantName = "[No Variations]"
Add component (AddParameter): Name = "LastUpdated"; Value = "2022-05-20 3:01:33 PM"; VariantName = "[No Variations]"
Add component (AddParameter): Name = "Lifecycle Status"; Value = "Active"; VariantName = "[No Variations]"
Add component (AddParameter): Name = "Manufacturer"; Value = "Stackpole Electronics Inc"; VariantName = "[No Variations]"
Add component (AddParameter): Name = "Minimum Order"; Value = "1"; VariantName = "[No Variations]"
Add component (AddParameter): Name = "Number of Terminations"; Value = "2"; VariantName = "[No Variations]"
Add component (AddParameter): Name = "Operating Temperature"; Value = "-55°C ~ 155°C"; VariantName = "[No Variations]"
Add component (AddParameter): Name = "Package / Case"; Value = "0603 (1608 Metric)"; VariantName = "[No Variations]"
Add component (AddParameter): Name = "Packaging"; Value = "TapeAndReel"; VariantName = "[No Variations]"
Add component (AddParameter): Name = "Part Number"; Value = "RNCF0603DTE23K2"; VariantName = "[No Variations]"
Add component (AddParameter): Name = "Part Status"; Value = "Active"; VariantName = "[No Variations]"
Add component (AddParameter): Name = "PartId"; Value = "5426"; VariantName = "[No Variations]"
Add component (AddParameter): Name = "Power (Watts)"; Value = "0.1W, 1/10W"; VariantName = "[No Variations]"
Add component (AddParameter): Name = "Price"; Value = "0.01"; VariantName = "[No Variations]"
Add component (AddParameter): Name = "Ratings"; Value = "AEC-Q200"; VariantName = "[No Variations]"
Add component (AddParameter): Name = "Resistance"; Value = "10k"; VariantName = "[No Variations]"
Add component (AddParameter): Name = "Series"; Value = "RNCF"; VariantName = "[No Variations]"
Add component (AddParameter): Name = "Size / Dimension"; Value = "0.061" L x 0.031" W (1.55mm x 0.80mm)"; VariantName = "[No Variations]"
Add component (AddParameter): Name = "Supplier 1"; Value = "DigiKey"; VariantName = "[No Variations]"
Add component (AddParameter): Name = "Supplier Device Package"; Value = "0603"; VariantName = "[No Variations]"
Add component (AddParameter): Name = "Supplier Part Number 1"; Value = "RNCF0603DTE23K2CT-ND"; VariantName = "[No Variations]"
Add component (AddParameter): Name = "Temperature Coefficient"; Value = "±25ppm/°C"; VariantName = "[No Variations]"
Add component (AddParameter): Name = "Tolerance"; Value = "±0.5%"; VariantName = "[No Variations]"
Add component (AddParameter): Name = "Value"; Value = "10k"; VariantName = "[No Variations]"
Added Component: Designator=R9(RES 0603_1608)
Add component (AddParameter): Name = "ComponentLink1Description"; Value = "Datasheet"; VariantName = "[No Variations]"
Add component (AddParameter): Name = "ComponentLink1URL"; Value = "https://www.seielect.com/catalog/sei-rncf.pdf"; VariantName = "[No Variations]"
Add component (AddParameter): Name = "ComponentLink2Description"; Value = "DigiKey Link"; VariantName = "[No Variations]"
Add component (AddParameter): Name = "ComponentLink2URL"; Value = "https://www.digikey.com/en/products/detail/stackpole-electronics-inc/RNCF0603DTE23K2/6264115"; VariantName = "[No Variations]"
Add component (AddParameter): Name = "Composition"; Value = "Thin Film"; VariantName = "[No Variations]"
Add component (AddParameter): Name = "Device Package"; Value = "0603 (1608 Metric)"; VariantName = "[No Variations]"
Add component (AddParameter): Name = "Features"; Value = "Automotive AEC-Q200"; VariantName = "[No Variations]"
Add component (AddParameter): Name = "Height - Seated (Max)"; Value = "0.022" (0.55mm)"; VariantName = "[No Variations]"
Add component (AddParameter): Name = "LastUpdated"; Value = "2022-05-20 3:01:33 PM"; VariantName = "[No Variations]"
Add component (AddParameter): Name = "Lifecycle Status"; Value = "Active"; VariantName = "[No Variations]"
Add component (AddParameter): Name = "Manufacturer"; Value = "Stackpole Electronics Inc"; VariantName = "[No Variations]"
Add component (AddParameter): Name = "Minimum Order"; Value = "1"; VariantName = "[No Variations]"
Add component (AddParameter): Name = "Number of Terminations"; Value = "2"; VariantName = "[No Variations]"
Add component (AddParameter): Name = "Operating Temperature"; Value = "-55°C ~ 155°C"; VariantName = "[No Variations]"
Add component (AddParameter): Name = "Package / Case"; Value = "0603 (1608 Metric)"; VariantName = "[No Variations]"
Add component (AddParameter): Name = "Packaging"; Value = "TapeAndReel"; VariantName = "[No Variations]"
Add component (AddParameter): Name = "Part Number"; Value = "RNCF0603DTE23K2"; VariantName = "[No Variations]"
Add component (AddParameter): Name = "Part Status"; Value = "Active"; VariantName = "[No Variations]"
Add component (AddParameter): Name = "PartId"; Value = "5426"; VariantName = "[No Variations]"
Add component (AddParameter): Name = "Power (Watts)"; Value = "0.1W, 1/10W"; VariantName = "[No Variations]"
Add component (AddParameter): Name = "Price"; Value = "0.01"; VariantName = "[No Variations]"
Add component (AddParameter): Name = "Ratings"; Value = "AEC-Q200"; VariantName = "[No Variations]"
Add component (AddParameter): Name = "Resistance"; Value = "47R"; VariantName = "[No Variations]"
Add component (AddParameter): Name = "Series"; Value = "RNCF"; VariantName = "[No Variations]"
Add component (AddParameter): Name = "Size / Dimension"; Value = "0.061" L x 0.031" W (1.55mm x 0.80mm)"; VariantName = "[No Variations]"
Add component (AddParameter): Name = "Supplier 1"; Value = "DigiKey"; VariantName = "[No Variations]"
Add component (AddParameter): Name = "Supplier Device Package"; Value = "0603"; VariantName = "[No Variations]"
Add component (AddParameter): Name = "Supplier Part Number 1"; Value = "RNCF0603DTE23K2CT-ND"; VariantName = "[No Variations]"
Add component (AddParameter): Name = "Temperature Coefficient"; Value = "±25ppm/°C"; VariantName = "[No Variations]"
Add component (AddParameter): Name = "Tolerance"; Value = "±0.5%"; VariantName = "[No Variations]"
Add component (AddParameter): Name = "Value"; Value = "47R"; VariantName = "[No Variations]"
Added Component: Designator=R10(RES 0603_1608)
Add component (AddParameter): Name = "ComponentLink1Description"; Value = "Datasheet"; VariantName = "[No Variations]"
Add component (AddParameter): Name = "ComponentLink1URL"; Value = "https://www.seielect.com/catalog/sei-rncf.pdf"; VariantName = "[No Variations]"
Add component (AddParameter): Name = "ComponentLink2Description"; Value = "DigiKey Link"; VariantName = "[No Variations]"
Add component (AddParameter): Name = "ComponentLink2URL"; Value = "https://www.digikey.com/en/products/detail/stackpole-electronics-inc/RNCF0603DTE23K2/6264115"; VariantName = "[No Variations]"
Add component (AddParameter): Name = "Composition"; Value = "Thin Film"; VariantName = "[No Variations]"
Add component (AddParameter): Name = "Device Package"; Value = "0603 (1608 Metric)"; VariantName = "[No Variations]"
Add component (AddParameter): Name = "Features"; Value = "Automotive AEC-Q200"; VariantName = "[No Variations]"
Add component (AddParameter): Name = "Height - Seated (Max)"; Value = "0.022" (0.55mm)"; VariantName = "[No Variations]"
Add component (AddParameter): Name = "LastUpdated"; Value = "2022-05-20 3:01:33 PM"; VariantName = "[No Variations]"
Add component (AddParameter): Name = "Lifecycle Status"; Value = "Active"; VariantName = "[No Variations]"
Add component (AddParameter): Name = "Manufacturer"; Value = "Stackpole Electronics Inc"; VariantName = "[No Variations]"
Add component (AddParameter): Name = "Minimum Order"; Value = "1"; VariantName = "[No Variations]"
Add component (AddParameter): Name = "Number of Terminations"; Value = "2"; VariantName = "[No Variations]"
Add component (AddParameter): Name = "Operating Temperature"; Value = "-55°C ~ 155°C"; VariantName = "[No Variations]"
Add component (AddParameter): Name = "Package / Case"; Value = "0603 (1608 Metric)"; VariantName = "[No Variations]"
Add component (AddParameter): Name = "Packaging"; Value = "TapeAndReel"; VariantName = "[No Variations]"
Add component (AddParameter): Name = "Part Number"; Value = "RNCF0603DTE23K2"; VariantName = "[No Variations]"
Add component (AddParameter): Name = "Part Status"; Value = "Active"; VariantName = "[No Variations]"
Add component (AddParameter): Name = "PartId"; Value = "5426"; VariantName = "[No Variations]"
Add component (AddParameter): Name = "Power (Watts)"; Value = "0.1W, 1/10W"; VariantName = "[No Variations]"
Add component (AddParameter): Name = "Price"; Value = "0.01"; VariantName = "[No Variations]"
Add component (AddParameter): Name = "Ratings"; Value = "AEC-Q200"; VariantName = "[No Variations]"
Add component (AddParameter): Name = "Resistance"; Value = "47R"; VariantName = "[No Variations]"
Add component (AddParameter): Name = "Series"; Value = "RNCF"; VariantName = "[No Variations]"
Add component (AddParameter): Name = "Size / Dimension"; Value = "0.061" L x 0.031" W (1.55mm x 0.80mm)"; VariantName = "[No Variations]"
Add component (AddParameter): Name = "Supplier 1"; Value = "DigiKey"; VariantName = "[No Variations]"
Add component (AddParameter): Name = "Supplier Device Package"; Value = "0603"; VariantName = "[No Variations]"
Add component (AddParameter): Name = "Supplier Part Number 1"; Value = "RNCF0603DTE23K2CT-ND"; VariantName = "[No Variations]"
Add component (AddParameter): Name = "Temperature Coefficient"; Value = "±25ppm/°C"; VariantName = "[No Variations]"
Add component (AddParameter): Name = "Tolerance"; Value = "±0.5%"; VariantName = "[No Variations]"
Add component (AddParameter): Name = "Value"; Value = "47R"; VariantName = "[No Variations]"
Added Component: Designator=R11(RES 0603_1608)
Add component (AddParameter): Name = "ComponentLink1Description"; Value = "Datasheet"; VariantName = "[No Variations]"
Add component (AddParameter): Name = "ComponentLink1URL"; Value = "https://www.seielect.com/catalog/sei-rncf.pdf"; VariantName = "[No Variations]"
Add component (AddParameter): Name = "ComponentLink2Description"; Value = "DigiKey Link"; VariantName = "[No Variations]"
Add component (AddParameter): Name = "ComponentLink2URL"; Value = "https://www.digikey.com/en/products/detail/stackpole-electronics-inc/RNCF0603DTE23K2/6264115"; VariantName = "[No Variations]"
Add component (AddParameter): Name = "Composition"; Value = "Thin Film"; VariantName = "[No Variations]"
Add component (AddParameter): Name = "Device Package"; Value = "0603 (1608 Metric)"; VariantName = "[No Variations]"
Add component (AddParameter): Name = "Features"; Value = "Automotive AEC-Q200"; VariantName = "[No Variations]"
Add component (AddParameter): Name = "Height - Seated (Max)"; Value = "0.022" (0.55mm)"; VariantName = "[No Variations]"
Add component (AddParameter): Name = "LastUpdated"; Value = "2022-05-20 3:01:33 PM"; VariantName = "[No Variations]"
Add component (AddParameter): Name = "Lifecycle Status"; Value = "Active"; VariantName = "[No Variations]"
Add component (AddParameter): Name = "Manufacturer"; Value = "Stackpole Electronics Inc"; VariantName = "[No Variations]"
Add component (AddParameter): Name = "Minimum Order"; Value = "1"; VariantName = "[No Variations]"
Add component (AddParameter): Name = "Number of Terminations"; Value = "2"; VariantName = "[No Variations]"
Add component (AddParameter): Name = "Operating Temperature"; Value = "-55°C ~ 155°C"; VariantName = "[No Variations]"
Add component (AddParameter): Name = "Package / Case"; Value = "0603 (1608 Metric)"; VariantName = "[No Variations]"
Add component (AddParameter): Name = "Packaging"; Value = "TapeAndReel"; VariantName = "[No Variations]"
Add component (AddParameter): Name = "Part Number"; Value = "RNCF0603DTE23K2"; VariantName = "[No Variations]"
Add component (AddParameter): Name = "Part Status"; Value = "Active"; VariantName = "[No Variations]"
Add component (AddParameter): Name = "PartId"; Value = "5426"; VariantName = "[No Variations]"
Add component (AddParameter): Name = "Power (Watts)"; Value = "0.1W, 1/10W"; VariantName = "[No Variations]"
Add component (AddParameter): Name = "Price"; Value = "0.01"; VariantName = "[No Variations]"
Add component (AddParameter): Name = "Ratings"; Value = "AEC-Q200"; VariantName = "[No Variations]"
Add component (AddParameter): Name = "Resistance"; Value = "47R"; VariantName = "[No Variations]"
Add component (AddParameter): Name = "Series"; Value = "RNCF"; VariantName = "[No Variations]"
Add component (AddParameter): Name = "Size / Dimension"; Value = "0.061" L x 0.031" W (1.55mm x 0.80mm)"; VariantName = "[No Variations]"
Add component (AddParameter): Name = "Supplier 1"; Value = "DigiKey"; VariantName = "[No Variations]"
Add component (AddParameter): Name = "Supplier Device Package"; Value = "0603"; VariantName = "[No Variations]"
Add component (AddParameter): Name = "Supplier Part Number 1"; Value = "RNCF0603DTE23K2CT-ND"; VariantName = "[No Variations]"
Add component (AddParameter): Name = "Temperature Coefficient"; Value = "±25ppm/°C"; VariantName = "[No Variations]"
Add component (AddParameter): Name = "Tolerance"; Value = "±0.5%"; VariantName = "[No Variations]"
Add component (AddParameter): Name = "Value"; Value = "47R"; VariantName = "[No Variations]"
Added Component: Designator=R12(RES 0603_1608)
Add component (AddParameter): Name = "ComponentLink1Description"; Value = "Datasheet"; VariantName = "[No Variations]"
Add component (AddParameter): Name = "ComponentLink1URL"; Value = "https://www.seielect.com/catalog/sei-rncs_rnch.pdf"; VariantName = "[No Variations]"
Add component (AddParameter): Name = "ComponentLink2Description"; Value = "DigiKey Link"; VariantName = "[No Variations]"
Add component (AddParameter): Name = "ComponentLink2URL"; Value = "https://www.digikey.com/en/products/detail/stackpole-electronics-inc/RNCS0603BKE10K0/1708836"; VariantName = "[No Variations]"
Add component (AddParameter): Name = "Composition"; Value = "Thin Film"; VariantName = "[No Variations]"
Add component (AddParameter): Name = "Device Package"; Value = "0603 (1608 Metric)"; VariantName = "[No Variations]"
Add component (AddParameter): Name = "Features"; Value = "Anti-Corrosive, Automotive AEC-Q200, Moisture Resistant"; VariantName = "[No Variations]"
Add component (AddParameter): Name = "Height - Seated (Max)"; Value = "0.022" (0.55mm)"; VariantName = "[No Variations]"
Add component (AddParameter): Name = "LastUpdated"; Value = "2022-05-20 3:01:34 PM"; VariantName = "[No Variations]"
Add component (AddParameter): Name = "Lifecycle Status"; Value = "Active"; VariantName = "[No Variations]"
Add component (AddParameter): Name = "Manufacturer"; Value = "Stackpole Electronics Inc"; VariantName = "[No Variations]"
Add component (AddParameter): Name = "Minimum Order"; Value = "1"; VariantName = "[No Variations]"
Add component (AddParameter): Name = "Number of Terminations"; Value = "2"; VariantName = "[No Variations]"
Add component (AddParameter): Name = "Operating Temperature"; Value = "-55°C ~ 155°C"; VariantName = "[No Variations]"
Add component (AddParameter): Name = "Package / Case"; Value = "0603 (1608 Metric)"; VariantName = "[No Variations]"
Add component (AddParameter): Name = "Packaging"; Value = "TapeAndReel"; VariantName = "[No Variations]"
Add component (AddParameter): Name = "Part Number"; Value = "RNCS0603BKE10K0"; VariantName = "[No Variations]"
Add component (AddParameter): Name = "Part Status"; Value = "Active"; VariantName = "[No Variations]"
Add component (AddParameter): Name = "PartId"; Value = "4838"; VariantName = "[No Variations]"
Add component (AddParameter): Name = "Power (Watts)"; Value = "0.063W, 1/16W"; VariantName = "[No Variations]"
Add component (AddParameter): Name = "Price"; Value = "0.08"; VariantName = "[No Variations]"
Add component (AddParameter): Name = "Ratings"; Value = "AEC-Q200"; VariantName = "[No Variations]"
Add component (AddParameter): Name = "Resistance"; Value = "910k"; VariantName = "[No Variations]"
Add component (AddParameter): Name = "Series"; Value = "RNCS"; VariantName = "[No Variations]"
Add component (AddParameter): Name = "Size / Dimension"; Value = "0.061" L x 0.031" W (1.55mm x 0.80mm)"; VariantName = "[No Variations]"
Add component (AddParameter): Name = "Supplier 1"; Value = "DigiKey"; VariantName = "[No Variations]"
Add component (AddParameter): Name = "Supplier Device Package"; Value = "0603"; VariantName = "[No Variations]"
Add component (AddParameter): Name = "Supplier Part Number 1"; Value = "RNCS0603BKE10K0CT-ND"; VariantName = "[No Variations]"
Add component (AddParameter): Name = "Temperature Coefficient"; Value = "±25ppm/°C"; VariantName = "[No Variations]"
Add component (AddParameter): Name = "Tolerance"; Value = "±0.1%"; VariantName = "[No Variations]"
Add component (AddParameter): Name = "Value"; Value = "910k"; VariantName = "[No Variations]"
Added Component: Designator=R13(RES 0603_1608)
Add component (AddParameter): Name = "ComponentLink1Description"; Value = "Datasheet"; VariantName = "[No Variations]"
Add component (AddParameter): Name = "ComponentLink1URL"; Value = "https://www.seielect.com/catalog/sei-rncf.pdf"; VariantName = "[No Variations]"
Add component (AddParameter): Name = "ComponentLink2Description"; Value = "DigiKey Link"; VariantName = "[No Variations]"
Add component (AddParameter): Name = "ComponentLink2URL"; Value = "https://www.digikey.com/en/products/detail/stackpole-electronics-inc/RNCF0603DTE23K2/6264115"; VariantName = "[No Variations]"
Add component (AddParameter): Name = "Composition"; Value = "Thin Film"; VariantName = "[No Variations]"
Add component (AddParameter): Name = "Device Package"; Value = "0603 (1608 Metric)"; VariantName = "[No Variations]"
Add component (AddParameter): Name = "Features"; Value = "Automotive AEC-Q200"; VariantName = "[No Variations]"
Add component (AddParameter): Name = "Height - Seated (Max)"; Value = "0.022" (0.55mm)"; VariantName = "[No Variations]"
Add component (AddParameter): Name = "LastUpdated"; Value = "2022-05-20 3:01:33 PM"; VariantName = "[No Variations]"
Add component (AddParameter): Name = "Lifecycle Status"; Value = "Active"; VariantName = "[No Variations]"
Add component (AddParameter): Name = "Manufacturer"; Value = "Stackpole Electronics Inc"; VariantName = "[No Variations]"
Add component (AddParameter): Name = "Minimum Order"; Value = "1"; VariantName = "[No Variations]"
Add component (AddParameter): Name = "Number of Terminations"; Value = "2"; VariantName = "[No Variations]"
Add component (AddParameter): Name = "Operating Temperature"; Value = "-55°C ~ 155°C"; VariantName = "[No Variations]"
Add component (AddParameter): Name = "Package / Case"; Value = "0603 (1608 Metric)"; VariantName = "[No Variations]"
Add component (AddParameter): Name = "Packaging"; Value = "TapeAndReel"; VariantName = "[No Variations]"
Add component (AddParameter): Name = "Part Number"; Value = "RNCF0603DTE23K2"; VariantName = "[No Variations]"
Add component (AddParameter): Name = "Part Status"; Value = "Active"; VariantName = "[No Variations]"
Add component (AddParameter): Name = "PartId"; Value = "5426"; VariantName = "[No Variations]"
Add component (AddParameter): Name = "Power (Watts)"; Value = "0.1W, 1/10W"; VariantName = "[No Variations]"
Add component (AddParameter): Name = "Price"; Value = "0.01"; VariantName = "[No Variations]"
Add component (AddParameter): Name = "Ratings"; Value = "AEC-Q200"; VariantName = "[No Variations]"
Add component (AddParameter): Name = "Resistance"; Value = "10k"; VariantName = "[No Variations]"
Add component (AddParameter): Name = "Series"; Value = "RNCF"; VariantName = "[No Variations]"
Add component (AddParameter): Name = "Size / Dimension"; Value = "0.061" L x 0.031" W (1.55mm x 0.80mm)"; VariantName = "[No Variations]"
Add component (AddParameter): Name = "Supplier 1"; Value = "DigiKey"; VariantName = "[No Variations]"
Add component (AddParameter): Name = "Supplier Device Package"; Value = "0603"; VariantName = "[No Variations]"
Add component (AddParameter): Name = "Supplier Part Number 1"; Value = "RNCF0603DTE23K2CT-ND"; VariantName = "[No Variations]"
Add component (AddParameter): Name = "Temperature Coefficient"; Value = "±25ppm/°C"; VariantName = "[No Variations]"
Add component (AddParameter): Name = "Tolerance"; Value = "±0.5%"; VariantName = "[No Variations]"
Add component (AddParameter): Name = "Value"; Value = "10k"; VariantName = "[No Variations]"
Added Component: Designator=R14(RES 0603_1608)
Add component (AddParameter): Name = "ComponentLink1Description"; Value = "Datasheet"; VariantName = "[No Variations]"
Add component (AddParameter): Name = "ComponentLink1URL"; Value = "https://www.seielect.com/catalog/sei-rncf.pdf"; VariantName = "[No Variations]"
Add component (AddParameter): Name = "ComponentLink2Description"; Value = "DigiKey Link"; VariantName = "[No Variations]"
Add component (AddParameter): Name = "ComponentLink2URL"; Value = "https://www.digikey.com/en/products/detail/stackpole-electronics-inc/RNCF0603DTE23K2/6264115"; VariantName = "[No Variations]"
Add component (AddParameter): Name = "Composition"; Value = "Thin Film"; VariantName = "[No Variations]"
Add component (AddParameter): Name = "Device Package"; Value = "0603 (1608 Metric)"; VariantName = "[No Variations]"
Add component (AddParameter): Name = "Features"; Value = "Automotive AEC-Q200"; VariantName = "[No Variations]"
Add component (AddParameter): Name = "Height - Seated (Max)"; Value = "0.022" (0.55mm)"; VariantName = "[No Variations]"
Add component (AddParameter): Name = "LastUpdated"; Value = "2022-05-20 3:01:33 PM"; VariantName = "[No Variations]"
Add component (AddParameter): Name = "Lifecycle Status"; Value = "Active"; VariantName = "[No Variations]"
Add component (AddParameter): Name = "Manufacturer"; Value = "Stackpole Electronics Inc"; VariantName = "[No Variations]"
Add component (AddParameter): Name = "Minimum Order"; Value = "1"; VariantName = "[No Variations]"
Add component (AddParameter): Name = "Number of Terminations"; Value = "2"; VariantName = "[No Variations]"
Add component (AddParameter): Name = "Operating Temperature"; Value = "-55°C ~ 155°C"; VariantName = "[No Variations]"
Add component (AddParameter): Name = "Package / Case"; Value = "0603 (1608 Metric)"; VariantName = "[No Variations]"
Add component (AddParameter): Name = "Packaging"; Value = "TapeAndReel"; VariantName = "[No Variations]"
Add component (AddParameter): Name = "Part Number"; Value = "RNCF0603DTE23K2"; VariantName = "[No Variations]"
Add component (AddParameter): Name = "Part Status"; Value = "Active"; VariantName = "[No Variations]"
Add component (AddParameter): Name = "PartId"; Value = "5426"; VariantName = "[No Variations]"
Add component (AddParameter): Name = "Power (Watts)"; Value = "0.1W, 1/10W"; VariantName = "[No Variations]"
Add component (AddParameter): Name = "Price"; Value = "0.01"; VariantName = "[No Variations]"
Add component (AddParameter): Name = "Ratings"; Value = "AEC-Q200"; VariantName = "[No Variations]"
Add component (AddParameter): Name = "Resistance"; Value = "10k"; VariantName = "[No Variations]"
Add component (AddParameter): Name = "Series"; Value = "RNCF"; VariantName = "[No Variations]"
Add component (AddParameter): Name = "Size / Dimension"; Value = "0.061" L x 0.031" W (1.55mm x 0.80mm)"; VariantName = "[No Variations]"
Add component (AddParameter): Name = "Supplier 1"; Value = "DigiKey"; VariantName = "[No Variations]"
Add component (AddParameter): Name = "Supplier Device Package"; Value = "0603"; VariantName = "[No Variations]"
Add component (AddParameter): Name = "Supplier Part Number 1"; Value = "RNCF0603DTE23K2CT-ND"; VariantName = "[No Variations]"
Add component (AddParameter): Name = "Temperature Coefficient"; Value = "±25ppm/°C"; VariantName = "[No Variations]"
Add component (AddParameter): Name = "Tolerance"; Value = "±0.5%"; VariantName = "[No Variations]"
Add component (AddParameter): Name = "Value"; Value = "10k"; VariantName = "[No Variations]"
Added Component: Designator=R15(RES 0603_1608)
Add component (AddParameter): Name = "ComponentLink1Description"; Value = "Datasheet"; VariantName = "[No Variations]"
Add component (AddParameter): Name = "ComponentLink1URL"; Value = "https://www.seielect.com/catalog/sei-rncf.pdf"; VariantName = "[No Variations]"
Add component (AddParameter): Name = "ComponentLink2Description"; Value = "DigiKey Link"; VariantName = "[No Variations]"
Add component (AddParameter): Name = "ComponentLink2URL"; Value = "https://www.digikey.com/en/products/detail/stackpole-electronics-inc/RNCF0603DTE23K2/6264115"; VariantName = "[No Variations]"
Add component (AddParameter): Name = "Composition"; Value = "Thin Film"; VariantName = "[No Variations]"
Add component (AddParameter): Name = "Device Package"; Value = "0603 (1608 Metric)"; VariantName = "[No Variations]"
Add component (AddParameter): Name = "Features"; Value = "Automotive AEC-Q200"; VariantName = "[No Variations]"
Add component (AddParameter): Name = "Height - Seated (Max)"; Value = "0.022" (0.55mm)"; VariantName = "[No Variations]"
Add component (AddParameter): Name = "LastUpdated"; Value = "2022-05-20 3:01:33 PM"; VariantName = "[No Variations]"
Add component (AddParameter): Name = "Lifecycle Status"; Value = "Active"; VariantName = "[No Variations]"
Add component (AddParameter): Name = "Manufacturer"; Value = "Stackpole Electronics Inc"; VariantName = "[No Variations]"
Add component (AddParameter): Name = "Minimum Order"; Value = "1"; VariantName = "[No Variations]"
Add component (AddParameter): Name = "Number of Terminations"; Value = "2"; VariantName = "[No Variations]"
Add component (AddParameter): Name = "Operating Temperature"; Value = "-55°C ~ 155°C"; VariantName = "[No Variations]"
Add component (AddParameter): Name = "Package / Case"; Value = "0603 (1608 Metric)"; VariantName = "[No Variations]"
Add component (AddParameter): Name = "Packaging"; Value = "TapeAndReel"; VariantName = "[No Variations]"
Add component (AddParameter): Name = "Part Number"; Value = "RNCF0603DTE23K2"; VariantName = "[No Variations]"
Add component (AddParameter): Name = "Part Status"; Value = "Active"; VariantName = "[No Variations]"
Add component (AddParameter): Name = "PartId"; Value = "5426"; VariantName = "[No Variations]"
Add component (AddParameter): Name = "Power (Watts)"; Value = "0.1W, 1/10W"; VariantName = "[No Variations]"
Add component (AddParameter): Name = "Price"; Value = "0.01"; VariantName = "[No Variations]"
Add component (AddParameter): Name = "Ratings"; Value = "AEC-Q200"; VariantName = "[No Variations]"
Add component (AddParameter): Name = "Resistance"; Value = "1k"; VariantName = "[No Variations]"
Add component (AddParameter): Name = "Series"; Value = "RNCF"; VariantName = "[No Variations]"
Add component (AddParameter): Name = "Size / Dimension"; Value = "0.061" L x 0.031" W (1.55mm x 0.80mm)"; VariantName = "[No Variations]"
Add component (AddParameter): Name = "Supplier 1"; Value = "DigiKey"; VariantName = "[No Variations]"
Add component (AddParameter): Name = "Supplier Device Package"; Value = "0603"; VariantName = "[No Variations]"
Add component (AddParameter): Name = "Supplier Part Number 1"; Value = "RNCF0603DTE23K2CT-ND"; VariantName = "[No Variations]"
Add component (AddParameter): Name = "Temperature Coefficient"; Value = "±25ppm/°C"; VariantName = "[No Variations]"
Add component (AddParameter): Name = "Tolerance"; Value = "±0.5%"; VariantName = "[No Variations]"
Add component (AddParameter): Name = "Value"; Value = "1k"; VariantName = "[No Variations]"
Added Component: Designator=R16(RES 0603_1608)
Add component (AddParameter): Name = "ComponentLink1Description"; Value = "Datasheet"; VariantName = "[No Variations]"
Add component (AddParameter): Name = "ComponentLink1URL"; Value = "https://www.seielect.com/catalog/sei-rncf.pdf"; VariantName = "[No Variations]"
Add component (AddParameter): Name = "ComponentLink2Description"; Value = "DigiKey Link"; VariantName = "[No Variations]"
Add component (AddParameter): Name = "ComponentLink2URL"; Value = "https://www.digikey.com/en/products/detail/stackpole-electronics-inc/RNCF0603DTE23K2/6264115"; VariantName = "[No Variations]"
Add component (AddParameter): Name = "Composition"; Value = "Thin Film"; VariantName = "[No Variations]"
Add component (AddParameter): Name = "Device Package"; Value = "0603 (1608 Metric)"; VariantName = "[No Variations]"
Add component (AddParameter): Name = "Features"; Value = "Automotive AEC-Q200"; VariantName = "[No Variations]"
Add component (AddParameter): Name = "Height - Seated (Max)"; Value = "0.022" (0.55mm)"; VariantName = "[No Variations]"
Add component (AddParameter): Name = "LastUpdated"; Value = "2022-05-20 3:01:33 PM"; VariantName = "[No Variations]"
Add component (AddParameter): Name = "Lifecycle Status"; Value = "Active"; VariantName = "[No Variations]"
Add component (AddParameter): Name = "Manufacturer"; Value = "Stackpole Electronics Inc"; VariantName = "[No Variations]"
Add component (AddParameter): Name = "Minimum Order"; Value = "1"; VariantName = "[No Variations]"
Add component (AddParameter): Name = "Number of Terminations"; Value = "2"; VariantName = "[No Variations]"
Add component (AddParameter): Name = "Operating Temperature"; Value = "-55°C ~ 155°C"; VariantName = "[No Variations]"
Add component (AddParameter): Name = "Package / Case"; Value = "0603 (1608 Metric)"; VariantName = "[No Variations]"
Add component (AddParameter): Name = "Packaging"; Value = "TapeAndReel"; VariantName = "[No Variations]"
Add component (AddParameter): Name = "Part Number"; Value = "RNCF0603DTE23K2"; VariantName = "[No Variations]"
Add component (AddParameter): Name = "Part Status"; Value = "Active"; VariantName = "[No Variations]"
Add component (AddParameter): Name = "PartId"; Value = "5426"; VariantName = "[No Variations]"
Add component (AddParameter): Name = "Power (Watts)"; Value = "0.1W, 1/10W"; VariantName = "[No Variations]"
Add component (AddParameter): Name = "Price"; Value = "0.01"; VariantName = "[No Variations]"
Add component (AddParameter): Name = "Ratings"; Value = "AEC-Q200"; VariantName = "[No Variations]"
Add component (AddParameter): Name = "Resistance"; Value = "1k"; VariantName = "[No Variations]"
Add component (AddParameter): Name = "Series"; Value = "RNCF"; VariantName = "[No Variations]"
Add component (AddParameter): Name = "Size / Dimension"; Value = "0.061" L x 0.031" W (1.55mm x 0.80mm)"; VariantName = "[No Variations]"
Add component (AddParameter): Name = "Supplier 1"; Value = "DigiKey"; VariantName = "[No Variations]"
Add component (AddParameter): Name = "Supplier Device Package"; Value = "0603"; VariantName = "[No Variations]"
Add component (AddParameter): Name = "Supplier Part Number 1"; Value = "RNCF0603DTE23K2CT-ND"; VariantName = "[No Variations]"
Add component (AddParameter): Name = "Temperature Coefficient"; Value = "±25ppm/°C"; VariantName = "[No Variations]"
Add component (AddParameter): Name = "Tolerance"; Value = "±0.5%"; VariantName = "[No Variations]"
Add component (AddParameter): Name = "Value"; Value = "1k"; VariantName = "[No Variations]"
Added Component: Designator=R17(RES 0603_1608)
Add component (AddParameter): Name = "ComponentLink1Description"; Value = "Datasheet"; VariantName = "[No Variations]"
Add component (AddParameter): Name = "ComponentLink1URL"; Value = "https://www.seielect.com/catalog/sei-rncf.pdf"; VariantName = "[No Variations]"
Add component (AddParameter): Name = "ComponentLink2Description"; Value = "DigiKey Link"; VariantName = "[No Variations]"
Add component (AddParameter): Name = "ComponentLink2URL"; Value = "https://www.digikey.com/en/products/detail/stackpole-electronics-inc/RNCF0603DTE23K2/6264115"; VariantName = "[No Variations]"
Add component (AddParameter): Name = "Composition"; Value = "Thin Film"; VariantName = "[No Variations]"
Add component (AddParameter): Name = "Device Package"; Value = "0603 (1608 Metric)"; VariantName = "[No Variations]"
Add component (AddParameter): Name = "Features"; Value = "Automotive AEC-Q200"; VariantName = "[No Variations]"
Add component (AddParameter): Name = "Height - Seated (Max)"; Value = "0.022" (0.55mm)"; VariantName = "[No Variations]"
Add component (AddParameter): Name = "LastUpdated"; Value = "2022-05-20 3:01:33 PM"; VariantName = "[No Variations]"
Add component (AddParameter): Name = "Lifecycle Status"; Value = "Active"; VariantName = "[No Variations]"
Add component (AddParameter): Name = "Manufacturer"; Value = "Stackpole Electronics Inc"; VariantName = "[No Variations]"
Add component (AddParameter): Name = "Minimum Order"; Value = "1"; VariantName = "[No Variations]"
Add component (AddParameter): Name = "Number of Terminations"; Value = "2"; VariantName = "[No Variations]"
Add component (AddParameter): Name = "Operating Temperature"; Value = "-55°C ~ 155°C"; VariantName = "[No Variations]"
Add component (AddParameter): Name = "Package / Case"; Value = "0603 (1608 Metric)"; VariantName = "[No Variations]"
Add component (AddParameter): Name = "Packaging"; Value = "TapeAndReel"; VariantName = "[No Variations]"
Add component (AddParameter): Name = "Part Number"; Value = "RNCF0603DTE23K2"; VariantName = "[No Variations]"
Add component (AddParameter): Name = "Part Status"; Value = "Active"; VariantName = "[No Variations]"
Add component (AddParameter): Name = "PartId"; Value = "5426"; VariantName = "[No Variations]"
Add component (AddParameter): Name = "Power (Watts)"; Value = "0.1W, 1/10W"; VariantName = "[No Variations]"
Add component (AddParameter): Name = "Price"; Value = "0.01"; VariantName = "[No Variations]"
Add component (AddParameter): Name = "Ratings"; Value = "AEC-Q200"; VariantName = "[No Variations]"
Add component (AddParameter): Name = "Resistance"; Value = "10k"; VariantName = "[No Variations]"
Add component (AddParameter): Name = "Series"; Value = "RNCF"; VariantName = "[No Variations]"
Add component (AddParameter): Name = "Size / Dimension"; Value = "0.061" L x 0.031" W (1.55mm x 0.80mm)"; VariantName = "[No Variations]"
Add component (AddParameter): Name = "Supplier 1"; Value = "DigiKey"; VariantName = "[No Variations]"
Add component (AddParameter): Name = "Supplier Device Package"; Value = "0603"; VariantName = "[No Variations]"
Add component (AddParameter): Name = "Supplier Part Number 1"; Value = "RNCF0603DTE23K2CT-ND"; VariantName = "[No Variations]"
Add component (AddParameter): Name = "Temperature Coefficient"; Value = "±25ppm/°C"; VariantName = "[No Variations]"
Add component (AddParameter): Name = "Tolerance"; Value = "±0.5%"; VariantName = "[No Variations]"
Add component (AddParameter): Name = "Value"; Value = "10k"; VariantName = "[No Variations]"
Added Component: Designator=R18(RES 0603_1608)
Add component (AddParameter): Name = "ComponentLink1Description"; Value = "Datasheet"; VariantName = "[No Variations]"
Add component (AddParameter): Name = "ComponentLink1URL"; Value = "https://www.seielect.com/catalog/sei-rncf.pdf"; VariantName = "[No Variations]"
Add component (AddParameter): Name = "ComponentLink2Description"; Value = "DigiKey Link"; VariantName = "[No Variations]"
Add component (AddParameter): Name = "ComponentLink2URL"; Value = "https://www.digikey.com/en/products/detail/stackpole-electronics-inc/RNCF0603DTE23K2/6264115"; VariantName = "[No Variations]"
Add component (AddParameter): Name = "Composition"; Value = "Thin Film"; VariantName = "[No Variations]"
Add component (AddParameter): Name = "Device Package"; Value = "0603 (1608 Metric)"; VariantName = "[No Variations]"
Add component (AddParameter): Name = "Features"; Value = "Automotive AEC-Q200"; VariantName = "[No Variations]"
Add component (AddParameter): Name = "Height - Seated (Max)"; Value = "0.022" (0.55mm)"; VariantName = "[No Variations]"
Add component (AddParameter): Name = "LastUpdated"; Value = "2022-05-20 3:01:33 PM"; VariantName = "[No Variations]"
Add component (AddParameter): Name = "Lifecycle Status"; Value = "Active"; VariantName = "[No Variations]"
Add component (AddParameter): Name = "Manufacturer"; Value = "Stackpole Electronics Inc"; VariantName = "[No Variations]"
Add component (AddParameter): Name = "Minimum Order"; Value = "1"; VariantName = "[No Variations]"
Add component (AddParameter): Name = "Number of Terminations"; Value = "2"; VariantName = "[No Variations]"
Add component (AddParameter): Name = "Operating Temperature"; Value = "-55°C ~ 155°C"; VariantName = "[No Variations]"
Add component (AddParameter): Name = "Package / Case"; Value = "0603 (1608 Metric)"; VariantName = "[No Variations]"
Add component (AddParameter): Name = "Packaging"; Value = "TapeAndReel"; VariantName = "[No Variations]"
Add component (AddParameter): Name = "Part Number"; Value = "RNCF0603DTE23K2"; VariantName = "[No Variations]"
Add component (AddParameter): Name = "Part Status"; Value = "Active"; VariantName = "[No Variations]"
Add component (AddParameter): Name = "PartId"; Value = "5426"; VariantName = "[No Variations]"
Add component (AddParameter): Name = "Power (Watts)"; Value = "0.1W, 1/10W"; VariantName = "[No Variations]"
Add component (AddParameter): Name = "Price"; Value = "0.01"; VariantName = "[No Variations]"
Add component (AddParameter): Name = "Ratings"; Value = "AEC-Q200"; VariantName = "[No Variations]"
Add component (AddParameter): Name = "Resistance"; Value = "10k"; VariantName = "[No Variations]"
Add component (AddParameter): Name = "Series"; Value = "RNCF"; VariantName = "[No Variations]"
Add component (AddParameter): Name = "Size / Dimension"; Value = "0.061" L x 0.031" W (1.55mm x 0.80mm)"; VariantName = "[No Variations]"
Add component (AddParameter): Name = "Supplier 1"; Value = "DigiKey"; VariantName = "[No Variations]"
Add component (AddParameter): Name = "Supplier Device Package"; Value = "0603"; VariantName = "[No Variations]"
Add component (AddParameter): Name = "Supplier Part Number 1"; Value = "RNCF0603DTE23K2CT-ND"; VariantName = "[No Variations]"
Add component (AddParameter): Name = "Temperature Coefficient"; Value = "±25ppm/°C"; VariantName = "[No Variations]"
Add component (AddParameter): Name = "Tolerance"; Value = "±0.5%"; VariantName = "[No Variations]"
Add component (AddParameter): Name = "Value"; Value = "10k"; VariantName = "[No Variations]"
Added Component: Designator=R19(RES 0603_1608)
Add component (AddParameter): Name = "ComponentLink1Description"; Value = "Datasheet"; VariantName = "[No Variations]"
Add component (AddParameter): Name = "ComponentLink1URL"; Value = "https://www.seielect.com/catalog/sei-rncf.pdf"; VariantName = "[No Variations]"
Add component (AddParameter): Name = "ComponentLink2Description"; Value = "DigiKey Link"; VariantName = "[No Variations]"
Add component (AddParameter): Name = "ComponentLink2URL"; Value = "https://www.digikey.com/en/products/detail/stackpole-electronics-inc/RNCF0603DTE23K2/6264115"; VariantName = "[No Variations]"
Add component (AddParameter): Name = "Composition"; Value = "Thin Film"; VariantName = "[No Variations]"
Add component (AddParameter): Name = "Device Package"; Value = "0603 (1608 Metric)"; VariantName = "[No Variations]"
Add component (AddParameter): Name = "Features"; Value = "Automotive AEC-Q200"; VariantName = "[No Variations]"
Add component (AddParameter): Name = "Height - Seated (Max)"; Value = "0.022" (0.55mm)"; VariantName = "[No Variations]"
Add component (AddParameter): Name = "LastUpdated"; Value = "2022-05-20 3:01:33 PM"; VariantName = "[No Variations]"
Add component (AddParameter): Name = "Lifecycle Status"; Value = "Active"; VariantName = "[No Variations]"
Add component (AddParameter): Name = "Manufacturer"; Value = "Stackpole Electronics Inc"; VariantName = "[No Variations]"
Add component (AddParameter): Name = "Minimum Order"; Value = "1"; VariantName = "[No Variations]"
Add component (AddParameter): Name = "Number of Terminations"; Value = "2"; VariantName = "[No Variations]"
Add component (AddParameter): Name = "Operating Temperature"; Value = "-55°C ~ 155°C"; VariantName = "[No Variations]"
Add component (AddParameter): Name = "Package / Case"; Value = "0603 (1608 Metric)"; VariantName = "[No Variations]"
Add component (AddParameter): Name = "Packaging"; Value = "TapeAndReel"; VariantName = "[No Variations]"
Add component (AddParameter): Name = "Part Number"; Value = "RNCF0603DTE23K2"; VariantName = "[No Variations]"
Add component (AddParameter): Name = "Part Status"; Value = "Active"; VariantName = "[No Variations]"
Add component (AddParameter): Name = "PartId"; Value = "5426"; VariantName = "[No Variations]"
Add component (AddParameter): Name = "Power (Watts)"; Value = "0.1W, 1/10W"; VariantName = "[No Variations]"
Add component (AddParameter): Name = "Price"; Value = "0.01"; VariantName = "[No Variations]"
Add component (AddParameter): Name = "Ratings"; Value = "AEC-Q200"; VariantName = "[No Variations]"
Add component (AddParameter): Name = "Resistance"; Value = "10k"; VariantName = "[No Variations]"
Add component (AddParameter): Name = "Series"; Value = "RNCF"; VariantName = "[No Variations]"
Add component (AddParameter): Name = "Size / Dimension"; Value = "0.061" L x 0.031" W (1.55mm x 0.80mm)"; VariantName = "[No Variations]"
Add component (AddParameter): Name = "Supplier 1"; Value = "DigiKey"; VariantName = "[No Variations]"
Add component (AddParameter): Name = "Supplier Device Package"; Value = "0603"; VariantName = "[No Variations]"
Add component (AddParameter): Name = "Supplier Part Number 1"; Value = "RNCF0603DTE23K2CT-ND"; VariantName = "[No Variations]"
Add component (AddParameter): Name = "Temperature Coefficient"; Value = "±25ppm/°C"; VariantName = "[No Variations]"
Add component (AddParameter): Name = "Tolerance"; Value = "±0.5%"; VariantName = "[No Variations]"
Add component (AddParameter): Name = "Value"; Value = "10k"; VariantName = "[No Variations]"
Added Component: Designator=R20(RES 1206_3216)
Add component (AddParameter): Name = "ComponentLink1Description"; Value = "Datasheet"; VariantName = "[No Variations]"
Add component (AddParameter): Name = "ComponentLink1URL"; Value = "http://www.susumu.co.jp/common/pdf/n_catalog_partition09_en.pdf"; VariantName = "[No Variations]"
Add component (AddParameter): Name = "ComponentLink2Description"; Value = "DigiKey Link"; VariantName = "[No Variations]"
Add component (AddParameter): Name = "ComponentLink2URL"; Value = "https://www.digikey.com/en/products/detail/susumu/KRL1632E-M-R012-F-T5/3737997"; VariantName = "[No Variations]"
Add component (AddParameter): Name = "Composition"; Value = "Metal Foil"; VariantName = "[No Variations]"
Add component (AddParameter): Name = "Device Package"; Value = "1206 (3216 Metric)"; VariantName = "[No Variations]"
Add component (AddParameter): Name = "Features"; Value = "Automotive AEC-Q200, Current Sense"; VariantName = "[No Variations]"
Add component (AddParameter): Name = "Height - Seated (Max)"; Value = "0.028" (0.70mm)"; VariantName = "[No Variations]"
Add component (AddParameter): Name = "LastUpdated"; Value = "2024-02-09 8:54:46 PM"; VariantName = "[No Variations]"
Add component (AddParameter): Name = "Lifecycle Status"; Value = "Active"; VariantName = "[No Variations]"
Add component (AddParameter): Name = "Manufacturer"; Value = "Susumu"; VariantName = "[No Variations]"
Add component (AddParameter): Name = "Minimum Order"; Value = "1"; VariantName = "[No Variations]"
Add component (AddParameter): Name = "Number of Terminations"; Value = "2"; VariantName = "[No Variations]"
Add component (AddParameter): Name = "Operating Temperature"; Value = "-55°C ~ 155°C"; VariantName = "[No Variations]"
Add component (AddParameter): Name = "Package / Case"; Value = "1206 (3216 Metric)"; VariantName = "[No Variations]"
Add component (AddParameter): Name = "Packaging"; Value = "TapeAndReel"; VariantName = "[No Variations]"
Add component (AddParameter): Name = "Part Number"; Value = "KRL1632E-M-R012-F-T5"; VariantName = "[No Variations]"
Add component (AddParameter): Name = "Part Status"; Value = "Active"; VariantName = "[No Variations]"
Add component (AddParameter): Name = "PartId"; Value = "26839"; VariantName = "[No Variations]"
Add component (AddParameter): Name = "Power (Watts)"; Value = "0.75W, 3/4W"; VariantName = "[No Variations]"
Add component (AddParameter): Name = "Price"; Value = "0.09"; VariantName = "[No Variations]"
Add component (AddParameter): Name = "Ratings"; Value = "AEC-Q200"; VariantName = "[No Variations]"
Add component (AddParameter): Name = "Resistance"; Value = "100m"; VariantName = "[No Variations]"
Add component (AddParameter): Name = "Series"; Value = "KRL"; VariantName = "[No Variations]"
Add component (AddParameter): Name = "Size / Dimension"; Value = "0.126" L x 0.063" W (3.20mm x 1.60mm)"; VariantName = "[No Variations]"
Add component (AddParameter): Name = "Supplier 1"; Value = "DigiKey"; VariantName = "[No Variations]"
Add component (AddParameter): Name = "Supplier Device Package"; Value = "1206"; VariantName = "[No Variations]"
Add component (AddParameter): Name = "Supplier Part Number 1"; Value = "408-1571-1-ND"; VariantName = "[No Variations]"
Add component (AddParameter): Name = "Temperature Coefficient"; Value = "±50ppm/°C"; VariantName = "[No Variations]"
Add component (AddParameter): Name = "Tolerance"; Value = "±1%"; VariantName = "[No Variations]"
Add component (AddParameter): Name = "Value"; Value = "100m"; VariantName = "[No Variations]"
Added Component: Designator=R21(RES 1206_3216)
Add component (AddParameter): Name = "ComponentLink1Description"; Value = "Datasheet"; VariantName = "[No Variations]"
Add component (AddParameter): Name = "ComponentLink1URL"; Value = "http://www.susumu.co.jp/common/pdf/n_catalog_partition09_en.pdf"; VariantName = "[No Variations]"
Add component (AddParameter): Name = "ComponentLink2Description"; Value = "DigiKey Link"; VariantName = "[No Variations]"
Add component (AddParameter): Name = "ComponentLink2URL"; Value = "https://www.digikey.com/en/products/detail/susumu/KRL1632E-M-R012-F-T5/3737997"; VariantName = "[No Variations]"
Add component (AddParameter): Name = "Composition"; Value = "Metal Foil"; VariantName = "[No Variations]"
Add component (AddParameter): Name = "Device Package"; Value = "1206 (3216 Metric)"; VariantName = "[No Variations]"
Add component (AddParameter): Name = "Features"; Value = "Automotive AEC-Q200, Current Sense"; VariantName = "[No Variations]"
Add component (AddParameter): Name = "Height - Seated (Max)"; Value = "0.028" (0.70mm)"; VariantName = "[No Variations]"
Add component (AddParameter): Name = "LastUpdated"; Value = "2024-02-09 8:54:46 PM"; VariantName = "[No Variations]"
Add component (AddParameter): Name = "Lifecycle Status"; Value = "Active"; VariantName = "[No Variations]"
Add component (AddParameter): Name = "Manufacturer"; Value = "Susumu"; VariantName = "[No Variations]"
Add component (AddParameter): Name = "Minimum Order"; Value = "1"; VariantName = "[No Variations]"
Add component (AddParameter): Name = "Number of Terminations"; Value = "2"; VariantName = "[No Variations]"
Add component (AddParameter): Name = "Operating Temperature"; Value = "-55°C ~ 155°C"; VariantName = "[No Variations]"
Add component (AddParameter): Name = "Package / Case"; Value = "1206 (3216 Metric)"; VariantName = "[No Variations]"
Add component (AddParameter): Name = "Packaging"; Value = "TapeAndReel"; VariantName = "[No Variations]"
Add component (AddParameter): Name = "Part Number"; Value = "KRL1632E-M-R012-F-T5"; VariantName = "[No Variations]"
Add component (AddParameter): Name = "Part Status"; Value = "Active"; VariantName = "[No Variations]"
Add component (AddParameter): Name = "PartId"; Value = "26839"; VariantName = "[No Variations]"
Add component (AddParameter): Name = "Power (Watts)"; Value = "0.75W, 3/4W"; VariantName = "[No Variations]"
Add component (AddParameter): Name = "Price"; Value = "0.09"; VariantName = "[No Variations]"
Add component (AddParameter): Name = "Ratings"; Value = "AEC-Q200"; VariantName = "[No Variations]"
Add component (AddParameter): Name = "Resistance"; Value = "100m"; VariantName = "[No Variations]"
Add component (AddParameter): Name = "Series"; Value = "KRL"; VariantName = "[No Variations]"
Add component (AddParameter): Name = "Size / Dimension"; Value = "0.126" L x 0.063" W (3.20mm x 1.60mm)"; VariantName = "[No Variations]"
Add component (AddParameter): Name = "Supplier 1"; Value = "DigiKey"; VariantName = "[No Variations]"
Add component (AddParameter): Name = "Supplier Device Package"; Value = "1206"; VariantName = "[No Variations]"
Add component (AddParameter): Name = "Supplier Part Number 1"; Value = "408-1571-1-ND"; VariantName = "[No Variations]"
Add component (AddParameter): Name = "Temperature Coefficient"; Value = "±50ppm/°C"; VariantName = "[No Variations]"
Add component (AddParameter): Name = "Tolerance"; Value = "±1%"; VariantName = "[No Variations]"
Add component (AddParameter): Name = "Value"; Value = "100m"; VariantName = "[No Variations]"
Added Component: Designator=R22(RES 0603_1608)
Add component (AddParameter): Name = "ComponentLink1Description"; Value = "Datasheet"; VariantName = "[No Variations]"
Add component (AddParameter): Name = "ComponentLink1URL"; Value = "https://www.seielect.com/catalog/sei-rncf.pdf"; VariantName = "[No Variations]"
Add component (AddParameter): Name = "ComponentLink2Description"; Value = "DigiKey Link"; VariantName = "[No Variations]"
Add component (AddParameter): Name = "ComponentLink2URL"; Value = "https://www.digikey.com/en/products/detail/stackpole-electronics-inc/RNCF0603DTE23K2/6264115"; VariantName = "[No Variations]"
Add component (AddParameter): Name = "Composition"; Value = "Thin Film"; VariantName = "[No Variations]"
Add component (AddParameter): Name = "Device Package"; Value = "0603 (1608 Metric)"; VariantName = "[No Variations]"
Add component (AddParameter): Name = "Features"; Value = "Automotive AEC-Q200"; VariantName = "[No Variations]"
Add component (AddParameter): Name = "Height - Seated (Max)"; Value = "0.022" (0.55mm)"; VariantName = "[No Variations]"
Add component (AddParameter): Name = "LastUpdated"; Value = "2022-05-20 3:01:33 PM"; VariantName = "[No Variations]"
Add component (AddParameter): Name = "Lifecycle Status"; Value = "Active"; VariantName = "[No Variations]"
Add component (AddParameter): Name = "Manufacturer"; Value = "Stackpole Electronics Inc"; VariantName = "[No Variations]"
Add component (AddParameter): Name = "Minimum Order"; Value = "1"; VariantName = "[No Variations]"
Add component (AddParameter): Name = "Number of Terminations"; Value = "2"; VariantName = "[No Variations]"
Add component (AddParameter): Name = "Operating Temperature"; Value = "-55°C ~ 155°C"; VariantName = "[No Variations]"
Add component (AddParameter): Name = "Package / Case"; Value = "0603 (1608 Metric)"; VariantName = "[No Variations]"
Add component (AddParameter): Name = "Packaging"; Value = "TapeAndReel"; VariantName = "[No Variations]"
Add component (AddParameter): Name = "Part Number"; Value = "RNCF0603DTE23K2"; VariantName = "[No Variations]"
Add component (AddParameter): Name = "Part Status"; Value = "Active"; VariantName = "[No Variations]"
Add component (AddParameter): Name = "PartId"; Value = "5426"; VariantName = "[No Variations]"
Add component (AddParameter): Name = "Power (Watts)"; Value = "0.1W, 1/10W"; VariantName = "[No Variations]"
Add component (AddParameter): Name = "Price"; Value = "0.01"; VariantName = "[No Variations]"
Add component (AddParameter): Name = "Ratings"; Value = "AEC-Q200"; VariantName = "[No Variations]"
Add component (AddParameter): Name = "Resistance"; Value = "47R"; VariantName = "[No Variations]"
Add component (AddParameter): Name = "Series"; Value = "RNCF"; VariantName = "[No Variations]"
Add component (AddParameter): Name = "Size / Dimension"; Value = "0.061" L x 0.031" W (1.55mm x 0.80mm)"; VariantName = "[No Variations]"
Add component (AddParameter): Name = "Supplier 1"; Value = "DigiKey"; VariantName = "[No Variations]"
Add component (AddParameter): Name = "Supplier Device Package"; Value = "0603"; VariantName = "[No Variations]"
Add component (AddParameter): Name = "Supplier Part Number 1"; Value = "RNCF0603DTE23K2CT-ND"; VariantName = "[No Variations]"
Add component (AddParameter): Name = "Temperature Coefficient"; Value = "±25ppm/°C"; VariantName = "[No Variations]"
Add component (AddParameter): Name = "Tolerance"; Value = "±0.5%"; VariantName = "[No Variations]"
Add component (AddParameter): Name = "Value"; Value = "47R"; VariantName = "[No Variations]"
Added Component: Designator=R23(RES 0603_1608)
Add component (AddParameter): Name = "ComponentLink1Description"; Value = "Datasheet"; VariantName = "[No Variations]"
Add component (AddParameter): Name = "ComponentLink1URL"; Value = "https://www.seielect.com/catalog/sei-rncf.pdf"; VariantName = "[No Variations]"
Add component (AddParameter): Name = "ComponentLink2Description"; Value = "DigiKey Link"; VariantName = "[No Variations]"
Add component (AddParameter): Name = "ComponentLink2URL"; Value = "https://www.digikey.com/en/products/detail/stackpole-electronics-inc/RNCF0603DTE23K2/6264115"; VariantName = "[No Variations]"
Add component (AddParameter): Name = "Composition"; Value = "Thin Film"; VariantName = "[No Variations]"
Add component (AddParameter): Name = "Device Package"; Value = "0603 (1608 Metric)"; VariantName = "[No Variations]"
Add component (AddParameter): Name = "Features"; Value = "Automotive AEC-Q200"; VariantName = "[No Variations]"
Add component (AddParameter): Name = "Height - Seated (Max)"; Value = "0.022" (0.55mm)"; VariantName = "[No Variations]"
Add component (AddParameter): Name = "LastUpdated"; Value = "2022-05-20 3:01:33 PM"; VariantName = "[No Variations]"
Add component (AddParameter): Name = "Lifecycle Status"; Value = "Active"; VariantName = "[No Variations]"
Add component (AddParameter): Name = "Manufacturer"; Value = "Stackpole Electronics Inc"; VariantName = "[No Variations]"
Add component (AddParameter): Name = "Minimum Order"; Value = "1"; VariantName = "[No Variations]"
Add component (AddParameter): Name = "Number of Terminations"; Value = "2"; VariantName = "[No Variations]"
Add component (AddParameter): Name = "Operating Temperature"; Value = "-55°C ~ 155°C"; VariantName = "[No Variations]"
Add component (AddParameter): Name = "Package / Case"; Value = "0603 (1608 Metric)"; VariantName = "[No Variations]"
Add component (AddParameter): Name = "Packaging"; Value = "TapeAndReel"; VariantName = "[No Variations]"
Add component (AddParameter): Name = "Part Number"; Value = "RNCF0603DTE23K2"; VariantName = "[No Variations]"
Add component (AddParameter): Name = "Part Status"; Value = "Active"; VariantName = "[No Variations]"
Add component (AddParameter): Name = "PartId"; Value = "5426"; VariantName = "[No Variations]"
Add component (AddParameter): Name = "Power (Watts)"; Value = "0.1W, 1/10W"; VariantName = "[No Variations]"
Add component (AddParameter): Name = "Price"; Value = "0.01"; VariantName = "[No Variations]"
Add component (AddParameter): Name = "Ratings"; Value = "AEC-Q200"; VariantName = "[No Variations]"
Add component (AddParameter): Name = "Resistance"; Value = "1k"; VariantName = "[No Variations]"
Add component (AddParameter): Name = "Series"; Value = "RNCF"; VariantName = "[No Variations]"
Add component (AddParameter): Name = "Size / Dimension"; Value = "0.061" L x 0.031" W (1.55mm x 0.80mm)"; VariantName = "[No Variations]"
Add component (AddParameter): Name = "Supplier 1"; Value = "DigiKey"; VariantName = "[No Variations]"
Add component (AddParameter): Name = "Supplier Device Package"; Value = "0603"; VariantName = "[No Variations]"
Add component (AddParameter): Name = "Supplier Part Number 1"; Value = "RNCF0603DTE23K2CT-ND"; VariantName = "[No Variations]"
Add component (AddParameter): Name = "Temperature Coefficient"; Value = "±25ppm/°C"; VariantName = "[No Variations]"
Add component (AddParameter): Name = "Tolerance"; Value = "±0.5%"; VariantName = "[No Variations]"
Add component (AddParameter): Name = "Value"; Value = "1k"; VariantName = "[No Variations]"
Added Component: Designator=R24(RES 0603_1608)
Add component (AddParameter): Name = "ComponentLink1Description"; Value = "Datasheet"; VariantName = "[No Variations]"
Add component (AddParameter): Name = "ComponentLink1URL"; Value = "https://www.seielect.com/catalog/sei-rncf.pdf"; VariantName = "[No Variations]"
Add component (AddParameter): Name = "ComponentLink2Description"; Value = "DigiKey Link"; VariantName = "[No Variations]"
Add component (AddParameter): Name = "ComponentLink2URL"; Value = "https://www.digikey.com/en/products/detail/stackpole-electronics-inc/RNCF0603DTE23K2/6264115"; VariantName = "[No Variations]"
Add component (AddParameter): Name = "Composition"; Value = "Thin Film"; VariantName = "[No Variations]"
Add component (AddParameter): Name = "Device Package"; Value = "0603 (1608 Metric)"; VariantName = "[No Variations]"
Add component (AddParameter): Name = "Features"; Value = "Automotive AEC-Q200"; VariantName = "[No Variations]"
Add component (AddParameter): Name = "Height - Seated (Max)"; Value = "0.022" (0.55mm)"; VariantName = "[No Variations]"
Add component (AddParameter): Name = "LastUpdated"; Value = "2022-05-20 3:01:33 PM"; VariantName = "[No Variations]"
Add component (AddParameter): Name = "Lifecycle Status"; Value = "Active"; VariantName = "[No Variations]"
Add component (AddParameter): Name = "Manufacturer"; Value = "Stackpole Electronics Inc"; VariantName = "[No Variations]"
Add component (AddParameter): Name = "Minimum Order"; Value = "1"; VariantName = "[No Variations]"
Add component (AddParameter): Name = "Number of Terminations"; Value = "2"; VariantName = "[No Variations]"
Add component (AddParameter): Name = "Operating Temperature"; Value = "-55°C ~ 155°C"; VariantName = "[No Variations]"
Add component (AddParameter): Name = "Package / Case"; Value = "0603 (1608 Metric)"; VariantName = "[No Variations]"
Add component (AddParameter): Name = "Packaging"; Value = "TapeAndReel"; VariantName = "[No Variations]"
Add component (AddParameter): Name = "Part Number"; Value = "RNCF0603DTE23K2"; VariantName = "[No Variations]"
Add component (AddParameter): Name = "Part Status"; Value = "Active"; VariantName = "[No Variations]"
Add component (AddParameter): Name = "PartId"; Value = "5426"; VariantName = "[No Variations]"
Add component (AddParameter): Name = "Power (Watts)"; Value = "0.1W, 1/10W"; VariantName = "[No Variations]"
Add component (AddParameter): Name = "Price"; Value = "0.01"; VariantName = "[No Variations]"
Add component (AddParameter): Name = "Ratings"; Value = "AEC-Q200"; VariantName = "[No Variations]"
Add component (AddParameter): Name = "Resistance"; Value = "47R"; VariantName = "[No Variations]"
Add component (AddParameter): Name = "Series"; Value = "RNCF"; VariantName = "[No Variations]"
Add component (AddParameter): Name = "Size / Dimension"; Value = "0.061" L x 0.031" W (1.55mm x 0.80mm)"; VariantName = "[No Variations]"
Add component (AddParameter): Name = "Supplier 1"; Value = "DigiKey"; VariantName = "[No Variations]"
Add component (AddParameter): Name = "Supplier Device Package"; Value = "0603"; VariantName = "[No Variations]"
Add component (AddParameter): Name = "Supplier Part Number 1"; Value = "RNCF0603DTE23K2CT-ND"; VariantName = "[No Variations]"
Add component (AddParameter): Name = "Temperature Coefficient"; Value = "±25ppm/°C"; VariantName = "[No Variations]"
Add component (AddParameter): Name = "Tolerance"; Value = "±0.5%"; VariantName = "[No Variations]"
Add component (AddParameter): Name = "Value"; Value = "47R"; VariantName = "[No Variations]"
Added Component: Designator=R25(RES 0603_1608)
Add component (AddParameter): Name = "ComponentLink1Description"; Value = "Datasheet"; VariantName = "[No Variations]"
Add component (AddParameter): Name = "ComponentLink1URL"; Value = "https://www.seielect.com/catalog/sei-rncf.pdf"; VariantName = "[No Variations]"
Add component (AddParameter): Name = "ComponentLink2Description"; Value = "DigiKey Link"; VariantName = "[No Variations]"
Add component (AddParameter): Name = "ComponentLink2URL"; Value = "https://www.digikey.com/en/products/detail/stackpole-electronics-inc/RNCF0603DTE23K2/6264115"; VariantName = "[No Variations]"
Add component (AddParameter): Name = "Composition"; Value = "Thin Film"; VariantName = "[No Variations]"
Add component (AddParameter): Name = "Device Package"; Value = "0603 (1608 Metric)"; VariantName = "[No Variations]"
Add component (AddParameter): Name = "Features"; Value = "Automotive AEC-Q200"; VariantName = "[No Variations]"
Add component (AddParameter): Name = "Height - Seated (Max)"; Value = "0.022" (0.55mm)"; VariantName = "[No Variations]"
Add component (AddParameter): Name = "LastUpdated"; Value = "2022-05-20 3:01:33 PM"; VariantName = "[No Variations]"
Add component (AddParameter): Name = "Lifecycle Status"; Value = "Active"; VariantName = "[No Variations]"
Add component (AddParameter): Name = "Manufacturer"; Value = "Stackpole Electronics Inc"; VariantName = "[No Variations]"
Add component (AddParameter): Name = "Minimum Order"; Value = "1"; VariantName = "[No Variations]"
Add component (AddParameter): Name = "Number of Terminations"; Value = "2"; VariantName = "[No Variations]"
Add component (AddParameter): Name = "Operating Temperature"; Value = "-55°C ~ 155°C"; VariantName = "[No Variations]"
Add component (AddParameter): Name = "Package / Case"; Value = "0603 (1608 Metric)"; VariantName = "[No Variations]"
Add component (AddParameter): Name = "Packaging"; Value = "TapeAndReel"; VariantName = "[No Variations]"
Add component (AddParameter): Name = "Part Number"; Value = "RNCF0603DTE23K2"; VariantName = "[No Variations]"
Add component (AddParameter): Name = "Part Status"; Value = "Active"; VariantName = "[No Variations]"
Add component (AddParameter): Name = "PartId"; Value = "5426"; VariantName = "[No Variations]"
Add component (AddParameter): Name = "Power (Watts)"; Value = "0.1W, 1/10W"; VariantName = "[No Variations]"
Add component (AddParameter): Name = "Price"; Value = "0.01"; VariantName = "[No Variations]"
Add component (AddParameter): Name = "Ratings"; Value = "AEC-Q200"; VariantName = "[No Variations]"
Add component (AddParameter): Name = "Resistance"; Value = "1k"; VariantName = "[No Variations]"
Add component (AddParameter): Name = "Series"; Value = "RNCF"; VariantName = "[No Variations]"
Add component (AddParameter): Name = "Size / Dimension"; Value = "0.061" L x 0.031" W (1.55mm x 0.80mm)"; VariantName = "[No Variations]"
Add component (AddParameter): Name = "Supplier 1"; Value = "DigiKey"; VariantName = "[No Variations]"
Add component (AddParameter): Name = "Supplier Device Package"; Value = "0603"; VariantName = "[No Variations]"
Add component (AddParameter): Name = "Supplier Part Number 1"; Value = "RNCF0603DTE23K2CT-ND"; VariantName = "[No Variations]"
Add component (AddParameter): Name = "Temperature Coefficient"; Value = "±25ppm/°C"; VariantName = "[No Variations]"
Add component (AddParameter): Name = "Tolerance"; Value = "±0.5%"; VariantName = "[No Variations]"
Add component (AddParameter): Name = "Value"; Value = "1k"; VariantName = "[No Variations]"
Added Component: Designator=R26(RES 0603_1608)
Add component (AddParameter): Name = "ComponentLink1Description"; Value = "Datasheet"; VariantName = "[No Variations]"
Add component (AddParameter): Name = "ComponentLink1URL"; Value = "https://www.seielect.com/catalog/sei-rncf.pdf"; VariantName = "[No Variations]"
Add component (AddParameter): Name = "ComponentLink2Description"; Value = "DigiKey Link"; VariantName = "[No Variations]"
Add component (AddParameter): Name = "ComponentLink2URL"; Value = "https://www.digikey.com/en/products/detail/stackpole-electronics-inc/RNCF0603DTE23K2/6264115"; VariantName = "[No Variations]"
Add component (AddParameter): Name = "Composition"; Value = "Thin Film"; VariantName = "[No Variations]"
Add component (AddParameter): Name = "Device Package"; Value = "0603 (1608 Metric)"; VariantName = "[No Variations]"
Add component (AddParameter): Name = "Features"; Value = "Automotive AEC-Q200"; VariantName = "[No Variations]"
Add component (AddParameter): Name = "Height - Seated (Max)"; Value = "0.022" (0.55mm)"; VariantName = "[No Variations]"
Add component (AddParameter): Name = "LastUpdated"; Value = "2022-05-20 3:01:33 PM"; VariantName = "[No Variations]"
Add component (AddParameter): Name = "Lifecycle Status"; Value = "Active"; VariantName = "[No Variations]"
Add component (AddParameter): Name = "Manufacturer"; Value = "Stackpole Electronics Inc"; VariantName = "[No Variations]"
Add component (AddParameter): Name = "Minimum Order"; Value = "1"; VariantName = "[No Variations]"
Add component (AddParameter): Name = "Number of Terminations"; Value = "2"; VariantName = "[No Variations]"
Add component (AddParameter): Name = "Operating Temperature"; Value = "-55°C ~ 155°C"; VariantName = "[No Variations]"
Add component (AddParameter): Name = "Package / Case"; Value = "0603 (1608 Metric)"; VariantName = "[No Variations]"
Add component (AddParameter): Name = "Packaging"; Value = "TapeAndReel"; VariantName = "[No Variations]"
Add component (AddParameter): Name = "Part Number"; Value = "RNCF0603DTE23K2"; VariantName = "[No Variations]"
Add component (AddParameter): Name = "Part Status"; Value = "Active"; VariantName = "[No Variations]"
Add component (AddParameter): Name = "PartId"; Value = "5426"; VariantName = "[No Variations]"
Add component (AddParameter): Name = "Power (Watts)"; Value = "0.1W, 1/10W"; VariantName = "[No Variations]"
Add component (AddParameter): Name = "Price"; Value = "0.01"; VariantName = "[No Variations]"
Add component (AddParameter): Name = "Ratings"; Value = "AEC-Q200"; VariantName = "[No Variations]"
Add component (AddParameter): Name = "Resistance"; Value = "47R"; VariantName = "[No Variations]"
Add component (AddParameter): Name = "Series"; Value = "RNCF"; VariantName = "[No Variations]"
Add component (AddParameter): Name = "Size / Dimension"; Value = "0.061" L x 0.031" W (1.55mm x 0.80mm)"; VariantName = "[No Variations]"
Add component (AddParameter): Name = "Supplier 1"; Value = "DigiKey"; VariantName = "[No Variations]"
Add component (AddParameter): Name = "Supplier Device Package"; Value = "0603"; VariantName = "[No Variations]"
Add component (AddParameter): Name = "Supplier Part Number 1"; Value = "RNCF0603DTE23K2CT-ND"; VariantName = "[No Variations]"
Add component (AddParameter): Name = "Temperature Coefficient"; Value = "±25ppm/°C"; VariantName = "[No Variations]"
Add component (AddParameter): Name = "Tolerance"; Value = "±0.5%"; VariantName = "[No Variations]"
Add component (AddParameter): Name = "Value"; Value = "47R"; VariantName = "[No Variations]"
Added Component: Designator=R27(RES 0603_1608)
Add component (AddParameter): Name = "ComponentLink1Description"; Value = "Datasheet"; VariantName = "[No Variations]"
Add component (AddParameter): Name = "ComponentLink1URL"; Value = "https://www.seielect.com/catalog/sei-rncf.pdf"; VariantName = "[No Variations]"
Add component (AddParameter): Name = "ComponentLink2Description"; Value = "DigiKey Link"; VariantName = "[No Variations]"
Add component (AddParameter): Name = "ComponentLink2URL"; Value = "https://www.digikey.com/en/products/detail/stackpole-electronics-inc/RNCF0603DTE23K2/6264115"; VariantName = "[No Variations]"
Add component (AddParameter): Name = "Composition"; Value = "Thin Film"; VariantName = "[No Variations]"
Add component (AddParameter): Name = "Device Package"; Value = "0603 (1608 Metric)"; VariantName = "[No Variations]"
Add component (AddParameter): Name = "Features"; Value = "Automotive AEC-Q200"; VariantName = "[No Variations]"
Add component (AddParameter): Name = "Height - Seated (Max)"; Value = "0.022" (0.55mm)"; VariantName = "[No Variations]"
Add component (AddParameter): Name = "LastUpdated"; Value = "2022-05-20 3:01:33 PM"; VariantName = "[No Variations]"
Add component (AddParameter): Name = "Lifecycle Status"; Value = "Active"; VariantName = "[No Variations]"
Add component (AddParameter): Name = "Manufacturer"; Value = "Stackpole Electronics Inc"; VariantName = "[No Variations]"
Add component (AddParameter): Name = "Minimum Order"; Value = "1"; VariantName = "[No Variations]"
Add component (AddParameter): Name = "Number of Terminations"; Value = "2"; VariantName = "[No Variations]"
Add component (AddParameter): Name = "Operating Temperature"; Value = "-55°C ~ 155°C"; VariantName = "[No Variations]"
Add component (AddParameter): Name = "Package / Case"; Value = "0603 (1608 Metric)"; VariantName = "[No Variations]"
Add component (AddParameter): Name = "Packaging"; Value = "TapeAndReel"; VariantName = "[No Variations]"
Add component (AddParameter): Name = "Part Number"; Value = "RNCF0603DTE23K2"; VariantName = "[No Variations]"
Add component (AddParameter): Name = "Part Status"; Value = "Active"; VariantName = "[No Variations]"
Add component (AddParameter): Name = "PartId"; Value = "5426"; VariantName = "[No Variations]"
Add component (AddParameter): Name = "Power (Watts)"; Value = "0.1W, 1/10W"; VariantName = "[No Variations]"
Add component (AddParameter): Name = "Price"; Value = "0.01"; VariantName = "[No Variations]"
Add component (AddParameter): Name = "Ratings"; Value = "AEC-Q200"; VariantName = "[No Variations]"
Add component (AddParameter): Name = "Resistance"; Value = "1k"; VariantName = "[No Variations]"
Add component (AddParameter): Name = "Series"; Value = "RNCF"; VariantName = "[No Variations]"
Add component (AddParameter): Name = "Size / Dimension"; Value = "0.061" L x 0.031" W (1.55mm x 0.80mm)"; VariantName = "[No Variations]"
Add component (AddParameter): Name = "Supplier 1"; Value = "DigiKey"; VariantName = "[No Variations]"
Add component (AddParameter): Name = "Supplier Device Package"; Value = "0603"; VariantName = "[No Variations]"
Add component (AddParameter): Name = "Supplier Part Number 1"; Value = "RNCF0603DTE23K2CT-ND"; VariantName = "[No Variations]"
Add component (AddParameter): Name = "Temperature Coefficient"; Value = "±25ppm/°C"; VariantName = "[No Variations]"
Add component (AddParameter): Name = "Tolerance"; Value = "±0.5%"; VariantName = "[No Variations]"
Add component (AddParameter): Name = "Value"; Value = "1k"; VariantName = "[No Variations]"
Added Component: Designator=R28(RES 0603_1608)
Add component (AddParameter): Name = "ComponentLink1Description"; Value = "Datasheet"; VariantName = "[No Variations]"
Add component (AddParameter): Name = "ComponentLink1URL"; Value = "https://www.seielect.com/catalog/sei-rncf.pdf"; VariantName = "[No Variations]"
Add component (AddParameter): Name = "ComponentLink2Description"; Value = "DigiKey Link"; VariantName = "[No Variations]"
Add component (AddParameter): Name = "ComponentLink2URL"; Value = "https://www.digikey.com/en/products/detail/stackpole-electronics-inc/RNCF0603DTE23K2/6264115"; VariantName = "[No Variations]"
Add component (AddParameter): Name = "Composition"; Value = "Thin Film"; VariantName = "[No Variations]"
Add component (AddParameter): Name = "Device Package"; Value = "0603 (1608 Metric)"; VariantName = "[No Variations]"
Add component (AddParameter): Name = "Features"; Value = "Automotive AEC-Q200"; VariantName = "[No Variations]"
Add component (AddParameter): Name = "Height - Seated (Max)"; Value = "0.022" (0.55mm)"; VariantName = "[No Variations]"
Add component (AddParameter): Name = "LastUpdated"; Value = "2022-05-20 3:01:33 PM"; VariantName = "[No Variations]"
Add component (AddParameter): Name = "Lifecycle Status"; Value = "Active"; VariantName = "[No Variations]"
Add component (AddParameter): Name = "Manufacturer"; Value = "Stackpole Electronics Inc"; VariantName = "[No Variations]"
Add component (AddParameter): Name = "Minimum Order"; Value = "1"; VariantName = "[No Variations]"
Add component (AddParameter): Name = "Number of Terminations"; Value = "2"; VariantName = "[No Variations]"
Add component (AddParameter): Name = "Operating Temperature"; Value = "-55°C ~ 155°C"; VariantName = "[No Variations]"
Add component (AddParameter): Name = "Package / Case"; Value = "0603 (1608 Metric)"; VariantName = "[No Variations]"
Add component (AddParameter): Name = "Packaging"; Value = "TapeAndReel"; VariantName = "[No Variations]"
Add component (AddParameter): Name = "Part Number"; Value = "RNCF0603DTE23K2"; VariantName = "[No Variations]"
Add component (AddParameter): Name = "Part Status"; Value = "Active"; VariantName = "[No Variations]"
Add component (AddParameter): Name = "PartId"; Value = "5426"; VariantName = "[No Variations]"
Add component (AddParameter): Name = "Power (Watts)"; Value = "0.1W, 1/10W"; VariantName = "[No Variations]"
Add component (AddParameter): Name = "Price"; Value = "0.01"; VariantName = "[No Variations]"
Add component (AddParameter): Name = "Ratings"; Value = "AEC-Q200"; VariantName = "[No Variations]"
Add component (AddParameter): Name = "Resistance"; Value = "47R"; VariantName = "[No Variations]"
Add component (AddParameter): Name = "Series"; Value = "RNCF"; VariantName = "[No Variations]"
Add component (AddParameter): Name = "Size / Dimension"; Value = "0.061" L x 0.031" W (1.55mm x 0.80mm)"; VariantName = "[No Variations]"
Add component (AddParameter): Name = "Supplier 1"; Value = "DigiKey"; VariantName = "[No Variations]"
Add component (AddParameter): Name = "Supplier Device Package"; Value = "0603"; VariantName = "[No Variations]"
Add component (AddParameter): Name = "Supplier Part Number 1"; Value = "RNCF0603DTE23K2CT-ND"; VariantName = "[No Variations]"
Add component (AddParameter): Name = "Temperature Coefficient"; Value = "±25ppm/°C"; VariantName = "[No Variations]"
Add component (AddParameter): Name = "Tolerance"; Value = "±0.5%"; VariantName = "[No Variations]"
Add component (AddParameter): Name = "Value"; Value = "47R"; VariantName = "[No Variations]"
Added Component: Designator=R29(RES 0603_1608)
Add component (AddParameter): Name = "ComponentLink1Description"; Value = "Datasheet"; VariantName = "[No Variations]"
Add component (AddParameter): Name = "ComponentLink1URL"; Value = "https://www.seielect.com/catalog/sei-rncf.pdf"; VariantName = "[No Variations]"
Add component (AddParameter): Name = "ComponentLink2Description"; Value = "DigiKey Link"; VariantName = "[No Variations]"
Add component (AddParameter): Name = "ComponentLink2URL"; Value = "https://www.digikey.com/en/products/detail/stackpole-electronics-inc/RNCF0603DTE23K2/6264115"; VariantName = "[No Variations]"
Add component (AddParameter): Name = "Composition"; Value = "Thin Film"; VariantName = "[No Variations]"
Add component (AddParameter): Name = "Device Package"; Value = "0603 (1608 Metric)"; VariantName = "[No Variations]"
Add component (AddParameter): Name = "Features"; Value = "Automotive AEC-Q200"; VariantName = "[No Variations]"
Add component (AddParameter): Name = "Height - Seated (Max)"; Value = "0.022" (0.55mm)"; VariantName = "[No Variations]"
Add component (AddParameter): Name = "LastUpdated"; Value = "2022-05-20 3:01:33 PM"; VariantName = "[No Variations]"
Add component (AddParameter): Name = "Lifecycle Status"; Value = "Active"; VariantName = "[No Variations]"
Add component (AddParameter): Name = "Manufacturer"; Value = "Stackpole Electronics Inc"; VariantName = "[No Variations]"
Add component (AddParameter): Name = "Minimum Order"; Value = "1"; VariantName = "[No Variations]"
Add component (AddParameter): Name = "Number of Terminations"; Value = "2"; VariantName = "[No Variations]"
Add component (AddParameter): Name = "Operating Temperature"; Value = "-55°C ~ 155°C"; VariantName = "[No Variations]"
Add component (AddParameter): Name = "Package / Case"; Value = "0603 (1608 Metric)"; VariantName = "[No Variations]"
Add component (AddParameter): Name = "Packaging"; Value = "TapeAndReel"; VariantName = "[No Variations]"
Add component (AddParameter): Name = "Part Number"; Value = "RNCF0603DTE23K2"; VariantName = "[No Variations]"
Add component (AddParameter): Name = "Part Status"; Value = "Active"; VariantName = "[No Variations]"
Add component (AddParameter): Name = "PartId"; Value = "5426"; VariantName = "[No Variations]"
Add component (AddParameter): Name = "Power (Watts)"; Value = "0.1W, 1/10W"; VariantName = "[No Variations]"
Add component (AddParameter): Name = "Price"; Value = "0.01"; VariantName = "[No Variations]"
Add component (AddParameter): Name = "Ratings"; Value = "AEC-Q200"; VariantName = "[No Variations]"
Add component (AddParameter): Name = "Resistance"; Value = "1k"; VariantName = "[No Variations]"
Add component (AddParameter): Name = "Series"; Value = "RNCF"; VariantName = "[No Variations]"
Add component (AddParameter): Name = "Size / Dimension"; Value = "0.061" L x 0.031" W (1.55mm x 0.80mm)"; VariantName = "[No Variations]"
Add component (AddParameter): Name = "Supplier 1"; Value = "DigiKey"; VariantName = "[No Variations]"
Add component (AddParameter): Name = "Supplier Device Package"; Value = "0603"; VariantName = "[No Variations]"
Add component (AddParameter): Name = "Supplier Part Number 1"; Value = "RNCF0603DTE23K2CT-ND"; VariantName = "[No Variations]"
Add component (AddParameter): Name = "Temperature Coefficient"; Value = "±25ppm/°C"; VariantName = "[No Variations]"
Add component (AddParameter): Name = "Tolerance"; Value = "±0.5%"; VariantName = "[No Variations]"
Add component (AddParameter): Name = "Value"; Value = "1k"; VariantName = "[No Variations]"
Added Component: Designator=R30(RES 0603_1608)
Add component (AddParameter): Name = "ComponentLink1Description"; Value = "Datasheet"; VariantName = "[No Variations]"
Add component (AddParameter): Name = "ComponentLink1URL"; Value = "https://www.seielect.com/catalog/sei-rncf.pdf"; VariantName = "[No Variations]"
Add component (AddParameter): Name = "ComponentLink2Description"; Value = "DigiKey Link"; VariantName = "[No Variations]"
Add component (AddParameter): Name = "ComponentLink2URL"; Value = "https://www.digikey.com/en/products/detail/stackpole-electronics-inc/RNCF0603DTE23K2/6264115"; VariantName = "[No Variations]"
Add component (AddParameter): Name = "Composition"; Value = "Thin Film"; VariantName = "[No Variations]"
Add component (AddParameter): Name = "Device Package"; Value = "0603 (1608 Metric)"; VariantName = "[No Variations]"
Add component (AddParameter): Name = "Features"; Value = "Automotive AEC-Q200"; VariantName = "[No Variations]"
Add component (AddParameter): Name = "Height - Seated (Max)"; Value = "0.022" (0.55mm)"; VariantName = "[No Variations]"
Add component (AddParameter): Name = "LastUpdated"; Value = "2022-05-20 3:01:33 PM"; VariantName = "[No Variations]"
Add component (AddParameter): Name = "Lifecycle Status"; Value = "Active"; VariantName = "[No Variations]"
Add component (AddParameter): Name = "Manufacturer"; Value = "Stackpole Electronics Inc"; VariantName = "[No Variations]"
Add component (AddParameter): Name = "Minimum Order"; Value = "1"; VariantName = "[No Variations]"
Add component (AddParameter): Name = "Number of Terminations"; Value = "2"; VariantName = "[No Variations]"
Add component (AddParameter): Name = "Operating Temperature"; Value = "-55°C ~ 155°C"; VariantName = "[No Variations]"
Add component (AddParameter): Name = "Package / Case"; Value = "0603 (1608 Metric)"; VariantName = "[No Variations]"
Add component (AddParameter): Name = "Packaging"; Value = "TapeAndReel"; VariantName = "[No Variations]"
Add component (AddParameter): Name = "Part Number"; Value = "RNCF0603DTE23K2"; VariantName = "[No Variations]"
Add component (AddParameter): Name = "Part Status"; Value = "Active"; VariantName = "[No Variations]"
Add component (AddParameter): Name = "PartId"; Value = "5426"; VariantName = "[No Variations]"
Add component (AddParameter): Name = "Power (Watts)"; Value = "0.1W, 1/10W"; VariantName = "[No Variations]"
Add component (AddParameter): Name = "Price"; Value = "0.01"; VariantName = "[No Variations]"
Add component (AddParameter): Name = "Ratings"; Value = "AEC-Q200"; VariantName = "[No Variations]"
Add component (AddParameter): Name = "Resistance"; Value = "47R"; VariantName = "[No Variations]"
Add component (AddParameter): Name = "Series"; Value = "RNCF"; VariantName = "[No Variations]"
Add component (AddParameter): Name = "Size / Dimension"; Value = "0.061" L x 0.031" W (1.55mm x 0.80mm)"; VariantName = "[No Variations]"
Add component (AddParameter): Name = "Supplier 1"; Value = "DigiKey"; VariantName = "[No Variations]"
Add component (AddParameter): Name = "Supplier Device Package"; Value = "0603"; VariantName = "[No Variations]"
Add component (AddParameter): Name = "Supplier Part Number 1"; Value = "RNCF0603DTE23K2CT-ND"; VariantName = "[No Variations]"
Add component (AddParameter): Name = "Temperature Coefficient"; Value = "±25ppm/°C"; VariantName = "[No Variations]"
Add component (AddParameter): Name = "Tolerance"; Value = "±0.5%"; VariantName = "[No Variations]"
Add component (AddParameter): Name = "Value"; Value = "47R"; VariantName = "[No Variations]"
Added Component: Designator=R31(RES 0603_1608)
Add component (AddParameter): Name = "ComponentLink1Description"; Value = "Datasheet"; VariantName = "[No Variations]"
Add component (AddParameter): Name = "ComponentLink1URL"; Value = "https://www.seielect.com/catalog/sei-rncf.pdf"; VariantName = "[No Variations]"
Add component (AddParameter): Name = "ComponentLink2Description"; Value = "DigiKey Link"; VariantName = "[No Variations]"
Add component (AddParameter): Name = "ComponentLink2URL"; Value = "https://www.digikey.com/en/products/detail/stackpole-electronics-inc/RNCF0603DTE23K2/6264115"; VariantName = "[No Variations]"
Add component (AddParameter): Name = "Composition"; Value = "Thin Film"; VariantName = "[No Variations]"
Add component (AddParameter): Name = "Device Package"; Value = "0603 (1608 Metric)"; VariantName = "[No Variations]"
Add component (AddParameter): Name = "Features"; Value = "Automotive AEC-Q200"; VariantName = "[No Variations]"
Add component (AddParameter): Name = "Height - Seated (Max)"; Value = "0.022" (0.55mm)"; VariantName = "[No Variations]"
Add component (AddParameter): Name = "LastUpdated"; Value = "2022-05-20 3:01:33 PM"; VariantName = "[No Variations]"
Add component (AddParameter): Name = "Lifecycle Status"; Value = "Active"; VariantName = "[No Variations]"
Add component (AddParameter): Name = "Manufacturer"; Value = "Stackpole Electronics Inc"; VariantName = "[No Variations]"
Add component (AddParameter): Name = "Minimum Order"; Value = "1"; VariantName = "[No Variations]"
Add component (AddParameter): Name = "Number of Terminations"; Value = "2"; VariantName = "[No Variations]"
Add component (AddParameter): Name = "Operating Temperature"; Value = "-55°C ~ 155°C"; VariantName = "[No Variations]"
Add component (AddParameter): Name = "Package / Case"; Value = "0603 (1608 Metric)"; VariantName = "[No Variations]"
Add component (AddParameter): Name = "Packaging"; Value = "TapeAndReel"; VariantName = "[No Variations]"
Add component (AddParameter): Name = "Part Number"; Value = "RNCF0603DTE23K2"; VariantName = "[No Variations]"
Add component (AddParameter): Name = "Part Status"; Value = "Active"; VariantName = "[No Variations]"
Add component (AddParameter): Name = "PartId"; Value = "5426"; VariantName = "[No Variations]"
Add component (AddParameter): Name = "Power (Watts)"; Value = "0.1W, 1/10W"; VariantName = "[No Variations]"
Add component (AddParameter): Name = "Price"; Value = "0.01"; VariantName = "[No Variations]"
Add component (AddParameter): Name = "Ratings"; Value = "AEC-Q200"; VariantName = "[No Variations]"
Add component (AddParameter): Name = "Resistance"; Value = "1k"; VariantName = "[No Variations]"
Add component (AddParameter): Name = "Series"; Value = "RNCF"; VariantName = "[No Variations]"
Add component (AddParameter): Name = "Size / Dimension"; Value = "0.061" L x 0.031" W (1.55mm x 0.80mm)"; VariantName = "[No Variations]"
Add component (AddParameter): Name = "Supplier 1"; Value = "DigiKey"; VariantName = "[No Variations]"
Add component (AddParameter): Name = "Supplier Device Package"; Value = "0603"; VariantName = "[No Variations]"
Add component (AddParameter): Name = "Supplier Part Number 1"; Value = "RNCF0603DTE23K2CT-ND"; VariantName = "[No Variations]"
Add component (AddParameter): Name = "Temperature Coefficient"; Value = "±25ppm/°C"; VariantName = "[No Variations]"
Add component (AddParameter): Name = "Tolerance"; Value = "±0.5%"; VariantName = "[No Variations]"
Add component (AddParameter): Name = "Value"; Value = "1k"; VariantName = "[No Variations]"
Added Component: Designator=R32(RES 0603_1608)
Add component (AddParameter): Name = "ComponentLink1Description"; Value = "Datasheet"; VariantName = "[No Variations]"
Add component (AddParameter): Name = "ComponentLink1URL"; Value = "https://www.seielect.com/catalog/sei-rncf.pdf"; VariantName = "[No Variations]"
Add component (AddParameter): Name = "ComponentLink2Description"; Value = "DigiKey Link"; VariantName = "[No Variations]"
Add component (AddParameter): Name = "ComponentLink2URL"; Value = "https://www.digikey.com/en/products/detail/stackpole-electronics-inc/RNCF0603DTE23K2/6264115"; VariantName = "[No Variations]"
Add component (AddParameter): Name = "Composition"; Value = "Thin Film"; VariantName = "[No Variations]"
Add component (AddParameter): Name = "Device Package"; Value = "0603 (1608 Metric)"; VariantName = "[No Variations]"
Add component (AddParameter): Name = "Features"; Value = "Automotive AEC-Q200"; VariantName = "[No Variations]"
Add component (AddParameter): Name = "Height - Seated (Max)"; Value = "0.022" (0.55mm)"; VariantName = "[No Variations]"
Add component (AddParameter): Name = "LastUpdated"; Value = "2022-05-20 3:01:33 PM"; VariantName = "[No Variations]"
Add component (AddParameter): Name = "Lifecycle Status"; Value = "Active"; VariantName = "[No Variations]"
Add component (AddParameter): Name = "Manufacturer"; Value = "Stackpole Electronics Inc"; VariantName = "[No Variations]"
Add component (AddParameter): Name = "Minimum Order"; Value = "1"; VariantName = "[No Variations]"
Add component (AddParameter): Name = "Number of Terminations"; Value = "2"; VariantName = "[No Variations]"
Add component (AddParameter): Name = "Operating Temperature"; Value = "-55°C ~ 155°C"; VariantName = "[No Variations]"
Add component (AddParameter): Name = "Package / Case"; Value = "0603 (1608 Metric)"; VariantName = "[No Variations]"
Add component (AddParameter): Name = "Packaging"; Value = "TapeAndReel"; VariantName = "[No Variations]"
Add component (AddParameter): Name = "Part Number"; Value = "RNCF0603DTE23K2"; VariantName = "[No Variations]"
Add component (AddParameter): Name = "Part Status"; Value = "Active"; VariantName = "[No Variations]"
Add component (AddParameter): Name = "PartId"; Value = "5426"; VariantName = "[No Variations]"
Add component (AddParameter): Name = "Power (Watts)"; Value = "0.1W, 1/10W"; VariantName = "[No Variations]"
Add component (AddParameter): Name = "Price"; Value = "0.01"; VariantName = "[No Variations]"
Add component (AddParameter): Name = "Ratings"; Value = "AEC-Q200"; VariantName = "[No Variations]"
Add component (AddParameter): Name = "Resistance"; Value = "47R"; VariantName = "[No Variations]"
Add component (AddParameter): Name = "Series"; Value = "RNCF"; VariantName = "[No Variations]"
Add component (AddParameter): Name = "Size / Dimension"; Value = "0.061" L x 0.031" W (1.55mm x 0.80mm)"; VariantName = "[No Variations]"
Add component (AddParameter): Name = "Supplier 1"; Value = "DigiKey"; VariantName = "[No Variations]"
Add component (AddParameter): Name = "Supplier Device Package"; Value = "0603"; VariantName = "[No Variations]"
Add component (AddParameter): Name = "Supplier Part Number 1"; Value = "RNCF0603DTE23K2CT-ND"; VariantName = "[No Variations]"
Add component (AddParameter): Name = "Temperature Coefficient"; Value = "±25ppm/°C"; VariantName = "[No Variations]"
Add component (AddParameter): Name = "Tolerance"; Value = "±0.5%"; VariantName = "[No Variations]"
Add component (AddParameter): Name = "Value"; Value = "47R"; VariantName = "[No Variations]"
Added Component: Designator=R33(RES 0603_1608)
Add component (AddParameter): Name = "ComponentLink1Description"; Value = "Datasheet"; VariantName = "[No Variations]"
Add component (AddParameter): Name = "ComponentLink1URL"; Value = "https://www.seielect.com/catalog/sei-rncf.pdf"; VariantName = "[No Variations]"
Add component (AddParameter): Name = "ComponentLink2Description"; Value = "DigiKey Link"; VariantName = "[No Variations]"
Add component (AddParameter): Name = "ComponentLink2URL"; Value = "https://www.digikey.com/en/products/detail/stackpole-electronics-inc/RNCF0603DTE23K2/6264115"; VariantName = "[No Variations]"
Add component (AddParameter): Name = "Composition"; Value = "Thin Film"; VariantName = "[No Variations]"
Add component (AddParameter): Name = "Device Package"; Value = "0603 (1608 Metric)"; VariantName = "[No Variations]"
Add component (AddParameter): Name = "Features"; Value = "Automotive AEC-Q200"; VariantName = "[No Variations]"
Add component (AddParameter): Name = "Height - Seated (Max)"; Value = "0.022" (0.55mm)"; VariantName = "[No Variations]"
Add component (AddParameter): Name = "LastUpdated"; Value = "2022-05-20 3:01:33 PM"; VariantName = "[No Variations]"
Add component (AddParameter): Name = "Lifecycle Status"; Value = "Active"; VariantName = "[No Variations]"
Add component (AddParameter): Name = "Manufacturer"; Value = "Stackpole Electronics Inc"; VariantName = "[No Variations]"
Add component (AddParameter): Name = "Minimum Order"; Value = "1"; VariantName = "[No Variations]"
Add component (AddParameter): Name = "Number of Terminations"; Value = "2"; VariantName = "[No Variations]"
Add component (AddParameter): Name = "Operating Temperature"; Value = "-55°C ~ 155°C"; VariantName = "[No Variations]"
Add component (AddParameter): Name = "Package / Case"; Value = "0603 (1608 Metric)"; VariantName = "[No Variations]"
Add component (AddParameter): Name = "Packaging"; Value = "TapeAndReel"; VariantName = "[No Variations]"
Add component (AddParameter): Name = "Part Number"; Value = "RNCF0603DTE23K2"; VariantName = "[No Variations]"
Add component (AddParameter): Name = "Part Status"; Value = "Active"; VariantName = "[No Variations]"
Add component (AddParameter): Name = "PartId"; Value = "5426"; VariantName = "[No Variations]"
Add component (AddParameter): Name = "Power (Watts)"; Value = "0.1W, 1/10W"; VariantName = "[No Variations]"
Add component (AddParameter): Name = "Price"; Value = "0.01"; VariantName = "[No Variations]"
Add component (AddParameter): Name = "Ratings"; Value = "AEC-Q200"; VariantName = "[No Variations]"
Add component (AddParameter): Name = "Resistance"; Value = "47R"; VariantName = "[No Variations]"
Add component (AddParameter): Name = "Series"; Value = "RNCF"; VariantName = "[No Variations]"
Add component (AddParameter): Name = "Size / Dimension"; Value = "0.061" L x 0.031" W (1.55mm x 0.80mm)"; VariantName = "[No Variations]"
Add component (AddParameter): Name = "Supplier 1"; Value = "DigiKey"; VariantName = "[No Variations]"
Add component (AddParameter): Name = "Supplier Device Package"; Value = "0603"; VariantName = "[No Variations]"
Add component (AddParameter): Name = "Supplier Part Number 1"; Value = "RNCF0603DTE23K2CT-ND"; VariantName = "[No Variations]"
Add component (AddParameter): Name = "Temperature Coefficient"; Value = "±25ppm/°C"; VariantName = "[No Variations]"
Add component (AddParameter): Name = "Tolerance"; Value = "±0.5%"; VariantName = "[No Variations]"
Add component (AddParameter): Name = "Value"; Value = "47R"; VariantName = "[No Variations]"
Added Component: Designator=R34(RES 0603_1608)
Add component (AddParameter): Name = "ComponentLink1Description"; Value = "Datasheet"; VariantName = "[No Variations]"
Add component (AddParameter): Name = "ComponentLink1URL"; Value = "https://www.seielect.com/catalog/sei-rncf.pdf"; VariantName = "[No Variations]"
Add component (AddParameter): Name = "ComponentLink2Description"; Value = "DigiKey Link"; VariantName = "[No Variations]"
Add component (AddParameter): Name = "ComponentLink2URL"; Value = "https://www.digikey.com/en/products/detail/stackpole-electronics-inc/RNCF0603DTE23K2/6264115"; VariantName = "[No Variations]"
Add component (AddParameter): Name = "Composition"; Value = "Thin Film"; VariantName = "[No Variations]"
Add component (AddParameter): Name = "Device Package"; Value = "0603 (1608 Metric)"; VariantName = "[No Variations]"
Add component (AddParameter): Name = "Features"; Value = "Automotive AEC-Q200"; VariantName = "[No Variations]"
Add component (AddParameter): Name = "Height - Seated (Max)"; Value = "0.022" (0.55mm)"; VariantName = "[No Variations]"
Add component (AddParameter): Name = "LastUpdated"; Value = "2022-05-20 3:01:33 PM"; VariantName = "[No Variations]"
Add component (AddParameter): Name = "Lifecycle Status"; Value = "Active"; VariantName = "[No Variations]"
Add component (AddParameter): Name = "Manufacturer"; Value = "Stackpole Electronics Inc"; VariantName = "[No Variations]"
Add component (AddParameter): Name = "Minimum Order"; Value = "1"; VariantName = "[No Variations]"
Add component (AddParameter): Name = "Number of Terminations"; Value = "2"; VariantName = "[No Variations]"
Add component (AddParameter): Name = "Operating Temperature"; Value = "-55°C ~ 155°C"; VariantName = "[No Variations]"
Add component (AddParameter): Name = "Package / Case"; Value = "0603 (1608 Metric)"; VariantName = "[No Variations]"
Add component (AddParameter): Name = "Packaging"; Value = "TapeAndReel"; VariantName = "[No Variations]"
Add component (AddParameter): Name = "Part Number"; Value = "RNCF0603DTE23K2"; VariantName = "[No Variations]"
Add component (AddParameter): Name = "Part Status"; Value = "Active"; VariantName = "[No Variations]"
Add component (AddParameter): Name = "PartId"; Value = "5426"; VariantName = "[No Variations]"
Add component (AddParameter): Name = "Power (Watts)"; Value = "0.1W, 1/10W"; VariantName = "[No Variations]"
Add component (AddParameter): Name = "Price"; Value = "0.01"; VariantName = "[No Variations]"
Add component (AddParameter): Name = "Ratings"; Value = "AEC-Q200"; VariantName = "[No Variations]"
Add component (AddParameter): Name = "Resistance"; Value = "47R"; VariantName = "[No Variations]"
Add component (AddParameter): Name = "Series"; Value = "RNCF"; VariantName = "[No Variations]"
Add component (AddParameter): Name = "Size / Dimension"; Value = "0.061" L x 0.031" W (1.55mm x 0.80mm)"; VariantName = "[No Variations]"
Add component (AddParameter): Name = "Supplier 1"; Value = "DigiKey"; VariantName = "[No Variations]"
Add component (AddParameter): Name = "Supplier Device Package"; Value = "0603"; VariantName = "[No Variations]"
Add component (AddParameter): Name = "Supplier Part Number 1"; Value = "RNCF0603DTE23K2CT-ND"; VariantName = "[No Variations]"
Add component (AddParameter): Name = "Temperature Coefficient"; Value = "±25ppm/°C"; VariantName = "[No Variations]"
Add component (AddParameter): Name = "Tolerance"; Value = "±0.5%"; VariantName = "[No Variations]"
Add component (AddParameter): Name = "Value"; Value = "47R"; VariantName = "[No Variations]"
Added Component: Designator=R35(RES 0603_1608)
Add component (AddParameter): Name = "ComponentLink1Description"; Value = "Datasheet"; VariantName = "[No Variations]"
Add component (AddParameter): Name = "ComponentLink1URL"; Value = "https://www.seielect.com/catalog/sei-rncf.pdf"; VariantName = "[No Variations]"
Add component (AddParameter): Name = "ComponentLink2Description"; Value = "DigiKey Link"; VariantName = "[No Variations]"
Add component (AddParameter): Name = "ComponentLink2URL"; Value = "https://www.digikey.com/en/products/detail/stackpole-electronics-inc/RNCF0603DTE23K2/6264115"; VariantName = "[No Variations]"
Add component (AddParameter): Name = "Composition"; Value = "Thin Film"; VariantName = "[No Variations]"
Add component (AddParameter): Name = "Device Package"; Value = "0603 (1608 Metric)"; VariantName = "[No Variations]"
Add component (AddParameter): Name = "Features"; Value = "Automotive AEC-Q200"; VariantName = "[No Variations]"
Add component (AddParameter): Name = "Height - Seated (Max)"; Value = "0.022" (0.55mm)"; VariantName = "[No Variations]"
Add component (AddParameter): Name = "LastUpdated"; Value = "2022-05-20 3:01:33 PM"; VariantName = "[No Variations]"
Add component (AddParameter): Name = "Lifecycle Status"; Value = "Active"; VariantName = "[No Variations]"
Add component (AddParameter): Name = "Manufacturer"; Value = "Stackpole Electronics Inc"; VariantName = "[No Variations]"
Add component (AddParameter): Name = "Minimum Order"; Value = "1"; VariantName = "[No Variations]"
Add component (AddParameter): Name = "Number of Terminations"; Value = "2"; VariantName = "[No Variations]"
Add component (AddParameter): Name = "Operating Temperature"; Value = "-55°C ~ 155°C"; VariantName = "[No Variations]"
Add component (AddParameter): Name = "Package / Case"; Value = "0603 (1608 Metric)"; VariantName = "[No Variations]"
Add component (AddParameter): Name = "Packaging"; Value = "TapeAndReel"; VariantName = "[No Variations]"
Add component (AddParameter): Name = "Part Number"; Value = "RNCF0603DTE23K2"; VariantName = "[No Variations]"
Add component (AddParameter): Name = "Part Status"; Value = "Active"; VariantName = "[No Variations]"
Add component (AddParameter): Name = "PartId"; Value = "5426"; VariantName = "[No Variations]"
Add component (AddParameter): Name = "Power (Watts)"; Value = "0.1W, 1/10W"; VariantName = "[No Variations]"
Add component (AddParameter): Name = "Price"; Value = "0.01"; VariantName = "[No Variations]"
Add component (AddParameter): Name = "Ratings"; Value = "AEC-Q200"; VariantName = "[No Variations]"
Add component (AddParameter): Name = "Resistance"; Value = "1k"; VariantName = "[No Variations]"
Add component (AddParameter): Name = "Series"; Value = "RNCF"; VariantName = "[No Variations]"
Add component (AddParameter): Name = "Size / Dimension"; Value = "0.061" L x 0.031" W (1.55mm x 0.80mm)"; VariantName = "[No Variations]"
Add component (AddParameter): Name = "Supplier 1"; Value = "DigiKey"; VariantName = "[No Variations]"
Add component (AddParameter): Name = "Supplier Device Package"; Value = "0603"; VariantName = "[No Variations]"
Add component (AddParameter): Name = "Supplier Part Number 1"; Value = "RNCF0603DTE23K2CT-ND"; VariantName = "[No Variations]"
Add component (AddParameter): Name = "Temperature Coefficient"; Value = "±25ppm/°C"; VariantName = "[No Variations]"
Add component (AddParameter): Name = "Tolerance"; Value = "±0.5%"; VariantName = "[No Variations]"
Add component (AddParameter): Name = "Value"; Value = "1k"; VariantName = "[No Variations]"
Added Component: Designator=R36(RES 0603_1608)
Add component (AddParameter): Name = "ComponentLink1Description"; Value = "Datasheet"; VariantName = "[No Variations]"
Add component (AddParameter): Name = "ComponentLink1URL"; Value = "https://www.seielect.com/catalog/sei-rncf.pdf"; VariantName = "[No Variations]"
Add component (AddParameter): Name = "ComponentLink2Description"; Value = "DigiKey Link"; VariantName = "[No Variations]"
Add component (AddParameter): Name = "ComponentLink2URL"; Value = "https://www.digikey.com/en/products/detail/stackpole-electronics-inc/RNCF0603DTE23K2/6264115"; VariantName = "[No Variations]"
Add component (AddParameter): Name = "Composition"; Value = "Thin Film"; VariantName = "[No Variations]"
Add component (AddParameter): Name = "Device Package"; Value = "0603 (1608 Metric)"; VariantName = "[No Variations]"
Add component (AddParameter): Name = "Features"; Value = "Automotive AEC-Q200"; VariantName = "[No Variations]"
Add component (AddParameter): Name = "Height - Seated (Max)"; Value = "0.022" (0.55mm)"; VariantName = "[No Variations]"
Add component (AddParameter): Name = "LastUpdated"; Value = "2022-05-20 3:01:33 PM"; VariantName = "[No Variations]"
Add component (AddParameter): Name = "Lifecycle Status"; Value = "Active"; VariantName = "[No Variations]"
Add component (AddParameter): Name = "Manufacturer"; Value = "Stackpole Electronics Inc"; VariantName = "[No Variations]"
Add component (AddParameter): Name = "Minimum Order"; Value = "1"; VariantName = "[No Variations]"
Add component (AddParameter): Name = "Number of Terminations"; Value = "2"; VariantName = "[No Variations]"
Add component (AddParameter): Name = "Operating Temperature"; Value = "-55°C ~ 155°C"; VariantName = "[No Variations]"
Add component (AddParameter): Name = "Package / Case"; Value = "0603 (1608 Metric)"; VariantName = "[No Variations]"
Add component (AddParameter): Name = "Packaging"; Value = "TapeAndReel"; VariantName = "[No Variations]"
Add component (AddParameter): Name = "Part Number"; Value = "RNCF0603DTE23K2"; VariantName = "[No Variations]"
Add component (AddParameter): Name = "Part Status"; Value = "Active"; VariantName = "[No Variations]"
Add component (AddParameter): Name = "PartId"; Value = "5426"; VariantName = "[No Variations]"
Add component (AddParameter): Name = "Power (Watts)"; Value = "0.1W, 1/10W"; VariantName = "[No Variations]"
Add component (AddParameter): Name = "Price"; Value = "0.01"; VariantName = "[No Variations]"
Add component (AddParameter): Name = "Ratings"; Value = "AEC-Q200"; VariantName = "[No Variations]"
Add component (AddParameter): Name = "Resistance"; Value = "1k"; VariantName = "[No Variations]"
Add component (AddParameter): Name = "Series"; Value = "RNCF"; VariantName = "[No Variations]"
Add component (AddParameter): Name = "Size / Dimension"; Value = "0.061" L x 0.031" W (1.55mm x 0.80mm)"; VariantName = "[No Variations]"
Add component (AddParameter): Name = "Supplier 1"; Value = "DigiKey"; VariantName = "[No Variations]"
Add component (AddParameter): Name = "Supplier Device Package"; Value = "0603"; VariantName = "[No Variations]"
Add component (AddParameter): Name = "Supplier Part Number 1"; Value = "RNCF0603DTE23K2CT-ND"; VariantName = "[No Variations]"
Add component (AddParameter): Name = "Temperature Coefficient"; Value = "±25ppm/°C"; VariantName = "[No Variations]"
Add component (AddParameter): Name = "Tolerance"; Value = "±0.5%"; VariantName = "[No Variations]"
Add component (AddParameter): Name = "Value"; Value = "1k"; VariantName = "[No Variations]"
Added Component: Designator=R37(RES 0603_1608)
Add component (AddParameter): Name = "ComponentLink1Description"; Value = "Datasheet"; VariantName = "[No Variations]"
Add component (AddParameter): Name = "ComponentLink1URL"; Value = "https://www.seielect.com/catalog/sei-rncf.pdf"; VariantName = "[No Variations]"
Add component (AddParameter): Name = "ComponentLink2Description"; Value = "DigiKey Link"; VariantName = "[No Variations]"
Add component (AddParameter): Name = "ComponentLink2URL"; Value = "https://www.digikey.com/en/products/detail/stackpole-electronics-inc/RNCF0603DTE23K2/6264115"; VariantName = "[No Variations]"
Add component (AddParameter): Name = "Composition"; Value = "Thin Film"; VariantName = "[No Variations]"
Add component (AddParameter): Name = "Device Package"; Value = "0603 (1608 Metric)"; VariantName = "[No Variations]"
Add component (AddParameter): Name = "Features"; Value = "Automotive AEC-Q200"; VariantName = "[No Variations]"
Add component (AddParameter): Name = "Height - Seated (Max)"; Value = "0.022" (0.55mm)"; VariantName = "[No Variations]"
Add component (AddParameter): Name = "LastUpdated"; Value = "2022-05-20 3:01:33 PM"; VariantName = "[No Variations]"
Add component (AddParameter): Name = "Lifecycle Status"; Value = "Active"; VariantName = "[No Variations]"
Add component (AddParameter): Name = "Manufacturer"; Value = "Stackpole Electronics Inc"; VariantName = "[No Variations]"
Add component (AddParameter): Name = "Minimum Order"; Value = "1"; VariantName = "[No Variations]"
Add component (AddParameter): Name = "Number of Terminations"; Value = "2"; VariantName = "[No Variations]"
Add component (AddParameter): Name = "Operating Temperature"; Value = "-55°C ~ 155°C"; VariantName = "[No Variations]"
Add component (AddParameter): Name = "Package / Case"; Value = "0603 (1608 Metric)"; VariantName = "[No Variations]"
Add component (AddParameter): Name = "Packaging"; Value = "TapeAndReel"; VariantName = "[No Variations]"
Add component (AddParameter): Name = "Part Number"; Value = "RNCF0603DTE23K2"; VariantName = "[No Variations]"
Add component (AddParameter): Name = "Part Status"; Value = "Active"; VariantName = "[No Variations]"
Add component (AddParameter): Name = "PartId"; Value = "5426"; VariantName = "[No Variations]"
Add component (AddParameter): Name = "Power (Watts)"; Value = "0.1W, 1/10W"; VariantName = "[No Variations]"
Add component (AddParameter): Name = "Price"; Value = "0.01"; VariantName = "[No Variations]"
Add component (AddParameter): Name = "Ratings"; Value = "AEC-Q200"; VariantName = "[No Variations]"
Add component (AddParameter): Name = "Resistance"; Value = "1k"; VariantName = "[No Variations]"
Add component (AddParameter): Name = "Series"; Value = "RNCF"; VariantName = "[No Variations]"
Add component (AddParameter): Name = "Size / Dimension"; Value = "0.061" L x 0.031" W (1.55mm x 0.80mm)"; VariantName = "[No Variations]"
Add component (AddParameter): Name = "Supplier 1"; Value = "DigiKey"; VariantName = "[No Variations]"
Add component (AddParameter): Name = "Supplier Device Package"; Value = "0603"; VariantName = "[No Variations]"
Add component (AddParameter): Name = "Supplier Part Number 1"; Value = "RNCF0603DTE23K2CT-ND"; VariantName = "[No Variations]"
Add component (AddParameter): Name = "Temperature Coefficient"; Value = "±25ppm/°C"; VariantName = "[No Variations]"
Add component (AddParameter): Name = "Tolerance"; Value = "±0.5%"; VariantName = "[No Variations]"
Add component (AddParameter): Name = "Value"; Value = "1k"; VariantName = "[No Variations]"
Added Component: Designator=SW1(FP-FSM2JSMAA-MFG)
Add component (AddParameter): Name = "Automotive"; Value = "No"; VariantName = "[No Variations]"
Add component (AddParameter): Name = "Category"; Value = "Switch"; VariantName = "[No Variations]"
Add component (AddParameter): Name = "ComponentLink2Description"; Value = "Datasheet"; VariantName = "[No Variations]"
Add component (AddParameter): Name = "ComponentLink2URL"; Value = "https://www.te.com/commerce/DocumentDelivery/DDEController?Action=showdoc&DocId=Customer+Drawing%7F2-1437565-7%7FV%7Fpdf%7FEnglish%7FENG_CD_2-1437565-7_V.pdf%7F2-1437565-8"; VariantName = "[No Variations]"
Add component (AddParameter): Name = "Contact Current Rating"; Value = "50mA"; VariantName = "[No Variations]"
Add component (AddParameter): Name = "Contact Resistance"; Value = "100mO"; VariantName = "[No Variations]"
Add component (AddParameter): Name = "Device Class L1"; Value = "Electromechanical"; VariantName = "[No Variations]"
Add component (AddParameter): Name = "Device Class L2"; Value = "Switches"; VariantName = "[No Variations]"
Add component (AddParameter): Name = "Device Class L3"; Value = "Pushbutton Switches"; VariantName = "[No Variations]"
Add component (AddParameter): Name = "Digikey Description"; Value = "SWITCH TACTILE SPST-NO 0.05A 24V"; VariantName = "[No Variations]"
Add component (AddParameter): Name = "Electromechanical Life"; Value = "100000Cycles"; VariantName = "[No Variations]"
Add component (AddParameter): Name = "Height"; Value = "4.59mm"; VariantName = "[No Variations]"
Add component (AddParameter): Name = "Lead Free"; Value = "Yes"; VariantName = "[No Variations]"
Add component (AddParameter): Name = "Manufacturer"; Value = "TE Connectivity"; VariantName = "[No Variations]"
Add component (AddParameter): Name = "Manufacturer Part Number"; Value = "FSM2JSMAA"; VariantName = "[No Variations]"
Add component (AddParameter): Name = "Mount"; Value = "Surface Mount"; VariantName = "[No Variations]"
Add component (AddParameter): Name = "Mouser Description"; Value = "Tactile Switches TACTILE 260G FORCE S"; VariantName = "[No Variations]"
Add component (AddParameter): Name = "Octopart"; Value = "https://octopart.com/fsm2jsmaa-te+connectivity-41720620"; VariantName = "[No Variations]"
Add component (AddParameter): Name = "Operating Force"; Value = "260gf"; VariantName = "[No Variations]"
Add component (AddParameter): Name = "Package"; Value = "0"; VariantName = "[No Variations]"
Add component (AddParameter): Name = "RoHS"; Value = "TRUE"; VariantName = "[No Variations]"
Add component (AddParameter): Name = "Standoff Height"; Value = "0.05mm"; VariantName = "[No Variations]"
Add component (AddParameter): Name = "Temperature"; Value = "-35°C to +85°C"; VariantName = "[No Variations]"
Add component (AddParameter): Name = "Temperature Range High"; Value = "+85°C"; VariantName = "[No Variations]"
Add component (AddParameter): Name = "Temperature Range Low"; Value = "-35°C"; VariantName = "[No Variations]"
Add component (AddParameter): Name = "Throw Configuration"; Value = "SPST-NO"; VariantName = "[No Variations]"
Add component (AddParameter): Name = "Voltage Rating Dc"; Value = "24V"; VariantName = "[No Variations]"
Added Component: Designator=SW2(FP-FSM2JSMAA-MFG)
Add component (AddParameter): Name = "Automotive"; Value = "No"; VariantName = "[No Variations]"
Add component (AddParameter): Name = "Category"; Value = "Switch"; VariantName = "[No Variations]"
Add component (AddParameter): Name = "ComponentLink2Description"; Value = "Datasheet"; VariantName = "[No Variations]"
Add component (AddParameter): Name = "ComponentLink2URL"; Value = "https://www.te.com/commerce/DocumentDelivery/DDEController?Action=showdoc&DocId=Customer+Drawing%7F2-1437565-7%7FV%7Fpdf%7FEnglish%7FENG_CD_2-1437565-7_V.pdf%7F2-1437565-8"; VariantName = "[No Variations]"
Add component (AddParameter): Name = "Contact Current Rating"; Value = "50mA"; VariantName = "[No Variations]"
Add component (AddParameter): Name = "Contact Resistance"; Value = "100mO"; VariantName = "[No Variations]"
Add component (AddParameter): Name = "Device Class L1"; Value = "Electromechanical"; VariantName = "[No Variations]"
Add component (AddParameter): Name = "Device Class L2"; Value = "Switches"; VariantName = "[No Variations]"
Add component (AddParameter): Name = "Device Class L3"; Value = "Pushbutton Switches"; VariantName = "[No Variations]"
Add component (AddParameter): Name = "Digikey Description"; Value = "SWITCH TACTILE SPST-NO 0.05A 24V"; VariantName = "[No Variations]"
Add component (AddParameter): Name = "Electromechanical Life"; Value = "100000Cycles"; VariantName = "[No Variations]"
Add component (AddParameter): Name = "Height"; Value = "4.59mm"; VariantName = "[No Variations]"
Add component (AddParameter): Name = "Lead Free"; Value = "Yes"; VariantName = "[No Variations]"
Add component (AddParameter): Name = "Manufacturer"; Value = "TE Connectivity"; VariantName = "[No Variations]"
Add component (AddParameter): Name = "Manufacturer Part Number"; Value = "FSM2JSMAA"; VariantName = "[No Variations]"
Add component (AddParameter): Name = "Mount"; Value = "Surface Mount"; VariantName = "[No Variations]"
Add component (AddParameter): Name = "Mouser Description"; Value = "Tactile Switches TACTILE 260G FORCE S"; VariantName = "[No Variations]"
Add component (AddParameter): Name = "Octopart"; Value = "https://octopart.com/fsm2jsmaa-te+connectivity-41720620"; VariantName = "[No Variations]"
Add component (AddParameter): Name = "Operating Force"; Value = "260gf"; VariantName = "[No Variations]"
Add component (AddParameter): Name = "Package"; Value = "0"; VariantName = "[No Variations]"
Add component (AddParameter): Name = "RoHS"; Value = "TRUE"; VariantName = "[No Variations]"
Add component (AddParameter): Name = "Standoff Height"; Value = "0.05mm"; VariantName = "[No Variations]"
Add component (AddParameter): Name = "Temperature"; Value = "-35°C to +85°C"; VariantName = "[No Variations]"
Add component (AddParameter): Name = "Temperature Range High"; Value = "+85°C"; VariantName = "[No Variations]"
Add component (AddParameter): Name = "Temperature Range Low"; Value = "-35°C"; VariantName = "[No Variations]"
Add component (AddParameter): Name = "Throw Configuration"; Value = "SPST-NO"; VariantName = "[No Variations]"
Add component (AddParameter): Name = "Voltage Rating Dc"; Value = "24V"; VariantName = "[No Variations]"
Added Component: Designator=SW3(FP-FSM2JSMAA-MFG)
Add component (AddParameter): Name = "Automotive"; Value = "No"; VariantName = "[No Variations]"
Add component (AddParameter): Name = "Category"; Value = "Switch"; VariantName = "[No Variations]"
Add component (AddParameter): Name = "ComponentLink2Description"; Value = "Datasheet"; VariantName = "[No Variations]"
Add component (AddParameter): Name = "ComponentLink2URL"; Value = "https://www.te.com/commerce/DocumentDelivery/DDEController?Action=showdoc&DocId=Customer+Drawing%7F2-1437565-7%7FV%7Fpdf%7FEnglish%7FENG_CD_2-1437565-7_V.pdf%7F2-1437565-8"; VariantName = "[No Variations]"
Add component (AddParameter): Name = "Contact Current Rating"; Value = "50mA"; VariantName = "[No Variations]"
Add component (AddParameter): Name = "Contact Resistance"; Value = "100mO"; VariantName = "[No Variations]"
Add component (AddParameter): Name = "Device Class L1"; Value = "Electromechanical"; VariantName = "[No Variations]"
Add component (AddParameter): Name = "Device Class L2"; Value = "Switches"; VariantName = "[No Variations]"
Add component (AddParameter): Name = "Device Class L3"; Value = "Pushbutton Switches"; VariantName = "[No Variations]"
Add component (AddParameter): Name = "Digikey Description"; Value = "SWITCH TACTILE SPST-NO 0.05A 24V"; VariantName = "[No Variations]"
Add component (AddParameter): Name = "Electromechanical Life"; Value = "100000Cycles"; VariantName = "[No Variations]"
Add component (AddParameter): Name = "Height"; Value = "4.59mm"; VariantName = "[No Variations]"
Add component (AddParameter): Name = "Lead Free"; Value = "Yes"; VariantName = "[No Variations]"
Add component (AddParameter): Name = "Manufacturer"; Value = "TE Connectivity"; VariantName = "[No Variations]"
Add component (AddParameter): Name = "Manufacturer Part Number"; Value = "FSM2JSMAA"; VariantName = "[No Variations]"
Add component (AddParameter): Name = "Mount"; Value = "Surface Mount"; VariantName = "[No Variations]"
Add component (AddParameter): Name = "Mouser Description"; Value = "Tactile Switches TACTILE 260G FORCE S"; VariantName = "[No Variations]"
Add component (AddParameter): Name = "Octopart"; Value = "https://octopart.com/fsm2jsmaa-te+connectivity-41720620"; VariantName = "[No Variations]"
Add component (AddParameter): Name = "Operating Force"; Value = "260gf"; VariantName = "[No Variations]"
Add component (AddParameter): Name = "Package"; Value = "0"; VariantName = "[No Variations]"
Add component (AddParameter): Name = "RoHS"; Value = "TRUE"; VariantName = "[No Variations]"
Add component (AddParameter): Name = "Standoff Height"; Value = "0.05mm"; VariantName = "[No Variations]"
Add component (AddParameter): Name = "Temperature"; Value = "-35°C to +85°C"; VariantName = "[No Variations]"
Add component (AddParameter): Name = "Temperature Range High"; Value = "+85°C"; VariantName = "[No Variations]"
Add component (AddParameter): Name = "Temperature Range Low"; Value = "-35°C"; VariantName = "[No Variations]"
Add component (AddParameter): Name = "Throw Configuration"; Value = "SPST-NO"; VariantName = "[No Variations]"
Add component (AddParameter): Name = "Voltage Rating Dc"; Value = "24V"; VariantName = "[No Variations]"
Added Component: Designator=SW4(FP-FSM2JSMAA-MFG)
Add component (AddParameter): Name = "Automotive"; Value = "No"; VariantName = "[No Variations]"
Add component (AddParameter): Name = "Category"; Value = "Switch"; VariantName = "[No Variations]"
Add component (AddParameter): Name = "ComponentLink2Description"; Value = "Datasheet"; VariantName = "[No Variations]"
Add component (AddParameter): Name = "ComponentLink2URL"; Value = "https://www.te.com/commerce/DocumentDelivery/DDEController?Action=showdoc&DocId=Customer+Drawing%7F2-1437565-7%7FV%7Fpdf%7FEnglish%7FENG_CD_2-1437565-7_V.pdf%7F2-1437565-8"; VariantName = "[No Variations]"
Add component (AddParameter): Name = "Contact Current Rating"; Value = "50mA"; VariantName = "[No Variations]"
Add component (AddParameter): Name = "Contact Resistance"; Value = "100mO"; VariantName = "[No Variations]"
Add component (AddParameter): Name = "Device Class L1"; Value = "Electromechanical"; VariantName = "[No Variations]"
Add component (AddParameter): Name = "Device Class L2"; Value = "Switches"; VariantName = "[No Variations]"
Add component (AddParameter): Name = "Device Class L3"; Value = "Pushbutton Switches"; VariantName = "[No Variations]"
Add component (AddParameter): Name = "Digikey Description"; Value = "SWITCH TACTILE SPST-NO 0.05A 24V"; VariantName = "[No Variations]"
Add component (AddParameter): Name = "Electromechanical Life"; Value = "100000Cycles"; VariantName = "[No Variations]"
Add component (AddParameter): Name = "Height"; Value = "4.59mm"; VariantName = "[No Variations]"
Add component (AddParameter): Name = "Lead Free"; Value = "Yes"; VariantName = "[No Variations]"
Add component (AddParameter): Name = "Manufacturer"; Value = "TE Connectivity"; VariantName = "[No Variations]"
Add component (AddParameter): Name = "Manufacturer Part Number"; Value = "FSM2JSMAA"; VariantName = "[No Variations]"
Add component (AddParameter): Name = "Mount"; Value = "Surface Mount"; VariantName = "[No Variations]"
Add component (AddParameter): Name = "Mouser Description"; Value = "Tactile Switches TACTILE 260G FORCE S"; VariantName = "[No Variations]"
Add component (AddParameter): Name = "Octopart"; Value = "https://octopart.com/fsm2jsmaa-te+connectivity-41720620"; VariantName = "[No Variations]"
Add component (AddParameter): Name = "Operating Force"; Value = "260gf"; VariantName = "[No Variations]"
Add component (AddParameter): Name = "Package"; Value = "0"; VariantName = "[No Variations]"
Add component (AddParameter): Name = "RoHS"; Value = "TRUE"; VariantName = "[No Variations]"
Add component (AddParameter): Name = "Standoff Height"; Value = "0.05mm"; VariantName = "[No Variations]"
Add component (AddParameter): Name = "Temperature"; Value = "-35°C to +85°C"; VariantName = "[No Variations]"
Add component (AddParameter): Name = "Temperature Range High"; Value = "+85°C"; VariantName = "[No Variations]"
Add component (AddParameter): Name = "Temperature Range Low"; Value = "-35°C"; VariantName = "[No Variations]"
Add component (AddParameter): Name = "Throw Configuration"; Value = "SPST-NO"; VariantName = "[No Variations]"
Add component (AddParameter): Name = "Voltage Rating Dc"; Value = "24V"; VariantName = "[No Variations]"
Added Component: Designator=SW5(FP-FSM2JSMAA-MFG)
Add component (AddParameter): Name = "Automotive"; Value = "No"; VariantName = "[No Variations]"
Add component (AddParameter): Name = "Category"; Value = "Switch"; VariantName = "[No Variations]"
Add component (AddParameter): Name = "ComponentLink2Description"; Value = "Datasheet"; VariantName = "[No Variations]"
Add component (AddParameter): Name = "ComponentLink2URL"; Value = "https://www.te.com/commerce/DocumentDelivery/DDEController?Action=showdoc&DocId=Customer+Drawing%7F2-1437565-7%7FV%7Fpdf%7FEnglish%7FENG_CD_2-1437565-7_V.pdf%7F2-1437565-8"; VariantName = "[No Variations]"
Add component (AddParameter): Name = "Contact Current Rating"; Value = "50mA"; VariantName = "[No Variations]"
Add component (AddParameter): Name = "Contact Resistance"; Value = "100mO"; VariantName = "[No Variations]"
Add component (AddParameter): Name = "Device Class L1"; Value = "Electromechanical"; VariantName = "[No Variations]"
Add component (AddParameter): Name = "Device Class L2"; Value = "Switches"; VariantName = "[No Variations]"
Add component (AddParameter): Name = "Device Class L3"; Value = "Pushbutton Switches"; VariantName = "[No Variations]"
Add component (AddParameter): Name = "Digikey Description"; Value = "SWITCH TACTILE SPST-NO 0.05A 24V"; VariantName = "[No Variations]"
Add component (AddParameter): Name = "Electromechanical Life"; Value = "100000Cycles"; VariantName = "[No Variations]"
Add component (AddParameter): Name = "Height"; Value = "4.59mm"; VariantName = "[No Variations]"
Add component (AddParameter): Name = "Lead Free"; Value = "Yes"; VariantName = "[No Variations]"
Add component (AddParameter): Name = "Manufacturer"; Value = "TE Connectivity"; VariantName = "[No Variations]"
Add component (AddParameter): Name = "Manufacturer Part Number"; Value = "FSM2JSMAA"; VariantName = "[No Variations]"
Add component (AddParameter): Name = "Mount"; Value = "Surface Mount"; VariantName = "[No Variations]"
Add component (AddParameter): Name = "Mouser Description"; Value = "Tactile Switches TACTILE 260G FORCE S"; VariantName = "[No Variations]"
Add component (AddParameter): Name = "Octopart"; Value = "https://octopart.com/fsm2jsmaa-te+connectivity-41720620"; VariantName = "[No Variations]"
Add component (AddParameter): Name = "Operating Force"; Value = "260gf"; VariantName = "[No Variations]"
Add component (AddParameter): Name = "Package"; Value = "0"; VariantName = "[No Variations]"
Add component (AddParameter): Name = "RoHS"; Value = "TRUE"; VariantName = "[No Variations]"
Add component (AddParameter): Name = "Standoff Height"; Value = "0.05mm"; VariantName = "[No Variations]"
Add component (AddParameter): Name = "Temperature"; Value = "-35°C to +85°C"; VariantName = "[No Variations]"
Add component (AddParameter): Name = "Temperature Range High"; Value = "+85°C"; VariantName = "[No Variations]"
Add component (AddParameter): Name = "Temperature Range Low"; Value = "-35°C"; VariantName = "[No Variations]"
Add component (AddParameter): Name = "Throw Configuration"; Value = "SPST-NO"; VariantName = "[No Variations]"
Add component (AddParameter): Name = "Voltage Rating Dc"; Value = "24V"; VariantName = "[No Variations]"
Added Component: Designator=SW6(FP-FSM2JSMAA-MFG)
Add component (AddParameter): Name = "Automotive"; Value = "No"; VariantName = "[No Variations]"
Add component (AddParameter): Name = "Category"; Value = "Switch"; VariantName = "[No Variations]"
Add component (AddParameter): Name = "ComponentLink2Description"; Value = "Datasheet"; VariantName = "[No Variations]"
Add component (AddParameter): Name = "ComponentLink2URL"; Value = "https://www.te.com/commerce/DocumentDelivery/DDEController?Action=showdoc&DocId=Customer+Drawing%7F2-1437565-7%7FV%7Fpdf%7FEnglish%7FENG_CD_2-1437565-7_V.pdf%7F2-1437565-8"; VariantName = "[No Variations]"
Add component (AddParameter): Name = "Contact Current Rating"; Value = "50mA"; VariantName = "[No Variations]"
Add component (AddParameter): Name = "Contact Resistance"; Value = "100mO"; VariantName = "[No Variations]"
Add component (AddParameter): Name = "Device Class L1"; Value = "Electromechanical"; VariantName = "[No Variations]"
Add component (AddParameter): Name = "Device Class L2"; Value = "Switches"; VariantName = "[No Variations]"
Add component (AddParameter): Name = "Device Class L3"; Value = "Pushbutton Switches"; VariantName = "[No Variations]"
Add component (AddParameter): Name = "Digikey Description"; Value = "SWITCH TACTILE SPST-NO 0.05A 24V"; VariantName = "[No Variations]"
Add component (AddParameter): Name = "Electromechanical Life"; Value = "100000Cycles"; VariantName = "[No Variations]"
Add component (AddParameter): Name = "Height"; Value = "4.59mm"; VariantName = "[No Variations]"
Add component (AddParameter): Name = "Lead Free"; Value = "Yes"; VariantName = "[No Variations]"
Add component (AddParameter): Name = "Manufacturer"; Value = "TE Connectivity"; VariantName = "[No Variations]"
Add component (AddParameter): Name = "Manufacturer Part Number"; Value = "FSM2JSMAA"; VariantName = "[No Variations]"
Add component (AddParameter): Name = "Mount"; Value = "Surface Mount"; VariantName = "[No Variations]"
Add component (AddParameter): Name = "Mouser Description"; Value = "Tactile Switches TACTILE 260G FORCE S"; VariantName = "[No Variations]"
Add component (AddParameter): Name = "Octopart"; Value = "https://octopart.com/fsm2jsmaa-te+connectivity-41720620"; VariantName = "[No Variations]"
Add component (AddParameter): Name = "Operating Force"; Value = "260gf"; VariantName = "[No Variations]"
Add component (AddParameter): Name = "Package"; Value = "0"; VariantName = "[No Variations]"
Add component (AddParameter): Name = "RoHS"; Value = "TRUE"; VariantName = "[No Variations]"
Add component (AddParameter): Name = "Standoff Height"; Value = "0.05mm"; VariantName = "[No Variations]"
Add component (AddParameter): Name = "Temperature"; Value = "-35°C to +85°C"; VariantName = "[No Variations]"
Add component (AddParameter): Name = "Temperature Range High"; Value = "+85°C"; VariantName = "[No Variations]"
Add component (AddParameter): Name = "Temperature Range Low"; Value = "-35°C"; VariantName = "[No Variations]"
Add component (AddParameter): Name = "Throw Configuration"; Value = "SPST-NO"; VariantName = "[No Variations]"
Add component (AddParameter): Name = "Voltage Rating Dc"; Value = "24V"; VariantName = "[No Variations]"
Added Component: Designator=SW7(FP-FSM2JSMAA-MFG)
Add component (AddParameter): Name = "Automotive"; Value = "No"; VariantName = "[No Variations]"
Add component (AddParameter): Name = "Category"; Value = "Switch"; VariantName = "[No Variations]"
Add component (AddParameter): Name = "ComponentLink2Description"; Value = "Datasheet"; VariantName = "[No Variations]"
Add component (AddParameter): Name = "ComponentLink2URL"; Value = "https://www.te.com/commerce/DocumentDelivery/DDEController?Action=showdoc&DocId=Customer+Drawing%7F2-1437565-7%7FV%7Fpdf%7FEnglish%7FENG_CD_2-1437565-7_V.pdf%7F2-1437565-8"; VariantName = "[No Variations]"
Add component (AddParameter): Name = "Contact Current Rating"; Value = "50mA"; VariantName = "[No Variations]"
Add component (AddParameter): Name = "Contact Resistance"; Value = "100mO"; VariantName = "[No Variations]"
Add component (AddParameter): Name = "Device Class L1"; Value = "Electromechanical"; VariantName = "[No Variations]"
Add component (AddParameter): Name = "Device Class L2"; Value = "Switches"; VariantName = "[No Variations]"
Add component (AddParameter): Name = "Device Class L3"; Value = "Pushbutton Switches"; VariantName = "[No Variations]"
Add component (AddParameter): Name = "Digikey Description"; Value = "SWITCH TACTILE SPST-NO 0.05A 24V"; VariantName = "[No Variations]"
Add component (AddParameter): Name = "Electromechanical Life"; Value = "100000Cycles"; VariantName = "[No Variations]"
Add component (AddParameter): Name = "Height"; Value = "4.59mm"; VariantName = "[No Variations]"
Add component (AddParameter): Name = "Lead Free"; Value = "Yes"; VariantName = "[No Variations]"
Add component (AddParameter): Name = "Manufacturer"; Value = "TE Connectivity"; VariantName = "[No Variations]"
Add component (AddParameter): Name = "Manufacturer Part Number"; Value = "FSM2JSMAA"; VariantName = "[No Variations]"
Add component (AddParameter): Name = "Mount"; Value = "Surface Mount"; VariantName = "[No Variations]"
Add component (AddParameter): Name = "Mouser Description"; Value = "Tactile Switches TACTILE 260G FORCE S"; VariantName = "[No Variations]"
Add component (AddParameter): Name = "Octopart"; Value = "https://octopart.com/fsm2jsmaa-te+connectivity-41720620"; VariantName = "[No Variations]"
Add component (AddParameter): Name = "Operating Force"; Value = "260gf"; VariantName = "[No Variations]"
Add component (AddParameter): Name = "Package"; Value = "0"; VariantName = "[No Variations]"
Add component (AddParameter): Name = "RoHS"; Value = "TRUE"; VariantName = "[No Variations]"
Add component (AddParameter): Name = "Standoff Height"; Value = "0.05mm"; VariantName = "[No Variations]"
Add component (AddParameter): Name = "Temperature"; Value = "-35°C to +85°C"; VariantName = "[No Variations]"
Add component (AddParameter): Name = "Temperature Range High"; Value = "+85°C"; VariantName = "[No Variations]"
Add component (AddParameter): Name = "Temperature Range Low"; Value = "-35°C"; VariantName = "[No Variations]"
Add component (AddParameter): Name = "Throw Configuration"; Value = "SPST-NO"; VariantName = "[No Variations]"
Add component (AddParameter): Name = "Voltage Rating Dc"; Value = "24V"; VariantName = "[No Variations]"
Added Component: Designator=U1(D0008A_L)
Add component (AddParameter): Name = "Code_JEDEC"; Value = "MS-012AA"; VariantName = "[No Variations]"
Add component (AddParameter): Name = "ComponentLink1Description"; Value = "Datasheet"; VariantName = "[No Variations]"
Add component (AddParameter): Name = "ComponentLink1URL"; Value = "http://www.ti.com/general/docs/lit/getliterature.tsp?genericPartNumber=TPS54231&fileType=pdf"; VariantName = "[No Variations]"
Add component (AddParameter): Name = "ComponentLink2Description"; Value = "Package Specification"; VariantName = "[No Variations]"
Add component (AddParameter): Name = "ComponentLink2URL"; Value = "http://www.ti.com/litv/pdf/msoi002j"; VariantName = "[No Variations]"
Add component (AddParameter): Name = "ComponentLink3Description"; Value = "URL Link1"; VariantName = "[No Variations]"
Add component (AddParameter): Name = "ComponentLink3URL"; Value = "Samples URL:http://www.ti.com/product/tps54231#samples"; VariantName = "[No Variations]"
Add component (AddParameter): Name = "DatasheetVersion"; Value = "SLUS851C"; VariantName = "[No Variations]"
Add component (AddParameter): Name = "Duty Cycle(Max)(%)"; Value = "90"; VariantName = "[No Variations]"
Add component (AddParameter): Name = "Eco-Plan"; Value = "Green (RoHS & no Sb/Br)"; VariantName = "[No Variations]"
Add component (AddParameter): Name = "Iout(Max)(A)"; Value = "2"; VariantName = "[No Variations]"
Add component (AddParameter): Name = "Iq(Typ)(mA)"; Value = "0.11"; VariantName = "[No Variations]"
Add component (AddParameter): Name = "Manufacturer"; Value = "Texas Instruments"; VariantName = "[No Variations]"
Add component (AddParameter): Name = "Mounting Technology"; Value = "Surface Mount"; VariantName = "[No Variations]"
Add component (AddParameter): Name = "PackageDescription"; Value = "8-Pin Plastic Small Outline Integrated Circuit, 4.9 x 3.9 mm, Pitch 1.27 mm Pitch"; VariantName = "[No Variations]"
Add component (AddParameter): Name = "PackageReference"; Value = "D0008A"; VariantName = "[No Variations]"
Add component (AddParameter): Name = "PackageVersion"; Value = "revM, Jun-2011"; VariantName = "[No Variations]"
Add component (AddParameter): Name = "PartNumber"; Value = "TPS54231DR"; VariantName = "[No Variations]"
Add component (AddParameter): Name = "Rating"; Value = "Catalog"; VariantName = "[No Variations]"
Add component (AddParameter): Name = "Regulated Outputs(#)"; Value = "1"; VariantName = "[No Variations]"
Add component (AddParameter): Name = "SubFamily"; Value = "Step-Down Regulator"; VariantName = "[No Variations]"
Add component (AddParameter): Name = "Switch Current Limit(Typ)(A)"; Value = "2.3"; VariantName = "[No Variations]"
Add component (AddParameter): Name = "Topology"; Value = "Buck"; VariantName = "[No Variations]"
Add component (AddParameter): Name = "Vin(Max)(V)"; Value = "28"; VariantName = "[No Variations]"
Add component (AddParameter): Name = "Vin(Min)(V)"; Value = "3.5"; VariantName = "[No Variations]"
Add component (AddParameter): Name = "Vout(Max)(V)"; Value = "25"; VariantName = "[No Variations]"
Add component (AddParameter): Name = "Vout(Min)(V)"; Value = "0.8"; VariantName = "[No Variations]"
Added Component: Designator=U2(TO-252_L)
Add component (AddParameter): Name = "ComponentLink1Description"; Value = "Manufacturer URL"; VariantName = "[No Variations]"
Add component (AddParameter): Name = "ComponentLink1URL"; Value = "http://www.st.com"; VariantName = "[No Variations]"
Add component (AddParameter): Name = "ComponentLink2Description"; Value = "Datasheet"; VariantName = "[No Variations]"
Add component (AddParameter): Name = "ComponentLink2URL"; Value = "http://www.st.com/internet/com/TECHNICAL_RESOURCES/TECHNICAL_LITERATURE/DATASHEET/CD00000549.pdf"; VariantName = "[No Variations]"
Add component (AddParameter): Name = "DatasheetVersion"; Value = "1/02/2008"; VariantName = "[No Variations]"
Add component (AddParameter): Name = "PackageDescription"; Value = "3-Pin Transistor Outline Package 2.28 mm Pitch, 9.7 mm Lead Span (DPAK)"; VariantName = "[No Variations]"
Add component (AddParameter): Name = "PackageReference"; Value = "TO-252"; VariantName = "[No Variations]"
Add component (AddParameter): Name = "PackageVersion"; Value = "2011"; VariantName = "[No Variations]"
Added Component: Designator=U3(SLAB-QFN-28-3125x3125TP_M)
Add component (AddParameter): Name = "Data Rate"; Value = "1000kbps"; VariantName = "[No Variations]"
Add component (AddParameter): Name = "Datasheet URL"; Value = "http://www.mouser.com/ds/2/368/CP2102-9-247052.pdf"; VariantName = "[No Variations]"
Add component (AddParameter): Name = "Datasheet Version"; Value = "Rev. 1.6, 12/2013"; VariantName = "[No Variations]"
Add component (AddParameter): Name = "Interface Circuit Standard 1"; Value = "RS-232"; VariantName = "[No Variations]"
Add component (AddParameter): Name = "Manufacturer"; Value = "Silicon Labs"; VariantName = "[No Variations]"
Add component (AddParameter): Name = "Manufacturer URL"; Value = "http://www.silabs.com/"; VariantName = "[No Variations]"
Add component (AddParameter): Name = "Mounting"; Value = "SurfaceMount"; VariantName = "[No Variations]"
Add component (AddParameter): Name = "Number of Channels"; Value = "1"; VariantName = "[No Variations]"
Add component (AddParameter): Name = "Operating Supply Voltage (Max)"; Value = "3.6V"; VariantName = "[No Variations]"
Add component (AddParameter): Name = "Operating Supply Voltage (Min)"; Value = "3V"; VariantName = "[No Variations]"
Add component (AddParameter): Name = "Operating Supply Voltage (Typ)"; Value = "3.3V"; VariantName = "[No Variations]"
Add component (AddParameter): Name = "Operating Temperature (Max)"; Value = "85C"; VariantName = "[No Variations]"
Add component (AddParameter): Name = "Operating Temperature (Min)"; Value = "-40C"; VariantName = "[No Variations]"
Add component (AddParameter): Name = "Operating Temperature Classification"; Value = "Industrial"; VariantName = "[No Variations]"
Add component (AddParameter): Name = "Package Description"; Value = "28-Pin Quad-Flat No-Leads Package, Body 5 x 5 mm, Pitch 0.5 mm"; VariantName = "[No Variations]"
Add component (AddParameter): Name = "Package Reference"; Value = "QFN-28"; VariantName = "[No Variations]"
Add component (AddParameter): Name = "Package Type"; Value = "QFNEP"; VariantName = "[No Variations]"
Add component (AddParameter): Name = "Package URL"; Value = "http://www.silabs.com/Support%20Documents/TechnicalDocs/C8051T61x.pdf"; VariantName = "[No Variations]"
Add component (AddParameter): Name = "Packaging"; Value = "TapeandReel"; VariantName = "[No Variations]"
Add component (AddParameter): Name = "Pin Count"; Value = "28"; VariantName = "[No Variations]"
Add component (AddParameter): Name = "Rad Hardened"; Value = "No"; VariantName = "[No Variations]"
Add component (AddParameter): Name = "Supply Current"; Value = "26mA"; VariantName = "[No Variations]"
Add component (AddParameter): Name = "Transmitter and Receiver FIFO Counter"; Value = "No"; VariantName = "[No Variations]"
Added Component: Designator=U4(FP-TMC2209-LA-IPC_C)
Add component (AddParameter): Name = "Automotive"; Value = "No"; VariantName = "[No Variations]"
Add component (AddParameter): Name = "Category"; Value = "IC"; VariantName = "[No Variations]"
Add component (AddParameter): Name = "ComponentLink2Description"; Value = "Datasheet"; VariantName = "[No Variations]"
Add component (AddParameter): Name = "ComponentLink2URL"; Value = "https://www.trinamic.com/fileadmin/assets/Products/ICs_Documents/TMC2209_Datasheet_V103.pdf"; VariantName = "[No Variations]"
Add component (AddParameter): Name = "Device Class L1"; Value = "Integrated Circuits (ICs)"; VariantName = "[No Variations]"
Add component (AddParameter): Name = "Device Class L2"; Value = "Power Management ICs"; VariantName = "[No Variations]"
Add component (AddParameter): Name = "Device Class L3"; Value = "Motor Drivers"; VariantName = "[No Variations]"
Add component (AddParameter): Name = "Height"; Value = "0.9mm"; VariantName = "[No Variations]"
Add component (AddParameter): Name = "Ipc Land Pattern Name"; Value = "QFN50P500X500X85-28"; VariantName = "[No Variations]"
Add component (AddParameter): Name = "Lead Free"; Value = "Yes"; VariantName = "[No Variations]"
Add component (AddParameter): Name = "Manufacturer"; Value = "Trinamic"; VariantName = "[No Variations]"
Add component (AddParameter): Name = "Manufacturer Part Number"; Value = "TMC2209-LA"; VariantName = "[No Variations]"
Add component (AddParameter): Name = "Max Junction Temp"; Value = "+125°C"; VariantName = "[No Variations]"
Add component (AddParameter): Name = "Max Power Dissipation"; Value = "2.8W"; VariantName = "[No Variations]"
Add component (AddParameter): Name = "Max Supply Voltage"; Value = "29V"; VariantName = "[No Variations]"
Add component (AddParameter): Name = "Min Supply Voltage"; Value = "1.5V"; VariantName = "[No Variations]"
Add component (AddParameter): Name = "Motor Type"; Value = "Stepper"; VariantName = "[No Variations]"
Add component (AddParameter): Name = "Nominal Supply Current"; Value = "7-7.5mA"; VariantName = "[No Variations]"
Add component (AddParameter): Name = "Number Of Outputs"; Value = "1"; VariantName = "[No Variations]"
Add component (AddParameter): Name = "Octopart"; Value = "https://octopart.com/tmc2209-la-trinamic-105993617"; VariantName = "[No Variations]"
Add component (AddParameter): Name = "Output Current"; Value = "2.8A"; VariantName = "[No Variations]"
Add component (AddParameter): Name = "Package"; Value = "0"; VariantName = "[No Variations]"
Add component (AddParameter): Name = "RoHS"; Value = "TRUE"; VariantName = "[No Variations]"
Add component (AddParameter): Name = "Standoff Height"; Value = "0mm"; VariantName = "[No Variations]"
Add component (AddParameter): Name = "Temperature"; Value = "-40°C to +125°C"; VariantName = "[No Variations]"
Add component (AddParameter): Name = "Temperature Range High"; Value = "+125°C"; VariantName = "[No Variations]"
Add component (AddParameter): Name = "Temperature Range Low"; Value = "-40°C"; VariantName = "[No Variations]"
Added Pin To Net: NetName=NetC1_1 Pin=C1-1
Added Pin To Net: NetName=NetC1_2 Pin=C1-2
Added Pin To Net: NetName=GND Pin=C2-1
Added Pin To Net: NetName=3V3 Pin=C2-2
Added Pin To Net: NetName=GND Pin=C3-1
Added Pin To Net: NetName=3V3 Pin=C3-2
Added Pin To Net: NetName=+24 Pin=C4-1
Added Pin To Net: NetName=GND Pin=C4-2
Added Pin To Net: NetName=+12 Pin=C5-1
Added Pin To Net: NetName=GND Pin=C5-2
Added Pin To Net: NetName=+12 Pin=C6-1
Added Pin To Net: NetName=GND Pin=C6-2
Added Pin To Net: NetName=GND Pin=C7-1
Added Pin To Net: NetName=+24 Pin=C7-2
Added Pin To Net: NetName=GND Pin=C8-1
Added Pin To Net: NetName=+24 Pin=C8-2
Added Pin To Net: NetName=GND Pin=C9-1
Added Pin To Net: NetName=NetC9_2 Pin=C9-2
Added Pin To Net: NetName=GND Pin=C10-1
Added Pin To Net: NetName=NetC10_2 Pin=C10-2
Added Pin To Net: NetName=GND Pin=C11-1
Added Pin To Net: NetName=NetC11_2 Pin=C11-2
Added Pin To Net: NetName=GND Pin=C12-1
Added Pin To Net: NetName=3V3 Pin=C12-2
Added Pin To Net: NetName=GND Pin=C13-1
Added Pin To Net: NetName=3V3 Pin=C13-2
Added Pin To Net: NetName=3V3 Pin=C14-1
Added Pin To Net: NetName=GND Pin=C14-2
Added Pin To Net: NetName=EN Pin=C15-1
Added Pin To Net: NetName=GND Pin=C15-2
Added Pin To Net: NetName=GND Pin=C16-1
Added Pin To Net: NetName=EN Pin=C16-2
Added Pin To Net: NetName=GND Pin=C17-1
Added Pin To Net: NetName=GND Pin=C18-2
Added Pin To Net: NetName=GND Pin=C19-2
Added Pin To Net: NetName=GND Pin=C20-1
Added Pin To Net: NetName=GND Pin=C21-1
Added Pin To Net: NetName=3V3 Pin=C21-2
Added Pin To Net: NetName=3V3 Pin=C22-1
Added Pin To Net: NetName=GND Pin=C22-2
Added Pin To Net: NetName=GND Pin=C23-1
Added Pin To Net: NetName=+12 Pin=C23-2
Added Pin To Net: NetName=+12 Pin=C24-1
Added Pin To Net: NetName=GND Pin=C24-2
Added Pin To Net: NetName=3V3 Pin=C25-1
Added Pin To Net: NetName=GND Pin=C25-2
Added Pin To Net: NetName=3V3 Pin=C26-1
Added Pin To Net: NetName=GND Pin=C26-2
Added Pin To Net: NetName=+24 Pin=C27-1
Added Pin To Net: NetName=GND Pin=C27-2
Added Pin To Net: NetName=+24 Pin=C28-1
Added Pin To Net: NetName=GND Pin=C28-2
Added Pin To Net: NetName=GND Pin=C29-1
Added Pin To Net: NetName=+24 Pin=C29-2
Added Pin To Net: NetName=NetC30_1 Pin=C30-1
Added Pin To Net: NetName=NetC30_2 Pin=C30-2
Added Pin To Net: NetName=GND Pin=C31-1
Added Pin To Net: NetName=NetC31_2 Pin=C31-2
Added Pin To Net: NetName=+24 Pin=C32-1
Added Pin To Net: NetName=NetC32_2 Pin=C32-2
Added Pin To Net: NetName=GPIO0 Pin=C33-1
Added Pin To Net: NetName=GND Pin=C33-2
Added Pin To Net: NetName=NetC34_1 Pin=C34-1
Added Pin To Net: NetName=GND Pin=C34-2
Added Pin To Net: NetName=NetC35_1 Pin=C35-1
Added Pin To Net: NetName=GND Pin=C35-2
Added Pin To Net: NetName=NetC36_1 Pin=C36-1
Added Pin To Net: NetName=GND Pin=C36-2
Added Pin To Net: NetName=NetC37_1 Pin=C37-1
Added Pin To Net: NetName=GND Pin=C37-2
Added Pin To Net: NetName=NetC38_1 Pin=C38-1
Added Pin To Net: NetName=GND Pin=C38-2
Added Pin To Net: NetName=NetC39_1 Pin=C39-1
Added Pin To Net: NetName=GND Pin=C39-2
Added Pin To Net: NetName=NetC40_1 Pin=C40-1
Added Pin To Net: NetName=GND Pin=C40-2
Added Pin To Net: NetName=GND Pin=D1-1
Added Pin To Net: NetName=NetC1_1 Pin=D1-2
Added Pin To Net: NetName=GND Pin=D2-2
Added Pin To Net: NetName=GND Pin=D3-2
Added Pin To Net: NetName=GND Pin=D4-2
Added Pin To Net: NetName=NetDS1_1 Pin=DS1-1
Added Pin To Net: NetName=GND Pin=DS1-2
Added Pin To Net: NetName=+24 Pin=E1-A1
Added Pin To Net: NetName=3V3 Pin=E1-A2
Added Pin To Net: NetName=GND Pin=E1-A3
Added Pin To Net: NetName=3V3 Pin=ENC1-1
Added Pin To Net: NetName=NetENC1_2 Pin=ENC1-2
Added Pin To Net: NetName=GND Pin=ENC1-3
Added Pin To Net: NetName=GND Pin=ENC1-4
Added Pin To Net: NetName=NetENC1_A Pin=ENC1-A
Added Pin To Net: NetName=NetENC1_B Pin=ENC1-B
Added Pin To Net: NetName=3V3 Pin=ENC1-C
Added Pin To Net: NetName=GND Pin=IC1-1
Added Pin To Net: NetName=3V3 Pin=IC1-2
Added Pin To Net: NetName=EN Pin=IC1-3
Added Pin To Net: NetName=SPI_MOSI Pin=IC1-4
Added Pin To Net: NetName=SPI_SCLK Pin=IC1-6
Added Pin To Net: NetName=NetIC1_8 Pin=IC1-8
Added Pin To Net: NetName=NetIC1_9 Pin=IC1-9
Added Pin To Net: NetName=NetIC1_10 Pin=IC1-10
Added Pin To Net: NetName=NetIC1_11 Pin=IC1-11
Added Pin To Net: NetName=OLED_CS Pin=IC1-12
Added Pin To Net: NetName=NetIC1_13 Pin=IC1-13
Added Pin To Net: NetName=OLED_RES Pin=IC1-17
Added Pin To Net: NetName=OLED_DC Pin=IC1-18
Added Pin To Net: NetName=GPIO0 Pin=IC1-27
Added Pin To Net: NetName=NetC35_1 Pin=IC1-28
Added Pin To Net: NetName=NetC36_1 Pin=IC1-29
Added Pin To Net: NetName=NetC34_1 Pin=IC1-30
Added Pin To Net: NetName=NetC37_1 Pin=IC1-31
Added Pin To Net: NetName=NetC40_1 Pin=IC1-32
Added Pin To Net: NetName=NetC38_1 Pin=IC1-33
Added Pin To Net: NetName=NetC39_1 Pin=IC1-34
Added Pin To Net: NetName=RXD Pin=IC1-36
Added Pin To Net: NetName=TXD Pin=IC1-37
Added Pin To Net: NetName=GND Pin=IC1-40
Added Pin To Net: NetName=GND Pin=IC1-41
Added Pin To Net: NetName=GND Pin=IC1-42
Added Pin To Net: NetName=GND Pin=IC1-43
Added Pin To Net: NetName=GND Pin=IC1-44
Added Pin To Net: NetName=GND Pin=IC1-45
Added Pin To Net: NetName=GND Pin=IC1-46
Added Pin To Net: NetName=GND Pin=IC1-47
Added Pin To Net: NetName=GND Pin=IC1-48
Added Pin To Net: NetName=GND Pin=IC1-49
Added Pin To Net: NetName=+24 Pin=J1-1
Added Pin To Net: NetName=+24 Pin=J1-1
Added Pin To Net: NetName=GND Pin=J1-2
Added Pin To Net: NetName=GND Pin=J1-3
Added Pin To Net: NetName=+12 Pin=J2-2
Added Pin To Net: NetName=GND Pin=J2-5
Added Pin To Net: NetName=GND Pin=J2-6
Added Pin To Net: NetName=GND Pin=J2-7
Added Pin To Net: NetName=GND Pin=J2-8
Added Pin To Net: NetName=GND Pin=J2-9
Added Pin To Net: NetName=GND Pin=J2-10
Added Pin To Net: NetName=SPI_MOSI Pin=J2-11
Added Pin To Net: NetName=SPI_SCLK Pin=J2-12
Added Pin To Net: NetName=GND Pin=J2-13
Added Pin To Net: NetName=GND Pin=J2-14
Added Pin To Net: NetName=OLED_DC Pin=J2-15
Added Pin To Net: NetName=OLED_RES Pin=J2-16
Added Pin To Net: NetName=OLED_CS Pin=J2-17
Added Pin To Net: NetName=GND Pin=J2-18
Added Pin To Net: NetName=GND Pin=J2-19
Added Pin To Net: NetName=3V3 Pin=J2-20
Added Pin To Net: NetName=GND Pin=J2-22
Added Pin To Net: NetName=GND Pin=J2-23
Added Pin To Net: NetName=GND Pin=J2-24
Added Pin To Net: NetName=GND Pin=J2-MP1
Added Pin To Net: NetName=GND Pin=J2-MP2
Added Pin To Net: NetName=USB_N Pin=J3-2
Added Pin To Net: NetName=USB_P Pin=J3-3
Added Pin To Net: NetName=GND Pin=J3-4
Added Pin To Net: NetName=OA1 Pin=J4-1
Added Pin To Net: NetName=OA1 Pin=J4-1
Added Pin To Net: NetName=OA2 Pin=J4-2
Added Pin To Net: NetName=OA2 Pin=J4-2
Added Pin To Net: NetName=OB1 Pin=J5-1
Added Pin To Net: NetName=OB1 Pin=J5-1
Added Pin To Net: NetName=OB2 Pin=J5-2
Added Pin To Net: NetName=OB2 Pin=J5-2
Added Pin To Net: NetName=NetC1_1 Pin=L1-1
Added Pin To Net: NetName=3V3 Pin=L1-2
Added Pin To Net: NetName=OA1 Pin=P1-1
Added Pin To Net: NetName=OB1 Pin=P1-2
Added Pin To Net: NetName=OA2 Pin=P1-3
Added Pin To Net: NetName=OB2 Pin=P1-4
Added Pin To Net: NetName=OA1 Pin=P2-1
Added Pin To Net: NetName=OA2 Pin=P2-2
Added Pin To Net: NetName=OB1 Pin=P2-3
Added Pin To Net: NetName=OB2 Pin=P2-4
Added Pin To Net: NetName=NetQ1_1 Pin=Q1-1
Added Pin To Net: NetName=RTS Pin=Q1-2
Added Pin To Net: NetName=EN Pin=Q1-3
Added Pin To Net: NetName=NetQ2_1 Pin=Q2-1
Added Pin To Net: NetName=DTR Pin=Q2-2
Added Pin To Net: NetName=GPIO0 Pin=Q2-3
Added Pin To Net: NetName=NetR1_1 Pin=R1-1
Added Pin To Net: NetName=3V3 Pin=R1-2
Added Pin To Net: NetName=NetDS1_1 Pin=R2-1
Added Pin To Net: NetName=3V3 Pin=R2-2
Added Pin To Net: NetName=NetR3_1 Pin=R3-1
Added Pin To Net: NetName=+12 Pin=R3-2
Added Pin To Net: NetName=NetC11_2 Pin=R4-1
Added Pin To Net: NetName=NetC10_2 Pin=R4-2
Added Pin To Net: NetName=GND Pin=R5-1
Added Pin To Net: NetName=NetR3_1 Pin=R5-2
Added Pin To Net: NetName=GND Pin=R6-1
Added Pin To Net: NetName=NetR1_1 Pin=R6-2
Added Pin To Net: NetName=NetIC1_10 Pin=R7-1
Added Pin To Net: NetName=GND Pin=R7-2
Added Pin To Net: NetName=3V3 Pin=R8-1
Added Pin To Net: NetName=EN Pin=R8-2
Added Pin To Net: NetName=GND Pin=R12-2
Added Pin To Net: NetName=DTR Pin=R13-1
Added Pin To Net: NetName=NetQ1_1 Pin=R13-2
Added Pin To Net: NetName=RTS Pin=R14-1
Added Pin To Net: NetName=NetQ2_1 Pin=R14-2
Added Pin To Net: NetName=RXD Pin=R15-2
Added Pin To Net: NetName=TXD Pin=R16-2
Added Pin To Net: NetName=SPI_MOSI Pin=R17-1
Added Pin To Net: NetName=3V3 Pin=R17-2
Added Pin To Net: NetName=SPI_SCLK Pin=R18-1
Added Pin To Net: NetName=3V3 Pin=R18-2
Added Pin To Net: NetName=OLED_CS Pin=R19-1
Added Pin To Net: NetName=3V3 Pin=R19-2
Added Pin To Net: NetName=GND Pin=R20-2
Added Pin To Net: NetName=NetR21_1 Pin=R21-1
Added Pin To Net: NetName=GND Pin=R21-2
Added Pin To Net: NetName=NetENC1_A Pin=R22-1
Added Pin To Net: NetName=GPIO0 Pin=R22-2
Added Pin To Net: NetName=GPIO0 Pin=R23-1
Added Pin To Net: NetName=GND Pin=R23-2
Added Pin To Net: NetName=NetC34_1 Pin=R24-2
Added Pin To Net: NetName=NetC34_1 Pin=R25-1
Added Pin To Net: NetName=GND Pin=R25-2
Added Pin To Net: NetName=NetENC1_B Pin=R26-1
Added Pin To Net: NetName=NetC35_1 Pin=R26-2
Added Pin To Net: NetName=NetC35_1 Pin=R27-1
Added Pin To Net: NetName=GND Pin=R27-2
Added Pin To Net: NetName=NetENC1_2 Pin=R28-1
Added Pin To Net: NetName=NetC36_1 Pin=R28-2
Added Pin To Net: NetName=NetC36_1 Pin=R29-1
Added Pin To Net: NetName=GND Pin=R29-2
Added Pin To Net: NetName=NetR30_1 Pin=R30-1
Added Pin To Net: NetName=NetC37_1 Pin=R30-2
Added Pin To Net: NetName=NetC37_1 Pin=R31-1
Added Pin To Net: NetName=GND Pin=R31-2
Added Pin To Net: NetName=NetC38_1 Pin=R32-2
Added Pin To Net: NetName=NetC39_1 Pin=R33-2
Added Pin To Net: NetName=NetC40_1 Pin=R34-2
Added Pin To Net: NetName=NetC38_1 Pin=R35-1
Added Pin To Net: NetName=GND Pin=R35-2
Added Pin To Net: NetName=NetC39_1 Pin=R36-1
Added Pin To Net: NetName=GND Pin=R36-2
Added Pin To Net: NetName=NetC40_1 Pin=R37-1
Added Pin To Net: NetName=GND Pin=R37-2
Added Pin To Net: NetName=EN Pin=SW1-2
Added Pin To Net: NetName=GND Pin=SW1-3
Added Pin To Net: NetName=GPIO0 Pin=SW2-2
Added Pin To Net: NetName=GND Pin=SW2-3
Added Pin To Net: NetName=3V3 Pin=SW3-1
Added Pin To Net: NetName=3V3 Pin=SW4-1
Added Pin To Net: NetName=NetR30_1 Pin=SW4-4
Added Pin To Net: NetName=3V3 Pin=SW5-1
Added Pin To Net: NetName=3V3 Pin=SW6-1
Added Pin To Net: NetName=3V3 Pin=SW7-1
Added Pin To Net: NetName=NetC1_2 Pin=U1-1
Added Pin To Net: NetName=+24 Pin=U1-2
Added Pin To Net: NetName=NetC9_2 Pin=U1-4
Added Pin To Net: NetName=NetR1_1 Pin=U1-5
Added Pin To Net: NetName=NetC10_2 Pin=U1-6
Added Pin To Net: NetName=GND Pin=U1-7
Added Pin To Net: NetName=NetC1_1 Pin=U1-8
Added Pin To Net: NetName=NetR3_1 Pin=U2-1
Added Pin To Net: NetName=+24 Pin=U2-3
Added Pin To Net: NetName=+12 Pin=U2-4
Added Pin To Net: NetName=GND Pin=U3-3
Added Pin To Net: NetName=USB_P Pin=U3-4
Added Pin To Net: NetName=USB_N Pin=U3-5
Added Pin To Net: NetName=3V3 Pin=U3-6
Added Pin To Net: NetName=RTS Pin=U3-24
Added Pin To Net: NetName=DTR Pin=U3-28
Added Pin To Net: NetName=GND Pin=U3-29
Added Pin To Net: NetName=OB2 Pin=U4-1
Added Pin To Net: NetName=NetIC1_10 Pin=U4-2
Added Pin To Net: NetName=GND Pin=U4-3
Added Pin To Net: NetName=NetC30_1 Pin=U4-4
Added Pin To Net: NetName=NetC30_2 Pin=U4-5
Added Pin To Net: NetName=NetC32_2 Pin=U4-6
Added Pin To Net: NetName=3V3 Pin=U4-7
Added Pin To Net: NetName=NetC31_2 Pin=U4-8
Added Pin To Net: NetName=GND Pin=U4-9
Added Pin To Net: NetName=GND Pin=U4-10
Added Pin To Net: NetName=NetIC1_13 Pin=U4-11
Added Pin To Net: NetName=GND Pin=U4-13
Added Pin To Net: NetName=NetIC1_11 Pin=U4-14
Added Pin To Net: NetName=3V3 Pin=U4-15
Added Pin To Net: NetName=NetIC1_8 Pin=U4-16
Added Pin To Net: NetName=GND Pin=U4-18
Added Pin To Net: NetName=NetIC1_9 Pin=U4-19
Added Pin To Net: NetName=GND Pin=U4-20
Added Pin To Net: NetName=OA2 Pin=U4-21
Added Pin To Net: NetName=+24 Pin=U4-22
Added Pin To Net: NetName=OA1 Pin=U4-24
Added Pin To Net: NetName=GND Pin=U4-25
Added Pin To Net: NetName=OB1 Pin=U4-26
Added Pin To Net: NetName=NetR21_1 Pin=U4-27
Added Pin To Net: NetName=+24 Pin=U4-28
Added Pin To Net: NetName=GND Pin=U4-29
Added Pin To Net: NetName=NetC17_2 Pin=C17-2
Added Pin To Net: NetName=NetC17_2 Pin=J2-3
Added Net: Name=NetC17_2
Added Pin To Net: NetName=NetC18_1 Pin=C18-1
Added Pin To Net: NetName=NetC18_1 Pin=C19-1
Added Pin To Net: NetName=NetC18_1 Pin=C20-2
Added Pin To Net: NetName=NetC18_1 Pin=J3-1
Added Pin To Net: NetName=NetC18_1 Pin=U3-7
Added Pin To Net: NetName=NetC18_1 Pin=U3-8
Added Net: Name=NetC18_1
Added Pin To Net: NetName=NetD2_1 Pin=D2-1
Added Pin To Net: NetName=NetD2_1 Pin=IC1-19
Added Pin To Net: NetName=NetD2_1 Pin=R9-2
Added Net: Name=NetD2_1
Added Pin To Net: NetName=NetD3_1 Pin=D3-1
Added Pin To Net: NetName=NetD3_1 Pin=IC1-20
Added Pin To Net: NetName=NetD3_1 Pin=R10-2
Added Net: Name=NetD3_1
Added Pin To Net: NetName=NetD4_1 Pin=D4-1
Added Pin To Net: NetName=NetD4_1 Pin=IC1-21
Added Pin To Net: NetName=NetD4_1 Pin=R11-2
Added Net: Name=NetD4_1
Added Pin To Net: NetName=NetE2_A1 Pin=E2-A1
Added Pin To Net: NetName=NetE2_A1 Pin=R9-1
Added Net: Name=NetE2_A1
Added Pin To Net: NetName=NetE2_A2 Pin=E2-A2
Added Pin To Net: NetName=NetE2_A2 Pin=R10-1
Added Net: Name=NetE2_A2
Added Pin To Net: NetName=NetE2_A3 Pin=E2-A3
Added Pin To Net: NetName=NetE2_A3 Pin=R11-1
Added Net: Name=NetE2_A3
Added Pin To Net: NetName=NetJ2_4 Pin=J2-4
Added Pin To Net: NetName=NetJ2_4 Pin=R12-1
Added Net: Name=NetJ2_4
Added Pin To Net: NetName=NetR15_1 Pin=R15-1
Added Pin To Net: NetName=NetR15_1 Pin=U3-26
Added Net: Name=NetR15_1
Added Pin To Net: NetName=NetR16_1 Pin=R16-1
Added Pin To Net: NetName=NetR16_1 Pin=U3-25
Added Net: Name=NetR16_1
Added Pin To Net: NetName=NetR20_1 Pin=R20-1
Added Pin To Net: NetName=NetR20_1 Pin=U4-23
Added Net: Name=NetR20_1
Added Pin To Net: NetName=NetR24_1 Pin=R24-1
Added Pin To Net: NetName=NetR24_1 Pin=SW3-4
Added Net: Name=NetR24_1
Added Pin To Net: NetName=NetR32_1 Pin=R32-1
Added Pin To Net: NetName=NetR32_1 Pin=SW5-4
Added Net: Name=NetR32_1
Added Pin To Net: NetName=NetR33_1 Pin=R33-1
Added Pin To Net: NetName=NetR33_1 Pin=SW6-4
Added Net: Name=NetR33_1
Added Pin To Net: NetName=NetR34_1 Pin=R34-1
Added Pin To Net: NetName=NetR34_1 Pin=SW7-4
Added Net: Name=NetR34_1
Added Member To Class: ClassName=Power Member=Component C1 100nF
Added Member To Class: ClassName=Power Member=Component C2 22uF
Added Member To Class: ClassName=Power Member=Component C3 22uF
Added Member To Class: ClassName=Power Member=Component C4 100nF
Added Member To Class: ClassName=Power Member=Component C5 1uF
Added Member To Class: ClassName=Power Member=Component C6 100nF
Added Member To Class: ClassName=Power Member=Component C7 10uF
Added Member To Class: ClassName=Power Member=Component C8 10uF
Added Member To Class: ClassName=Power Member=Component C9 8.2nF
Added Member To Class: ClassName=Power Member=Component C10 10pF
Added Member To Class: ClassName=Power Member=Component C11 3.3nF
Added Member To Class: ClassName=ESP32 Member=Component C12 10uF
Added Member To Class: ClassName=ESP32 Member=Component C13 1uF
Added Member To Class: ClassName=ESP32 Member=Component C14 100nF
Added Member To Class: ClassName=ESP32 Member=Component C15 100nF
Added Member To Class: ClassName=ESP32 Member=Component C16 1uF
Added Member To Class: ClassName=ESP32 Member=Component C17 4.7uF
Added Member To Class: ClassName=ESP32 Member=Component C18 100nF
Added Member To Class: ClassName=ESP32 Member=Component C19 100nF
Added Member To Class: ClassName=ESP32 Member=Component C20 1uF
Added Member To Class: ClassName=ESP32 Member=Component C21 10uF
Added Member To Class: ClassName=ESP32 Member=Component C22 100nF
Added Member To Class: ClassName=ESP32 Member=Component C23 10uF
Added Member To Class: ClassName=ESP32 Member=Component C24 100nF
Added Member To Class: ClassName=ESP32 Member=Component C25 100nF
Added Member To Class: ClassName=Stepper Member=Component C26 100nF
Added Member To Class: ClassName=Stepper Member=Component C27 100nF
Added Member To Class: ClassName=Stepper Member=Component C28 100nF
Added Member To Class: ClassName=Stepper Member=Component C29 100uF
Added Member To Class: ClassName=Stepper Member=Component C30 22nF
Added Member To Class: ClassName=Stepper Member=Component C31 2.2uF
Added Member To Class: ClassName=Stepper Member=Component C32 100nF
Added Member To Class: ClassName=Buttons Member=Component C33 100nF
Added Member To Class: ClassName=Buttons Member=Component C34 100nF
Added Member To Class: ClassName=Buttons Member=Component C35 100nF
Added Member To Class: ClassName=Buttons Member=Component C36 100nF
Added Member To Class: ClassName=Buttons Member=Component C37 100nF
Added Member To Class: ClassName=Buttons Member=Component C38 100nF
Added Member To Class: ClassName=Buttons Member=Component C39 100nF
Added Member To Class: ClassName=Buttons Member=Component C40 100nF
Added Member To Class: ClassName=Power Member=Component D1 SS54
Added Member To Class: ClassName=ESP32 Member=Component D2 3V
Added Member To Class: ClassName=ESP32 Member=Component D3 3V
Added Member To Class: ClassName=ESP32 Member=Component D4 3V
Added Member To Class: ClassName=Power Member=Component DS1 RED LED
Added Member To Class: ClassName=Power Member=Component E1 Orange
Added Member To Class: ClassName=ESP32 Member=Component E2 Black
Added Member To Class: ClassName=Buttons Member=Component ENC1 PEC11L-4115F-S0020
Added Member To Class: ClassName=ESP32 Member=Component IC1 ESP32-S3-WROOM-1
Added Member To Class: ClassName=Power Member=Component J1 DC-005-5A-2.0-SMT
Added Member To Class: ClassName=ESP32 Member=Component J2 AFC07-S24ECA-00
Added Member To Class: ClassName=ESP32 Member=Component J3 670688000
Added Member To Class: ClassName=Stepper Member=Component J4 XY115A-5.0-2P
Added Member To Class: ClassName=Stepper Member=Component J5 XY115A-5.0-2P
Added Member To Class: ClassName=Power Member=Component L1 22uH
Added Member To Class: ClassName=Stepper Member=Component P1 22-27-2041
Added Member To Class: ClassName=Stepper Member=Component P2 22-27-2041
Added Member To Class: ClassName=ESP32 Member=Component Q1 MMBT5551LT1G
Added Member To Class: ClassName=ESP32 Member=Component Q2 MMBT5551LT1G
Added Member To Class: ClassName=Power Member=Component R1 10.2k
Added Member To Class: ClassName=Power Member=Component R2 470R
Added Member To Class: ClassName=Power Member=Component R3 3.9k
Added Member To Class: ClassName=Power Member=Component R4 10.5k
Added Member To Class: ClassName=Power Member=Component R5 33k
Added Member To Class: ClassName=Power Member=Component R6 3.24k
Added Member To Class: ClassName=ESP32 Member=Component R7 10k
Added Member To Class: ClassName=ESP32 Member=Component R8 10k
Added Member To Class: ClassName=ESP32 Member=Component R9 47R
Added Member To Class: ClassName=ESP32 Member=Component R10 47R
Added Member To Class: ClassName=ESP32 Member=Component R11 47R
Added Member To Class: ClassName=ESP32 Member=Component R12 910k
Added Member To Class: ClassName=ESP32 Member=Component R13 10k
Added Member To Class: ClassName=ESP32 Member=Component R14 10k
Added Member To Class: ClassName=ESP32 Member=Component R15 1k
Added Member To Class: ClassName=ESP32 Member=Component R16 1k
Added Member To Class: ClassName=ESP32 Member=Component R17 10k
Added Member To Class: ClassName=ESP32 Member=Component R18 10k
Added Member To Class: ClassName=ESP32 Member=Component R19 10k
Added Member To Class: ClassName=Stepper Member=Component R20 100m
Added Member To Class: ClassName=Stepper Member=Component R21 100m
Added Member To Class: ClassName=Buttons Member=Component R22 47R
Added Member To Class: ClassName=Buttons Member=Component R23 1k
Added Member To Class: ClassName=Buttons Member=Component R24 47R
Added Member To Class: ClassName=Buttons Member=Component R25 1k
Added Member To Class: ClassName=Buttons Member=Component R26 47R
Added Member To Class: ClassName=Buttons Member=Component R27 1k
Added Member To Class: ClassName=Buttons Member=Component R28 47R
Added Member To Class: ClassName=Buttons Member=Component R29 1k
Added Member To Class: ClassName=Buttons Member=Component R30 47R
Added Member To Class: ClassName=Buttons Member=Component R31 1k
Added Member To Class: ClassName=Buttons Member=Component R32 47R
Added Member To Class: ClassName=Buttons Member=Component R33 47R
Added Member To Class: ClassName=Buttons Member=Component R34 47R
Added Member To Class: ClassName=Buttons Member=Component R35 1k
Added Member To Class: ClassName=Buttons Member=Component R36 1k
Added Member To Class: ClassName=Buttons Member=Component R37 1k
Added Member To Class: ClassName=ESP32 Member=Component SW1 C255812
Added Member To Class: ClassName=ESP32 Member=Component SW2 C255812
Added Member To Class: ClassName=Buttons Member=Component SW3 C255812
Added Member To Class: ClassName=Buttons Member=Component SW4 C255812
Added Member To Class: ClassName=Buttons Member=Component SW5 C255812
Added Member To Class: ClassName=Buttons Member=Component SW6 C255812
Added Member To Class: ClassName=Buttons Member=Component SW7 C255812
Added Member To Class: ClassName=Power Member=Component U1 TPS54231DR
Added Member To Class: ClassName=Power Member=Component U2 LM317AG-TN3-R
Added Member To Class: ClassName=ESP32 Member=Component U3 CP2102-GMR
Added Member To Class: ClassName=Stepper Member=Component U4 TMC2209-LA
Added Room: Name=Buttons
Added Room: Name=ESP32
Added Room: Name=Power
Added Room: Name=Stepper
