ISO-10303-21;
HEADER;
/* Generated by software containing ST-Developer
 * from STEP Tools, Inc. (www.steptools.com) 
 */
/* OPTION: using custom renumber hook */

FILE_DESCRIPTION(
/* description */ ('STEP AP242',
'CAx-IF Rec.Pracs.---Representation and Presentation of Product Manufa
cturing Information (PMI)---4.0---2014-10-13',
'CAx-IF Rec.Pracs.---3D Tessellated Geometry---0.4---2014-09-14','2;1'),

/* implementation_level */ '2;1');

FILE_NAME(
/* name */ '6892af5375a42f3bd2dad3d4',
/* time_stamp */ '2025-08-06T01:26:54Z',
/* author */ (''),
/* organization */ (''),
/* preprocessor_version */ 'ST-DEVELOPER v20',
/* originating_system */ 'ONSHAPE BY PTC INC, 1.201',
/* authorisation */ '  ');

FILE_SCHEMA (('AP242_MANAGED_MODEL_BASED_3D_ENGINEERING_MIM_LF { 1 0 10303 442 1 1 4 }'));
ENDSEC;

DATA;
#10=SHAPE_REPRESENTATION_RELATIONSHIP('','',#2768,#11);
#11=ADVANCED_BREP_SHAPE_REPRESENTATION('',(#2766),#4758);
#12=CONICAL_SURFACE('',#3003,1.5,0.785398163397448);
#13=CONICAL_SURFACE('',#3004,1.5,0.785398163397448);
#14=CONICAL_SURFACE('',#3007,1.5,0.785398163397448);
#15=CONICAL_SURFACE('',#3008,2.5,0.785398163397448);
#16=CONICAL_SURFACE('',#3011,0.5,0.785398163397448);
#17=CONICAL_SURFACE('',#3012,2.5,0.785398163397448);
#18=CONICAL_SURFACE('',#3015,1.5,0.785398163397448);
#19=CONICAL_SURFACE('',#3016,2.5,0.785398163397448);
#20=CONICAL_SURFACE('',#3019,1.5,0.785398163397449);
#21=CONICAL_SURFACE('',#3020,2.5,0.785398163397448);
#22=CONICAL_SURFACE('',#3023,1.5,0.785398163397448);
#23=CONICAL_SURFACE('',#3024,0.5,0.785398163397448);
#24=CONICAL_SURFACE('',#3042,1.5,0.785398163397446);
#25=CONICAL_SURFACE('',#3043,4.75,0.785398163397448);
#26=CONICAL_SURFACE('',#3044,1.5,0.785398163397446);
#27=CONICAL_SURFACE('',#3046,1.5,0.78539816339745);
#28=CONICAL_SURFACE('',#3047,4.75,0.785398163397448);
#29=CONICAL_SURFACE('',#3048,1.5,0.785398163397449);
#30=CONICAL_SURFACE('',#3050,1.5,0.785398163397446);
#31=CONICAL_SURFACE('',#3051,4.75,0.785398163397448);
#32=CONICAL_SURFACE('',#3052,1.5,0.785398163397446);
#33=CONICAL_SURFACE('',#3054,1.5,0.78539816339745);
#34=CONICAL_SURFACE('',#3055,4.75,0.785398163397448);
#35=CONICAL_SURFACE('',#3056,1.75,0.785398163397448);
#36=CONICAL_SURFACE('',#3057,1.75,0.785398163397448);
#37=CONICAL_SURFACE('',#3058,1.75,0.785398163397448);
#38=CONICAL_SURFACE('',#3059,1.75,0.785398163397448);
#39=CONICAL_SURFACE('',#3065,5.25,0.78539816339745);
#40=CONICAL_SURFACE('',#3066,5.25,0.785398163397446);
#41=CONICAL_SURFACE('',#3071,5.25,0.785398163397448);
#42=CONICAL_SURFACE('',#3074,0.75,0.785398163397448);
#43=CONICAL_SURFACE('',#3075,5.25,0.785398163397452);
#44=CONICAL_SURFACE('',#3079,0.75,0.785398163397449);
#45=CONICAL_SURFACE('',#3082,1.75,0.785398163397448);
#46=CONICAL_SURFACE('',#3083,1.75,0.785398163397448);
#47=CONICAL_SURFACE('',#3084,1.75,0.785398163397448);
#48=CONICAL_SURFACE('',#3085,1.75,0.785398163397448);
#49=TOROIDAL_SURFACE('',#2957,3.,1.);
#50=TOROIDAL_SURFACE('',#2959,3.,1.);
#51=TOROIDAL_SURFACE('',#2965,2.,1.);
#52=TOROIDAL_SURFACE('',#2967,3.,1.);
#53=TOROIDAL_SURFACE('',#2973,1.,1.);
#54=TOROIDAL_SURFACE('',#2975,1.,1.);
#55=TOROIDAL_SURFACE('',#2978,1.,1.);
#56=TOROIDAL_SURFACE('',#2985,3.,1.);
#57=TOROIDAL_SURFACE('',#2987,1.,1.);
#58=TOROIDAL_SURFACE('',#2993,3.,1.);
#59=TOROIDAL_SURFACE('',#2995,2.,1.);
#60=TOROIDAL_SURFACE('',#3001,3.,1.);
#61=B_SPLINE_CURVE_WITH_KNOTS('',3,(#4354,#4355,#4356,#4357),
 .UNSPECIFIED.,.F.,.F.,(4,4),(0.,0.000861706691047596),.UNSPECIFIED.);
#62=CYLINDRICAL_SURFACE('',#2806,4.75);
#63=CYLINDRICAL_SURFACE('',#2834,1.25);
#64=CYLINDRICAL_SURFACE('',#2837,1.25);
#65=CYLINDRICAL_SURFACE('',#2840,1.25);
#66=CYLINDRICAL_SURFACE('',#2843,1.25);
#67=CYLINDRICAL_SURFACE('',#2847,5.25);
#68=CYLINDRICAL_SURFACE('',#2850,5.25);
#69=CYLINDRICAL_SURFACE('',#2854,5.25);
#70=CYLINDRICAL_SURFACE('',#2857,5.25);
#71=CYLINDRICAL_SURFACE('',#2871,4.25);
#72=CYLINDRICAL_SURFACE('',#2873,4.25);
#73=CYLINDRICAL_SURFACE('',#2875,4.25);
#74=CYLINDRICAL_SURFACE('',#2877,4.25);
#75=CYLINDRICAL_SURFACE('',#2878,4.75);
#76=CYLINDRICAL_SURFACE('',#2881,4.75);
#77=CYLINDRICAL_SURFACE('',#2883,4.75);
#78=CYLINDRICAL_SURFACE('',#2918,2.);
#79=CYLINDRICAL_SURFACE('',#2921,2.);
#80=CYLINDRICAL_SURFACE('',#2924,2.);
#81=CYLINDRICAL_SURFACE('',#2927,2.);
#82=CYLINDRICAL_SURFACE('',#2930,2.);
#83=CYLINDRICAL_SURFACE('',#2933,2.);
#84=CYLINDRICAL_SURFACE('',#2936,2.);
#85=CYLINDRICAL_SURFACE('',#2939,2.);
#86=CYLINDRICAL_SURFACE('',#2942,2.);
#87=CYLINDRICAL_SURFACE('',#2945,2.);
#88=CYLINDRICAL_SURFACE('',#2948,1.);
#89=CYLINDRICAL_SURFACE('',#2951,1.);
#90=CYLINDRICAL_SURFACE('',#2954,1.);
#91=CYLINDRICAL_SURFACE('',#2961,1.);
#92=CYLINDRICAL_SURFACE('',#2963,1.);
#93=CYLINDRICAL_SURFACE('',#2969,1.);
#94=CYLINDRICAL_SURFACE('',#2971,1.);
#95=CYLINDRICAL_SURFACE('',#2977,1.);
#96=CYLINDRICAL_SURFACE('',#2981,1.);
#97=CYLINDRICAL_SURFACE('',#2983,1.);
#98=CYLINDRICAL_SURFACE('',#2989,1.);
#99=CYLINDRICAL_SURFACE('',#2991,1.);
#100=CYLINDRICAL_SURFACE('',#2997,1.);
#101=CYLINDRICAL_SURFACE('',#2999,1.);
#102=CYLINDRICAL_SURFACE('',#3026,2.);
#103=CYLINDRICAL_SURFACE('',#3028,2.);
#104=CYLINDRICAL_SURFACE('',#3030,2.);
#105=CYLINDRICAL_SURFACE('',#3032,2.);
#106=CYLINDRICAL_SURFACE('',#3034,2.);
#107=CYLINDRICAL_SURFACE('',#3036,2.);
#108=CYLINDRICAL_SURFACE('',#3038,2.);
#109=CYLINDRICAL_SURFACE('',#3040,2.);
#110=CYLINDRICAL_SURFACE('',#3060,0.25);
#111=CYLINDRICAL_SURFACE('',#3062,0.25);
#112=CIRCLE('',#2771,5.25);
#113=CIRCLE('',#2772,5.25);
#114=CIRCLE('',#2773,4.25);
#115=CIRCLE('',#2774,4.25);
#116=CIRCLE('',#2776,1.75);
#117=CIRCLE('',#2777,1.75);
#118=CIRCLE('',#2778,2.);
#119=CIRCLE('',#2779,4.75);
#120=CIRCLE('',#2780,2.);
#121=CIRCLE('',#2781,2.);
#122=CIRCLE('',#2782,4.75);
#123=CIRCLE('',#2783,2.);
#124=CIRCLE('',#2784,4.25);
#125=CIRCLE('',#2785,4.25);
#126=CIRCLE('',#2788,2.);
#127=CIRCLE('',#2791,4.25);
#128=CIRCLE('',#2792,4.25);
#129=CIRCLE('',#2793,5.25);
#130=CIRCLE('',#2794,5.25);
#131=CIRCLE('',#2796,1.75);
#132=CIRCLE('',#2797,1.75);
#133=CIRCLE('',#2798,4.25);
#134=CIRCLE('',#2799,4.25);
#135=CIRCLE('',#2800,4.75);
#136=CIRCLE('',#2801,2.);
#137=CIRCLE('',#2802,2.);
#138=CIRCLE('',#2803,4.75);
#139=CIRCLE('',#2804,2.);
#140=CIRCLE('',#2807,4.75);
#141=CIRCLE('',#2809,1.);
#142=CIRCLE('',#2810,1.);
#143=CIRCLE('',#2811,3.);
#144=CIRCLE('',#2812,3.);
#145=CIRCLE('',#2813,3.);
#146=CIRCLE('',#2814,2.);
#147=CIRCLE('',#2815,3.);
#148=CIRCLE('',#2816,2.);
#149=CIRCLE('',#2817,1.);
#150=CIRCLE('',#2818,1.);
#151=CIRCLE('',#2819,3.);
#152=CIRCLE('',#2820,3.);
#153=CIRCLE('',#2821,1.5);
#154=CIRCLE('',#2822,5.25);
#155=CIRCLE('',#2823,0.25);
#156=CIRCLE('',#2824,0.25);
#157=CIRCLE('',#2825,1.5);
#158=CIRCLE('',#2826,5.25);
#159=CIRCLE('',#2827,1.5);
#160=CIRCLE('',#2828,1.5);
#161=CIRCLE('',#2829,5.25);
#162=CIRCLE('',#2830,1.5);
#163=CIRCLE('',#2831,1.5);
#164=CIRCLE('',#2832,5.25);
#165=CIRCLE('',#2833,1.5);
#166=CIRCLE('',#2835,1.25);
#167=CIRCLE('',#2836,1.25);
#168=CIRCLE('',#2838,1.25);
#169=CIRCLE('',#2839,1.25);
#170=CIRCLE('',#2841,1.25);
#171=CIRCLE('',#2842,1.25);
#172=CIRCLE('',#2844,1.25);
#173=CIRCLE('',#2845,1.25);
#174=CIRCLE('',#2848,5.25);
#175=CIRCLE('',#2851,5.25);
#176=CIRCLE('',#2853,2.);
#177=CIRCLE('',#2855,5.25);
#178=CIRCLE('',#2858,5.25);
#179=CIRCLE('',#2860,1.75);
#180=CIRCLE('',#2861,1.75);
#181=CIRCLE('',#2862,1.75);
#182=CIRCLE('',#2863,1.75);
#183=CIRCLE('',#2864,0.75);
#184=CIRCLE('',#2865,4.75);
#185=CIRCLE('',#2866,4.75);
#186=CIRCLE('',#2867,4.75);
#187=CIRCLE('',#2868,4.75);
#188=CIRCLE('',#2869,0.75);
#189=CIRCLE('',#2879,4.75);
#190=CIRCLE('',#2882,4.75);
#191=CIRCLE('',#2884,4.75);
#192=CIRCLE('',#2899,0.5);
#193=CIRCLE('',#2900,1.5);
#194=CIRCLE('',#2901,1.5);
#195=CIRCLE('',#2902,1.5);
#196=CIRCLE('',#2903,2.5);
#197=CIRCLE('',#2904,2.5);
#198=CIRCLE('',#2912,2.5);
#199=CIRCLE('',#2913,0.5);
#200=CIRCLE('',#2914,1.5);
#201=CIRCLE('',#2915,1.5);
#202=CIRCLE('',#2916,1.5);
#203=CIRCLE('',#2917,2.5);
#204=CIRCLE('',#2919,2.);
#205=CIRCLE('',#2920,2.);
#206=CIRCLE('',#2922,2.);
#207=CIRCLE('',#2923,2.);
#208=CIRCLE('',#2925,2.);
#209=CIRCLE('',#2926,2.);
#210=CIRCLE('',#2928,2.);
#211=CIRCLE('',#2929,2.);
#212=CIRCLE('',#2931,2.);
#213=CIRCLE('',#2932,2.);
#214=CIRCLE('',#2934,2.);
#215=CIRCLE('',#2935,2.);
#216=CIRCLE('',#2937,2.);
#217=CIRCLE('',#2938,2.);
#218=CIRCLE('',#2940,2.);
#219=CIRCLE('',#2941,2.);
#220=CIRCLE('',#2943,2.);
#221=CIRCLE('',#2944,2.);
#222=CIRCLE('',#2946,2.);
#223=CIRCLE('',#2947,2.);
#224=CIRCLE('',#2949,1.);
#225=CIRCLE('',#2950,1.);
#226=CIRCLE('',#2952,1.);
#227=CIRCLE('',#2953,1.);
#228=CIRCLE('',#2955,1.);
#229=CIRCLE('',#2956,1.);
#230=CIRCLE('',#2958,1.);
#231=CIRCLE('',#2960,1.);
#232=CIRCLE('',#2962,1.);
#233=CIRCLE('',#2964,1.);
#234=CIRCLE('',#2966,1.);
#235=CIRCLE('',#2968,1.);
#236=CIRCLE('',#2970,1.);
#237=CIRCLE('',#2972,1.);
#238=CIRCLE('',#2974,1.);
#239=CIRCLE('',#2976,1.);
#240=CIRCLE('',#2979,1.);
#241=CIRCLE('',#2980,1.);
#242=CIRCLE('',#2982,1.);
#243=CIRCLE('',#2984,1.);
#244=CIRCLE('',#2986,1.);
#245=CIRCLE('',#2988,1.);
#246=CIRCLE('',#2990,1.);
#247=CIRCLE('',#2992,1.);
#248=CIRCLE('',#2994,1.);
#249=CIRCLE('',#2996,1.);
#250=CIRCLE('',#2998,1.);
#251=CIRCLE('',#3000,1.);
#252=CIRCLE('',#3027,2.);
#253=CIRCLE('',#3029,2.);
#254=CIRCLE('',#3031,2.);
#255=CIRCLE('',#3033,2.);
#256=CIRCLE('',#3035,2.);
#257=CIRCLE('',#3037,2.);
#258=CIRCLE('',#3039,2.);
#259=CIRCLE('',#3061,0.25);
#260=CIRCLE('',#3063,0.25);
#261=ORIENTED_EDGE('',*,*,#1039,.T.);
#262=ORIENTED_EDGE('',*,*,#1040,.T.);
#263=ORIENTED_EDGE('',*,*,#1041,.T.);
#264=ORIENTED_EDGE('',*,*,#1042,.T.);
#265=ORIENTED_EDGE('',*,*,#1043,.F.);
#266=ORIENTED_EDGE('',*,*,#1044,.T.);
#267=ORIENTED_EDGE('',*,*,#1045,.F.);
#268=ORIENTED_EDGE('',*,*,#1046,.T.);
#269=ORIENTED_EDGE('',*,*,#1047,.T.);
#270=ORIENTED_EDGE('',*,*,#1048,.F.);
#271=ORIENTED_EDGE('',*,*,#1049,.T.);
#272=ORIENTED_EDGE('',*,*,#1050,.F.);
#273=ORIENTED_EDGE('',*,*,#1051,.F.);
#274=ORIENTED_EDGE('',*,*,#1052,.T.);
#275=ORIENTED_EDGE('',*,*,#1053,.T.);
#276=ORIENTED_EDGE('',*,*,#1054,.F.);
#277=ORIENTED_EDGE('',*,*,#1055,.T.);
#278=ORIENTED_EDGE('',*,*,#1056,.F.);
#279=ORIENTED_EDGE('',*,*,#1057,.T.);
#280=ORIENTED_EDGE('',*,*,#1058,.F.);
#281=ORIENTED_EDGE('',*,*,#1059,.T.);
#282=ORIENTED_EDGE('',*,*,#1060,.F.);
#283=ORIENTED_EDGE('',*,*,#1061,.T.);
#284=ORIENTED_EDGE('',*,*,#1062,.F.);
#285=ORIENTED_EDGE('',*,*,#1063,.T.);
#286=ORIENTED_EDGE('',*,*,#1064,.T.);
#287=ORIENTED_EDGE('',*,*,#1065,.F.);
#288=ORIENTED_EDGE('',*,*,#1066,.T.);
#289=ORIENTED_EDGE('',*,*,#1067,.T.);
#290=ORIENTED_EDGE('',*,*,#1068,.F.);
#291=ORIENTED_EDGE('',*,*,#1069,.T.);
#292=ORIENTED_EDGE('',*,*,#1047,.F.);
#293=ORIENTED_EDGE('',*,*,#1070,.T.);
#294=ORIENTED_EDGE('',*,*,#1054,.T.);
#295=ORIENTED_EDGE('',*,*,#1071,.T.);
#296=ORIENTED_EDGE('',*,*,#1072,.T.);
#297=ORIENTED_EDGE('',*,*,#1073,.T.);
#298=ORIENTED_EDGE('',*,*,#1074,.T.);
#299=ORIENTED_EDGE('',*,*,#1056,.T.);
#300=ORIENTED_EDGE('',*,*,#1075,.T.);
#301=ORIENTED_EDGE('',*,*,#1076,.T.);
#302=ORIENTED_EDGE('',*,*,#1077,.F.);
#303=ORIENTED_EDGE('',*,*,#1078,.T.);
#304=ORIENTED_EDGE('',*,*,#1079,.T.);
#305=ORIENTED_EDGE('',*,*,#1080,.T.);
#306=ORIENTED_EDGE('',*,*,#1081,.F.);
#307=ORIENTED_EDGE('',*,*,#1082,.F.);
#308=ORIENTED_EDGE('',*,*,#1081,.T.);
#309=ORIENTED_EDGE('',*,*,#1083,.T.);
#310=ORIENTED_EDGE('',*,*,#1084,.F.);
#311=ORIENTED_EDGE('',*,*,#1085,.F.);
#312=ORIENTED_EDGE('',*,*,#1086,.F.);
#313=ORIENTED_EDGE('',*,*,#1087,.F.);
#314=ORIENTED_EDGE('',*,*,#1088,.F.);
#315=ORIENTED_EDGE('',*,*,#1089,.T.);
#316=ORIENTED_EDGE('',*,*,#1090,.F.);
#317=ORIENTED_EDGE('',*,*,#1091,.F.);
#318=ORIENTED_EDGE('',*,*,#1092,.T.);
#319=ORIENTED_EDGE('',*,*,#1093,.T.);
#320=ORIENTED_EDGE('',*,*,#1094,.T.);
#321=ORIENTED_EDGE('',*,*,#1095,.T.);
#322=ORIENTED_EDGE('',*,*,#1096,.T.);
#323=ORIENTED_EDGE('',*,*,#1097,.F.);
#324=ORIENTED_EDGE('',*,*,#1098,.F.);
#325=ORIENTED_EDGE('',*,*,#1099,.T.);
#326=ORIENTED_EDGE('',*,*,#1100,.T.);
#327=ORIENTED_EDGE('',*,*,#1101,.T.);
#328=ORIENTED_EDGE('',*,*,#1102,.T.);
#329=ORIENTED_EDGE('',*,*,#1103,.T.);
#330=ORIENTED_EDGE('',*,*,#1104,.F.);
#331=ORIENTED_EDGE('',*,*,#1105,.T.);
#332=ORIENTED_EDGE('',*,*,#1106,.T.);
#333=ORIENTED_EDGE('',*,*,#1107,.T.);
#334=ORIENTED_EDGE('',*,*,#1108,.F.);
#335=ORIENTED_EDGE('',*,*,#1109,.T.);
#336=ORIENTED_EDGE('',*,*,#1078,.F.);
#337=ORIENTED_EDGE('',*,*,#1110,.F.);
#338=ORIENTED_EDGE('',*,*,#1102,.F.);
#339=ORIENTED_EDGE('',*,*,#1111,.T.);
#340=ORIENTED_EDGE('',*,*,#1085,.T.);
#341=ORIENTED_EDGE('',*,*,#1112,.T.);
#342=ORIENTED_EDGE('',*,*,#1113,.T.);
#343=ORIENTED_EDGE('',*,*,#1114,.T.);
#344=ORIENTED_EDGE('',*,*,#1104,.T.);
#345=ORIENTED_EDGE('',*,*,#1115,.T.);
#346=ORIENTED_EDGE('',*,*,#1116,.T.);
#347=ORIENTED_EDGE('',*,*,#1117,.T.);
#348=ORIENTED_EDGE('',*,*,#1118,.T.);
#349=ORIENTED_EDGE('',*,*,#1119,.T.);
#350=ORIENTED_EDGE('',*,*,#1120,.T.);
#351=ORIENTED_EDGE('',*,*,#1121,.T.);
#352=ORIENTED_EDGE('',*,*,#1122,.T.);
#353=ORIENTED_EDGE('',*,*,#1123,.T.);
#354=ORIENTED_EDGE('',*,*,#1124,.T.);
#355=ORIENTED_EDGE('',*,*,#1125,.T.);
#356=ORIENTED_EDGE('',*,*,#1126,.T.);
#357=ORIENTED_EDGE('',*,*,#1127,.T.);
#358=ORIENTED_EDGE('',*,*,#1128,.T.);
#359=ORIENTED_EDGE('',*,*,#1129,.T.);
#360=ORIENTED_EDGE('',*,*,#1130,.T.);
#361=ORIENTED_EDGE('',*,*,#1131,.T.);
#362=ORIENTED_EDGE('',*,*,#1132,.T.);
#363=ORIENTED_EDGE('',*,*,#1133,.T.);
#364=ORIENTED_EDGE('',*,*,#1134,.T.);
#365=ORIENTED_EDGE('',*,*,#1135,.T.);
#366=ORIENTED_EDGE('',*,*,#1136,.T.);
#367=ORIENTED_EDGE('',*,*,#1137,.T.);
#368=ORIENTED_EDGE('',*,*,#1138,.T.);
#369=ORIENTED_EDGE('',*,*,#1139,.T.);
#370=ORIENTED_EDGE('',*,*,#1140,.T.);
#371=ORIENTED_EDGE('',*,*,#1141,.T.);
#372=ORIENTED_EDGE('',*,*,#1142,.T.);
#373=ORIENTED_EDGE('',*,*,#1143,.T.);
#374=ORIENTED_EDGE('',*,*,#1144,.T.);
#375=ORIENTED_EDGE('',*,*,#1145,.F.);
#376=ORIENTED_EDGE('',*,*,#1146,.T.);
#377=ORIENTED_EDGE('',*,*,#1147,.T.);
#378=ORIENTED_EDGE('',*,*,#1148,.T.);
#379=ORIENTED_EDGE('',*,*,#1149,.T.);
#380=ORIENTED_EDGE('',*,*,#1150,.T.);
#381=ORIENTED_EDGE('',*,*,#1151,.T.);
#382=ORIENTED_EDGE('',*,*,#1152,.T.);
#383=ORIENTED_EDGE('',*,*,#1153,.T.);
#384=ORIENTED_EDGE('',*,*,#1154,.T.);
#385=ORIENTED_EDGE('',*,*,#1155,.T.);
#386=ORIENTED_EDGE('',*,*,#1156,.T.);
#387=ORIENTED_EDGE('',*,*,#1157,.T.);
#388=ORIENTED_EDGE('',*,*,#1158,.T.);
#389=ORIENTED_EDGE('',*,*,#1159,.T.);
#390=ORIENTED_EDGE('',*,*,#1160,.T.);
#391=ORIENTED_EDGE('',*,*,#1161,.T.);
#392=ORIENTED_EDGE('',*,*,#1162,.T.);
#393=ORIENTED_EDGE('',*,*,#1163,.T.);
#394=ORIENTED_EDGE('',*,*,#1164,.T.);
#395=ORIENTED_EDGE('',*,*,#1165,.T.);
#396=ORIENTED_EDGE('',*,*,#1166,.T.);
#397=ORIENTED_EDGE('',*,*,#1041,.F.);
#398=ORIENTED_EDGE('',*,*,#1167,.T.);
#399=ORIENTED_EDGE('',*,*,#1168,.T.);
#400=ORIENTED_EDGE('',*,*,#1169,.T.);
#401=ORIENTED_EDGE('',*,*,#1169,.F.);
#402=ORIENTED_EDGE('',*,*,#1170,.T.);
#403=ORIENTED_EDGE('',*,*,#1171,.T.);
#404=ORIENTED_EDGE('',*,*,#1042,.F.);
#405=ORIENTED_EDGE('',*,*,#1171,.F.);
#406=ORIENTED_EDGE('',*,*,#1172,.T.);
#407=ORIENTED_EDGE('',*,*,#1173,.T.);
#408=ORIENTED_EDGE('',*,*,#1043,.T.);
#409=ORIENTED_EDGE('',*,*,#1173,.F.);
#410=ORIENTED_EDGE('',*,*,#1174,.T.);
#411=ORIENTED_EDGE('',*,*,#1175,.T.);
#412=ORIENTED_EDGE('',*,*,#1044,.F.);
#413=ORIENTED_EDGE('',*,*,#1175,.F.);
#414=ORIENTED_EDGE('',*,*,#1176,.T.);
#415=ORIENTED_EDGE('',*,*,#1177,.T.);
#416=ORIENTED_EDGE('',*,*,#1091,.T.);
#417=ORIENTED_EDGE('',*,*,#1178,.F.);
#418=ORIENTED_EDGE('',*,*,#1179,.T.);
#419=ORIENTED_EDGE('',*,*,#1180,.T.);
#420=ORIENTED_EDGE('',*,*,#1045,.T.);
#421=ORIENTED_EDGE('',*,*,#1177,.F.);
#422=ORIENTED_EDGE('',*,*,#1181,.T.);
#423=ORIENTED_EDGE('',*,*,#1182,.T.);
#424=ORIENTED_EDGE('',*,*,#1092,.F.);
#425=ORIENTED_EDGE('',*,*,#1182,.F.);
#426=ORIENTED_EDGE('',*,*,#1183,.T.);
#427=ORIENTED_EDGE('',*,*,#1184,.T.);
#428=ORIENTED_EDGE('',*,*,#1093,.F.);
#429=ORIENTED_EDGE('',*,*,#1184,.F.);
#430=ORIENTED_EDGE('',*,*,#1185,.T.);
#431=ORIENTED_EDGE('',*,*,#1082,.T.);
#432=ORIENTED_EDGE('',*,*,#1094,.F.);
#433=ORIENTED_EDGE('',*,*,#1186,.T.);
#434=ORIENTED_EDGE('',*,*,#1187,.T.);
#435=ORIENTED_EDGE('',*,*,#1188,.T.);
#436=ORIENTED_EDGE('',*,*,#1189,.T.);
#437=ORIENTED_EDGE('',*,*,#1190,.T.);
#438=ORIENTED_EDGE('',*,*,#1191,.T.);
#439=ORIENTED_EDGE('',*,*,#1192,.T.);
#440=ORIENTED_EDGE('',*,*,#1193,.T.);
#441=ORIENTED_EDGE('',*,*,#1194,.T.);
#442=ORIENTED_EDGE('',*,*,#1195,.T.);
#443=ORIENTED_EDGE('',*,*,#1196,.T.);
#444=ORIENTED_EDGE('',*,*,#1197,.T.);
#445=ORIENTED_EDGE('',*,*,#1198,.T.);
#446=ORIENTED_EDGE('',*,*,#1199,.T.);
#447=ORIENTED_EDGE('',*,*,#1200,.T.);
#448=ORIENTED_EDGE('',*,*,#1201,.T.);
#449=ORIENTED_EDGE('',*,*,#1202,.T.);
#450=ORIENTED_EDGE('',*,*,#1203,.T.);
#451=ORIENTED_EDGE('',*,*,#1204,.F.);
#452=ORIENTED_EDGE('',*,*,#1089,.F.);
#453=ORIENTED_EDGE('',*,*,#1205,.F.);
#454=ORIENTED_EDGE('',*,*,#1098,.T.);
#455=ORIENTED_EDGE('',*,*,#1088,.T.);
#456=ORIENTED_EDGE('',*,*,#1206,.F.);
#457=ORIENTED_EDGE('',*,*,#1099,.F.);
#458=ORIENTED_EDGE('',*,*,#1205,.T.);
#459=ORIENTED_EDGE('',*,*,#1087,.T.);
#460=ORIENTED_EDGE('',*,*,#1207,.F.);
#461=ORIENTED_EDGE('',*,*,#1100,.F.);
#462=ORIENTED_EDGE('',*,*,#1206,.T.);
#463=ORIENTED_EDGE('',*,*,#1086,.T.);
#464=ORIENTED_EDGE('',*,*,#1111,.F.);
#465=ORIENTED_EDGE('',*,*,#1101,.F.);
#466=ORIENTED_EDGE('',*,*,#1207,.T.);
#467=ORIENTED_EDGE('',*,*,#1066,.F.);
#468=ORIENTED_EDGE('',*,*,#1208,.T.);
#469=ORIENTED_EDGE('',*,*,#1051,.T.);
#470=ORIENTED_EDGE('',*,*,#1209,.F.);
#471=ORIENTED_EDGE('',*,*,#1050,.T.);
#472=ORIENTED_EDGE('',*,*,#1210,.F.);
#473=ORIENTED_EDGE('',*,*,#1067,.F.);
#474=ORIENTED_EDGE('',*,*,#1209,.T.);
#475=ORIENTED_EDGE('',*,*,#1049,.F.);
#476=ORIENTED_EDGE('',*,*,#1211,.F.);
#477=ORIENTED_EDGE('',*,*,#1068,.T.);
#478=ORIENTED_EDGE('',*,*,#1210,.T.);
#479=ORIENTED_EDGE('',*,*,#1048,.T.);
#480=ORIENTED_EDGE('',*,*,#1071,.F.);
#481=ORIENTED_EDGE('',*,*,#1069,.F.);
#482=ORIENTED_EDGE('',*,*,#1211,.T.);
#483=ORIENTED_EDGE('',*,*,#1212,.T.);
#484=ORIENTED_EDGE('',*,*,#1213,.T.);
#485=ORIENTED_EDGE('',*,*,#1214,.T.);
#486=ORIENTED_EDGE('',*,*,#1108,.T.);
#487=ORIENTED_EDGE('',*,*,#1215,.T.);
#488=ORIENTED_EDGE('',*,*,#1216,.T.);
#489=ORIENTED_EDGE('',*,*,#1217,.T.);
#490=ORIENTED_EDGE('',*,*,#1106,.F.);
#491=ORIENTED_EDGE('',*,*,#1218,.T.);
#492=ORIENTED_EDGE('',*,*,#1219,.T.);
#493=ORIENTED_EDGE('',*,*,#1220,.T.);
#494=ORIENTED_EDGE('',*,*,#1058,.T.);
#495=ORIENTED_EDGE('',*,*,#1221,.T.);
#496=ORIENTED_EDGE('',*,*,#1222,.T.);
#497=ORIENTED_EDGE('',*,*,#1223,.T.);
#498=ORIENTED_EDGE('',*,*,#1062,.T.);
#499=ORIENTED_EDGE('',*,*,#1224,.T.);
#500=ORIENTED_EDGE('',*,*,#1225,.T.);
#501=ORIENTED_EDGE('',*,*,#1226,.T.);
#502=ORIENTED_EDGE('',*,*,#1060,.T.);
#503=ORIENTED_EDGE('',*,*,#1227,.T.);
#504=ORIENTED_EDGE('',*,*,#1228,.T.);
#505=ORIENTED_EDGE('',*,*,#1229,.T.);
#506=ORIENTED_EDGE('',*,*,#1064,.F.);
#507=ORIENTED_EDGE('',*,*,#1230,.T.);
#508=ORIENTED_EDGE('',*,*,#1231,.T.);
#509=ORIENTED_EDGE('',*,*,#1232,.T.);
#510=ORIENTED_EDGE('',*,*,#1141,.F.);
#511=ORIENTED_EDGE('',*,*,#1233,.T.);
#512=ORIENTED_EDGE('',*,*,#1112,.F.);
#513=ORIENTED_EDGE('',*,*,#1103,.F.);
#514=ORIENTED_EDGE('',*,*,#1110,.T.);
#515=ORIENTED_EDGE('',*,*,#1084,.T.);
#516=ORIENTED_EDGE('',*,*,#1234,.T.);
#517=ORIENTED_EDGE('',*,*,#1235,.T.);
#518=ORIENTED_EDGE('',*,*,#1236,.T.);
#519=ORIENTED_EDGE('',*,*,#1039,.F.);
#520=ORIENTED_EDGE('',*,*,#1208,.F.);
#521=ORIENTED_EDGE('',*,*,#1065,.T.);
#522=ORIENTED_EDGE('',*,*,#1229,.F.);
#523=ORIENTED_EDGE('',*,*,#1237,.T.);
#524=ORIENTED_EDGE('',*,*,#1145,.T.);
#525=ORIENTED_EDGE('',*,*,#1238,.T.);
#526=ORIENTED_EDGE('',*,*,#1239,.T.);
#527=ORIENTED_EDGE('',*,*,#1240,.T.);
#528=ORIENTED_EDGE('',*,*,#1143,.F.);
#529=ORIENTED_EDGE('',*,*,#1180,.F.);
#530=ORIENTED_EDGE('',*,*,#1241,.T.);
#531=ORIENTED_EDGE('',*,*,#1075,.F.);
#532=ORIENTED_EDGE('',*,*,#1055,.F.);
#533=ORIENTED_EDGE('',*,*,#1070,.F.);
#534=ORIENTED_EDGE('',*,*,#1046,.F.);
#535=ORIENTED_EDGE('',*,*,#1077,.T.);
#536=ORIENTED_EDGE('',*,*,#1242,.T.);
#537=ORIENTED_EDGE('',*,*,#1178,.T.);
#538=ORIENTED_EDGE('',*,*,#1090,.T.);
#539=ORIENTED_EDGE('',*,*,#1204,.T.);
#540=ORIENTED_EDGE('',*,*,#1097,.T.);
#541=ORIENTED_EDGE('',*,*,#1243,.T.);
#542=ORIENTED_EDGE('',*,*,#1244,.T.);
#543=ORIENTED_EDGE('',*,*,#1245,.T.);
#544=ORIENTED_EDGE('',*,*,#1246,.T.);
#545=ORIENTED_EDGE('',*,*,#1247,.T.);
#546=ORIENTED_EDGE('',*,*,#1248,.T.);
#547=ORIENTED_EDGE('',*,*,#1249,.T.);
#548=ORIENTED_EDGE('',*,*,#1250,.T.);
#549=ORIENTED_EDGE('',*,*,#1251,.T.);
#550=ORIENTED_EDGE('',*,*,#1252,.T.);
#551=ORIENTED_EDGE('',*,*,#1253,.T.);
#552=ORIENTED_EDGE('',*,*,#1254,.T.);
#553=ORIENTED_EDGE('',*,*,#1255,.T.);
#554=ORIENTED_EDGE('',*,*,#1256,.T.);
#555=ORIENTED_EDGE('',*,*,#1257,.T.);
#556=ORIENTED_EDGE('',*,*,#1258,.T.);
#557=ORIENTED_EDGE('',*,*,#1259,.T.);
#558=ORIENTED_EDGE('',*,*,#1260,.T.);
#559=ORIENTED_EDGE('',*,*,#1261,.T.);
#560=ORIENTED_EDGE('',*,*,#1262,.T.);
#561=ORIENTED_EDGE('',*,*,#1263,.T.);
#562=ORIENTED_EDGE('',*,*,#1264,.T.);
#563=ORIENTED_EDGE('',*,*,#1265,.T.);
#564=ORIENTED_EDGE('',*,*,#1266,.T.);
#565=ORIENTED_EDGE('',*,*,#1267,.T.);
#566=ORIENTED_EDGE('',*,*,#1268,.T.);
#567=ORIENTED_EDGE('',*,*,#1269,.T.);
#568=ORIENTED_EDGE('',*,*,#1270,.T.);
#569=ORIENTED_EDGE('',*,*,#1271,.T.);
#570=ORIENTED_EDGE('',*,*,#1272,.T.);
#571=ORIENTED_EDGE('',*,*,#1273,.T.);
#572=ORIENTED_EDGE('',*,*,#1274,.T.);
#573=ORIENTED_EDGE('',*,*,#1275,.T.);
#574=ORIENTED_EDGE('',*,*,#1276,.T.);
#575=ORIENTED_EDGE('',*,*,#1277,.T.);
#576=ORIENTED_EDGE('',*,*,#1278,.T.);
#577=ORIENTED_EDGE('',*,*,#1279,.T.);
#578=ORIENTED_EDGE('',*,*,#1280,.T.);
#579=ORIENTED_EDGE('',*,*,#1281,.T.);
#580=ORIENTED_EDGE('',*,*,#1282,.T.);
#581=ORIENTED_EDGE('',*,*,#1283,.T.);
#582=ORIENTED_EDGE('',*,*,#1284,.T.);
#583=ORIENTED_EDGE('',*,*,#1285,.T.);
#584=ORIENTED_EDGE('',*,*,#1286,.T.);
#585=ORIENTED_EDGE('',*,*,#1287,.T.);
#586=ORIENTED_EDGE('',*,*,#1288,.T.);
#587=ORIENTED_EDGE('',*,*,#1289,.T.);
#588=ORIENTED_EDGE('',*,*,#1290,.T.);
#589=ORIENTED_EDGE('',*,*,#1291,.T.);
#590=ORIENTED_EDGE('',*,*,#1292,.T.);
#591=ORIENTED_EDGE('',*,*,#1293,.T.);
#592=ORIENTED_EDGE('',*,*,#1294,.T.);
#593=ORIENTED_EDGE('',*,*,#1295,.T.);
#594=ORIENTED_EDGE('',*,*,#1296,.T.);
#595=ORIENTED_EDGE('',*,*,#1297,.T.);
#596=ORIENTED_EDGE('',*,*,#1298,.T.);
#597=ORIENTED_EDGE('',*,*,#1299,.T.);
#598=ORIENTED_EDGE('',*,*,#1300,.T.);
#599=ORIENTED_EDGE('',*,*,#1301,.T.);
#600=ORIENTED_EDGE('',*,*,#1302,.T.);
#601=ORIENTED_EDGE('',*,*,#1303,.T.);
#602=ORIENTED_EDGE('',*,*,#1304,.T.);
#603=ORIENTED_EDGE('',*,*,#1305,.T.);
#604=ORIENTED_EDGE('',*,*,#1306,.T.);
#605=ORIENTED_EDGE('',*,*,#1307,.T.);
#606=ORIENTED_EDGE('',*,*,#1308,.T.);
#607=ORIENTED_EDGE('',*,*,#1309,.T.);
#608=ORIENTED_EDGE('',*,*,#1310,.T.);
#609=ORIENTED_EDGE('',*,*,#1311,.T.);
#610=ORIENTED_EDGE('',*,*,#1312,.T.);
#611=ORIENTED_EDGE('',*,*,#1313,.T.);
#612=ORIENTED_EDGE('',*,*,#1314,.T.);
#613=ORIENTED_EDGE('',*,*,#1253,.F.);
#614=ORIENTED_EDGE('',*,*,#1315,.T.);
#615=ORIENTED_EDGE('',*,*,#1247,.F.);
#616=ORIENTED_EDGE('',*,*,#1316,.T.);
#617=ORIENTED_EDGE('',*,*,#1257,.F.);
#618=ORIENTED_EDGE('',*,*,#1317,.T.);
#619=ORIENTED_EDGE('',*,*,#1251,.F.);
#620=ORIENTED_EDGE('',*,*,#1318,.T.);
#621=ORIENTED_EDGE('',*,*,#1301,.F.);
#622=ORIENTED_EDGE('',*,*,#1319,.T.);
#623=ORIENTED_EDGE('',*,*,#1295,.F.);
#624=ORIENTED_EDGE('',*,*,#1320,.T.);
#625=ORIENTED_EDGE('',*,*,#1281,.F.);
#626=ORIENTED_EDGE('',*,*,#1321,.T.);
#627=ORIENTED_EDGE('',*,*,#1299,.F.);
#628=ORIENTED_EDGE('',*,*,#1322,.T.);
#629=ORIENTED_EDGE('',*,*,#1293,.F.);
#630=ORIENTED_EDGE('',*,*,#1323,.T.);
#631=ORIENTED_EDGE('',*,*,#1287,.F.);
#632=ORIENTED_EDGE('',*,*,#1324,.T.);
#633=ORIENTED_EDGE('',*,*,#1289,.F.);
#634=ORIENTED_EDGE('',*,*,#1325,.T.);
#635=ORIENTED_EDGE('',*,*,#1283,.F.);
#636=ORIENTED_EDGE('',*,*,#1326,.T.);
#637=ORIENTED_EDGE('',*,*,#1245,.F.);
#638=ORIENTED_EDGE('',*,*,#1327,.T.);
#639=ORIENTED_EDGE('',*,*,#1263,.F.);
#640=ORIENTED_EDGE('',*,*,#1328,.T.);
#641=ORIENTED_EDGE('',*,*,#1265,.F.);
#642=ORIENTED_EDGE('',*,*,#1329,.T.);
#643=ORIENTED_EDGE('',*,*,#1259,.F.);
#644=ORIENTED_EDGE('',*,*,#1330,.T.);
#645=ORIENTED_EDGE('',*,*,#1261,.F.);
#646=ORIENTED_EDGE('',*,*,#1331,.T.);
#647=ORIENTED_EDGE('',*,*,#1255,.F.);
#648=ORIENTED_EDGE('',*,*,#1332,.T.);
#649=ORIENTED_EDGE('',*,*,#1285,.F.);
#650=ORIENTED_EDGE('',*,*,#1333,.T.);
#651=ORIENTED_EDGE('',*,*,#1279,.F.);
#652=ORIENTED_EDGE('',*,*,#1334,.T.);
#653=ORIENTED_EDGE('',*,*,#1249,.F.);
#654=ORIENTED_EDGE('',*,*,#1335,.T.);
#655=ORIENTED_EDGE('',*,*,#1243,.F.);
#656=ORIENTED_EDGE('',*,*,#1336,.T.);
#657=ORIENTED_EDGE('',*,*,#1297,.F.);
#658=ORIENTED_EDGE('',*,*,#1337,.T.);
#659=ORIENTED_EDGE('',*,*,#1291,.F.);
#660=ORIENTED_EDGE('',*,*,#1338,.T.);
#661=ORIENTED_EDGE('',*,*,#1339,.F.);
#662=ORIENTED_EDGE('',*,*,#1302,.F.);
#663=ORIENTED_EDGE('',*,*,#1340,.F.);
#664=ORIENTED_EDGE('',*,*,#1122,.F.);
#665=ORIENTED_EDGE('',*,*,#1340,.T.);
#666=ORIENTED_EDGE('',*,*,#1320,.F.);
#667=ORIENTED_EDGE('',*,*,#1341,.F.);
#668=ORIENTED_EDGE('',*,*,#1123,.F.);
#669=ORIENTED_EDGE('',*,*,#1339,.T.);
#670=ORIENTED_EDGE('',*,*,#1121,.F.);
#671=ORIENTED_EDGE('',*,*,#1342,.F.);
#672=ORIENTED_EDGE('',*,*,#1322,.F.);
#673=ORIENTED_EDGE('',*,*,#1341,.T.);
#674=ORIENTED_EDGE('',*,*,#1298,.F.);
#675=ORIENTED_EDGE('',*,*,#1343,.F.);
#676=ORIENTED_EDGE('',*,*,#1124,.F.);
#677=ORIENTED_EDGE('',*,*,#1342,.T.);
#678=ORIENTED_EDGE('',*,*,#1120,.F.);
#679=ORIENTED_EDGE('',*,*,#1344,.F.);
#680=ORIENTED_EDGE('',*,*,#1282,.F.);
#681=ORIENTED_EDGE('',*,*,#1343,.T.);
#682=ORIENTED_EDGE('',*,*,#1338,.F.);
#683=ORIENTED_EDGE('',*,*,#1345,.F.);
#684=ORIENTED_EDGE('',*,*,#1125,.F.);
#685=ORIENTED_EDGE('',*,*,#1344,.T.);
#686=ORIENTED_EDGE('',*,*,#1119,.F.);
#687=ORIENTED_EDGE('',*,*,#1346,.F.);
#688=ORIENTED_EDGE('',*,*,#1334,.F.);
#689=ORIENTED_EDGE('',*,*,#1345,.T.);
#690=ORIENTED_EDGE('',*,*,#1294,.F.);
#691=ORIENTED_EDGE('',*,*,#1347,.F.);
#692=ORIENTED_EDGE('',*,*,#1126,.F.);
#693=ORIENTED_EDGE('',*,*,#1346,.T.);
#694=ORIENTED_EDGE('',*,*,#1118,.F.);
#695=ORIENTED_EDGE('',*,*,#1348,.F.);
#696=ORIENTED_EDGE('',*,*,#1286,.F.);
#697=ORIENTED_EDGE('',*,*,#1347,.T.);
#698=ORIENTED_EDGE('',*,*,#1324,.F.);
#699=ORIENTED_EDGE('',*,*,#1349,.F.);
#700=ORIENTED_EDGE('',*,*,#1115,.F.);
#701=ORIENTED_EDGE('',*,*,#1348,.T.);
#702=ORIENTED_EDGE('',*,*,#1117,.F.);
#703=ORIENTED_EDGE('',*,*,#1350,.F.);
#704=ORIENTED_EDGE('',*,*,#1326,.F.);
#705=ORIENTED_EDGE('',*,*,#1349,.T.);
#706=ORIENTED_EDGE('',*,*,#1290,.F.);
#707=ORIENTED_EDGE('',*,*,#1350,.T.);
#708=ORIENTED_EDGE('',*,*,#1116,.F.);
#709=ORIENTED_EDGE('',*,*,#1351,.F.);
#710=ORIENTED_EDGE('',*,*,#1330,.F.);
#711=ORIENTED_EDGE('',*,*,#1352,.F.);
#712=ORIENTED_EDGE('',*,*,#1134,.F.);
#713=ORIENTED_EDGE('',*,*,#1352,.T.);
#714=ORIENTED_EDGE('',*,*,#1262,.F.);
#715=ORIENTED_EDGE('',*,*,#1353,.F.);
#716=ORIENTED_EDGE('',*,*,#1135,.F.);
#717=ORIENTED_EDGE('',*,*,#1351,.T.);
#718=ORIENTED_EDGE('',*,*,#1133,.F.);
#719=ORIENTED_EDGE('',*,*,#1354,.F.);
#720=ORIENTED_EDGE('',*,*,#1266,.F.);
#721=ORIENTED_EDGE('',*,*,#1353,.T.);
#722=ORIENTED_EDGE('',*,*,#1332,.F.);
#723=ORIENTED_EDGE('',*,*,#1355,.F.);
#724=ORIENTED_EDGE('',*,*,#1136,.F.);
#725=ORIENTED_EDGE('',*,*,#1354,.T.);
#726=ORIENTED_EDGE('',*,*,#1132,.F.);
#727=ORIENTED_EDGE('',*,*,#1356,.F.);
#728=ORIENTED_EDGE('',*,*,#1328,.F.);
#729=ORIENTED_EDGE('',*,*,#1355,.T.);
#730=ORIENTED_EDGE('',*,*,#1258,.F.);
#731=ORIENTED_EDGE('',*,*,#1357,.F.);
#732=ORIENTED_EDGE('',*,*,#1137,.F.);
#733=ORIENTED_EDGE('',*,*,#1356,.T.);
#734=ORIENTED_EDGE('',*,*,#1131,.F.);
#735=ORIENTED_EDGE('',*,*,#1358,.F.);
#736=ORIENTED_EDGE('',*,*,#1246,.F.);
#737=ORIENTED_EDGE('',*,*,#1357,.T.);
#738=ORIENTED_EDGE('',*,*,#1318,.F.);
#739=ORIENTED_EDGE('',*,*,#1359,.F.);
#740=ORIENTED_EDGE('',*,*,#1138,.F.);
#741=ORIENTED_EDGE('',*,*,#1358,.T.);
#742=ORIENTED_EDGE('',*,*,#1130,.F.);
#743=ORIENTED_EDGE('',*,*,#1360,.F.);
#744=ORIENTED_EDGE('',*,*,#1336,.F.);
#745=ORIENTED_EDGE('',*,*,#1359,.T.);
#746=ORIENTED_EDGE('',*,*,#1254,.F.);
#747=ORIENTED_EDGE('',*,*,#1361,.F.);
#748=ORIENTED_EDGE('',*,*,#1127,.F.);
#749=ORIENTED_EDGE('',*,*,#1360,.T.);
#750=ORIENTED_EDGE('',*,*,#1129,.F.);
#751=ORIENTED_EDGE('',*,*,#1362,.F.);
#752=ORIENTED_EDGE('',*,*,#1250,.F.);
#753=ORIENTED_EDGE('',*,*,#1361,.T.);
#754=ORIENTED_EDGE('',*,*,#1316,.F.);
#755=ORIENTED_EDGE('',*,*,#1362,.T.);
#756=ORIENTED_EDGE('',*,*,#1128,.F.);
#757=ORIENTED_EDGE('',*,*,#1363,.F.);
#758=ORIENTED_EDGE('',*,*,#1310,.F.);
#759=ORIENTED_EDGE('',*,*,#1364,.F.);
#760=ORIENTED_EDGE('',*,*,#1280,.F.);
#761=ORIENTED_EDGE('',*,*,#1364,.T.);
#762=ORIENTED_EDGE('',*,*,#1309,.F.);
#763=ORIENTED_EDGE('',*,*,#1365,.F.);
#764=ORIENTED_EDGE('',*,*,#1321,.F.);
#765=ORIENTED_EDGE('',*,*,#1363,.T.);
#766=ORIENTED_EDGE('',*,*,#1333,.F.);
#767=ORIENTED_EDGE('',*,*,#1366,.F.);
#768=ORIENTED_EDGE('',*,*,#1311,.F.);
#769=ORIENTED_EDGE('',*,*,#1365,.T.);
#770=ORIENTED_EDGE('',*,*,#1308,.F.);
#771=ORIENTED_EDGE('',*,*,#1367,.F.);
#772=ORIENTED_EDGE('',*,*,#1300,.F.);
#773=ORIENTED_EDGE('',*,*,#1366,.T.);
#774=ORIENTED_EDGE('',*,*,#1284,.F.);
#775=ORIENTED_EDGE('',*,*,#1368,.F.);
#776=ORIENTED_EDGE('',*,*,#1312,.F.);
#777=ORIENTED_EDGE('',*,*,#1367,.T.);
#778=ORIENTED_EDGE('',*,*,#1307,.F.);
#779=ORIENTED_EDGE('',*,*,#1369,.F.);
#780=ORIENTED_EDGE('',*,*,#1319,.F.);
#781=ORIENTED_EDGE('',*,*,#1368,.T.);
#782=ORIENTED_EDGE('',*,*,#1325,.F.);
#783=ORIENTED_EDGE('',*,*,#1370,.F.);
#784=ORIENTED_EDGE('',*,*,#1313,.F.);
#785=ORIENTED_EDGE('',*,*,#1369,.T.);
#786=ORIENTED_EDGE('',*,*,#1306,.F.);
#787=ORIENTED_EDGE('',*,*,#1371,.F.);
#788=ORIENTED_EDGE('',*,*,#1296,.F.);
#789=ORIENTED_EDGE('',*,*,#1370,.T.);
#790=ORIENTED_EDGE('',*,*,#1288,.F.);
#791=ORIENTED_EDGE('',*,*,#1372,.F.);
#792=ORIENTED_EDGE('',*,*,#1314,.F.);
#793=ORIENTED_EDGE('',*,*,#1371,.T.);
#794=ORIENTED_EDGE('',*,*,#1305,.F.);
#795=ORIENTED_EDGE('',*,*,#1373,.F.);
#796=ORIENTED_EDGE('',*,*,#1337,.F.);
#797=ORIENTED_EDGE('',*,*,#1372,.T.);
#798=ORIENTED_EDGE('',*,*,#1323,.F.);
#799=ORIENTED_EDGE('',*,*,#1374,.F.);
#800=ORIENTED_EDGE('',*,*,#1303,.F.);
#801=ORIENTED_EDGE('',*,*,#1373,.T.);
#802=ORIENTED_EDGE('',*,*,#1304,.F.);
#803=ORIENTED_EDGE('',*,*,#1374,.T.);
#804=ORIENTED_EDGE('',*,*,#1292,.F.);
#805=ORIENTED_EDGE('',*,*,#1375,.F.);
#806=ORIENTED_EDGE('',*,*,#1274,.F.);
#807=ORIENTED_EDGE('',*,*,#1376,.F.);
#808=ORIENTED_EDGE('',*,*,#1260,.F.);
#809=ORIENTED_EDGE('',*,*,#1376,.T.);
#810=ORIENTED_EDGE('',*,*,#1273,.F.);
#811=ORIENTED_EDGE('',*,*,#1377,.F.);
#812=ORIENTED_EDGE('',*,*,#1331,.F.);
#813=ORIENTED_EDGE('',*,*,#1375,.T.);
#814=ORIENTED_EDGE('',*,*,#1329,.F.);
#815=ORIENTED_EDGE('',*,*,#1378,.F.);
#816=ORIENTED_EDGE('',*,*,#1275,.F.);
#817=ORIENTED_EDGE('',*,*,#1377,.T.);
#818=ORIENTED_EDGE('',*,*,#1272,.F.);
#819=ORIENTED_EDGE('',*,*,#1379,.F.);
#820=ORIENTED_EDGE('',*,*,#1256,.F.);
#821=ORIENTED_EDGE('',*,*,#1378,.T.);
#822=ORIENTED_EDGE('',*,*,#1264,.F.);
#823=ORIENTED_EDGE('',*,*,#1380,.F.);
#824=ORIENTED_EDGE('',*,*,#1276,.F.);
#825=ORIENTED_EDGE('',*,*,#1379,.T.);
#826=ORIENTED_EDGE('',*,*,#1271,.F.);
#827=ORIENTED_EDGE('',*,*,#1381,.F.);
#828=ORIENTED_EDGE('',*,*,#1317,.F.);
#829=ORIENTED_EDGE('',*,*,#1380,.T.);
#830=ORIENTED_EDGE('',*,*,#1327,.F.);
#831=ORIENTED_EDGE('',*,*,#1382,.F.);
#832=ORIENTED_EDGE('',*,*,#1277,.F.);
#833=ORIENTED_EDGE('',*,*,#1381,.T.);
#834=ORIENTED_EDGE('',*,*,#1270,.F.);
#835=ORIENTED_EDGE('',*,*,#1383,.F.);
#836=ORIENTED_EDGE('',*,*,#1252,.F.);
#837=ORIENTED_EDGE('',*,*,#1382,.T.);
#838=ORIENTED_EDGE('',*,*,#1244,.F.);
#839=ORIENTED_EDGE('',*,*,#1384,.F.);
#840=ORIENTED_EDGE('',*,*,#1278,.F.);
#841=ORIENTED_EDGE('',*,*,#1383,.T.);
#842=ORIENTED_EDGE('',*,*,#1269,.F.);
#843=ORIENTED_EDGE('',*,*,#1385,.F.);
#844=ORIENTED_EDGE('',*,*,#1315,.F.);
#845=ORIENTED_EDGE('',*,*,#1384,.T.);
#846=ORIENTED_EDGE('',*,*,#1335,.F.);
#847=ORIENTED_EDGE('',*,*,#1386,.F.);
#848=ORIENTED_EDGE('',*,*,#1267,.F.);
#849=ORIENTED_EDGE('',*,*,#1385,.T.);
#850=ORIENTED_EDGE('',*,*,#1268,.F.);
#851=ORIENTED_EDGE('',*,*,#1386,.T.);
#852=ORIENTED_EDGE('',*,*,#1248,.F.);
#853=ORIENTED_EDGE('',*,*,#1114,.F.);
#854=ORIENTED_EDGE('',*,*,#1387,.T.);
#855=ORIENTED_EDGE('',*,*,#1215,.F.);
#856=ORIENTED_EDGE('',*,*,#1105,.F.);
#857=ORIENTED_EDGE('',*,*,#1223,.F.);
#858=ORIENTED_EDGE('',*,*,#1388,.T.);
#859=ORIENTED_EDGE('',*,*,#1227,.F.);
#860=ORIENTED_EDGE('',*,*,#1063,.F.);
#861=ORIENTED_EDGE('',*,*,#1226,.F.);
#862=ORIENTED_EDGE('',*,*,#1389,.T.);
#863=ORIENTED_EDGE('',*,*,#1221,.F.);
#864=ORIENTED_EDGE('',*,*,#1061,.F.);
#865=ORIENTED_EDGE('',*,*,#1220,.F.);
#866=ORIENTED_EDGE('',*,*,#1390,.T.);
#867=ORIENTED_EDGE('',*,*,#1224,.F.);
#868=ORIENTED_EDGE('',*,*,#1059,.F.);
#869=ORIENTED_EDGE('',*,*,#1074,.F.);
#870=ORIENTED_EDGE('',*,*,#1391,.T.);
#871=ORIENTED_EDGE('',*,*,#1218,.F.);
#872=ORIENTED_EDGE('',*,*,#1057,.F.);
#873=ORIENTED_EDGE('',*,*,#1214,.F.);
#874=ORIENTED_EDGE('',*,*,#1392,.T.);
#875=ORIENTED_EDGE('',*,*,#1072,.F.);
#876=ORIENTED_EDGE('',*,*,#1109,.F.);
#877=ORIENTED_EDGE('',*,*,#1217,.F.);
#878=ORIENTED_EDGE('',*,*,#1393,.T.);
#879=ORIENTED_EDGE('',*,*,#1212,.F.);
#880=ORIENTED_EDGE('',*,*,#1107,.F.);
#881=ORIENTED_EDGE('',*,*,#1242,.F.);
#882=ORIENTED_EDGE('',*,*,#1076,.F.);
#883=ORIENTED_EDGE('',*,*,#1241,.F.);
#884=ORIENTED_EDGE('',*,*,#1179,.F.);
#885=ORIENTED_EDGE('',*,*,#1237,.F.);
#886=ORIENTED_EDGE('',*,*,#1228,.F.);
#887=ORIENTED_EDGE('',*,*,#1394,.F.);
#888=ORIENTED_EDGE('',*,*,#1146,.F.);
#889=ORIENTED_EDGE('',*,*,#1394,.T.);
#890=ORIENTED_EDGE('',*,*,#1388,.F.);
#891=ORIENTED_EDGE('',*,*,#1395,.F.);
#892=ORIENTED_EDGE('',*,*,#1147,.F.);
#893=ORIENTED_EDGE('',*,*,#1395,.T.);
#894=ORIENTED_EDGE('',*,*,#1222,.F.);
#895=ORIENTED_EDGE('',*,*,#1396,.F.);
#896=ORIENTED_EDGE('',*,*,#1148,.F.);
#897=ORIENTED_EDGE('',*,*,#1396,.T.);
#898=ORIENTED_EDGE('',*,*,#1389,.F.);
#899=ORIENTED_EDGE('',*,*,#1397,.F.);
#900=ORIENTED_EDGE('',*,*,#1149,.F.);
#901=ORIENTED_EDGE('',*,*,#1397,.T.);
#902=ORIENTED_EDGE('',*,*,#1225,.F.);
#903=ORIENTED_EDGE('',*,*,#1398,.F.);
#904=ORIENTED_EDGE('',*,*,#1150,.F.);
#905=ORIENTED_EDGE('',*,*,#1398,.T.);
#906=ORIENTED_EDGE('',*,*,#1390,.F.);
#907=ORIENTED_EDGE('',*,*,#1399,.F.);
#908=ORIENTED_EDGE('',*,*,#1151,.F.);
#909=ORIENTED_EDGE('',*,*,#1399,.T.);
#910=ORIENTED_EDGE('',*,*,#1219,.F.);
#911=ORIENTED_EDGE('',*,*,#1400,.F.);
#912=ORIENTED_EDGE('',*,*,#1152,.F.);
#913=ORIENTED_EDGE('',*,*,#1400,.T.);
#914=ORIENTED_EDGE('',*,*,#1391,.F.);
#915=ORIENTED_EDGE('',*,*,#1401,.F.);
#916=ORIENTED_EDGE('',*,*,#1153,.F.);
#917=ORIENTED_EDGE('',*,*,#1401,.T.);
#918=ORIENTED_EDGE('',*,*,#1073,.F.);
#919=ORIENTED_EDGE('',*,*,#1402,.F.);
#920=ORIENTED_EDGE('',*,*,#1154,.F.);
#921=ORIENTED_EDGE('',*,*,#1402,.T.);
#922=ORIENTED_EDGE('',*,*,#1392,.F.);
#923=ORIENTED_EDGE('',*,*,#1403,.F.);
#924=ORIENTED_EDGE('',*,*,#1155,.F.);
#925=ORIENTED_EDGE('',*,*,#1403,.T.);
#926=ORIENTED_EDGE('',*,*,#1213,.F.);
#927=ORIENTED_EDGE('',*,*,#1404,.F.);
#928=ORIENTED_EDGE('',*,*,#1156,.F.);
#929=ORIENTED_EDGE('',*,*,#1404,.T.);
#930=ORIENTED_EDGE('',*,*,#1393,.F.);
#931=ORIENTED_EDGE('',*,*,#1405,.F.);
#932=ORIENTED_EDGE('',*,*,#1157,.F.);
#933=ORIENTED_EDGE('',*,*,#1405,.T.);
#934=ORIENTED_EDGE('',*,*,#1216,.F.);
#935=ORIENTED_EDGE('',*,*,#1406,.F.);
#936=ORIENTED_EDGE('',*,*,#1158,.F.);
#937=ORIENTED_EDGE('',*,*,#1406,.T.);
#938=ORIENTED_EDGE('',*,*,#1387,.F.);
#939=ORIENTED_EDGE('',*,*,#1407,.F.);
#940=ORIENTED_EDGE('',*,*,#1139,.F.);
#941=ORIENTED_EDGE('',*,*,#1233,.F.);
#942=ORIENTED_EDGE('',*,*,#1140,.F.);
#943=ORIENTED_EDGE('',*,*,#1407,.T.);
#944=ORIENTED_EDGE('',*,*,#1113,.F.);
#945=ORIENTED_EDGE('',*,*,#1164,.F.);
#946=ORIENTED_EDGE('',*,*,#1052,.F.);
#947=ORIENTED_EDGE('',*,*,#1162,.F.);
#948=ORIENTED_EDGE('',*,*,#1095,.F.);
#949=ORIENTED_EDGE('',*,*,#1160,.F.);
#950=ORIENTED_EDGE('',*,*,#1053,.F.);
#951=ORIENTED_EDGE('',*,*,#1166,.F.);
#952=ORIENTED_EDGE('',*,*,#1096,.F.);
#953=ORIENTED_EDGE('',*,*,#1240,.F.);
#954=ORIENTED_EDGE('',*,*,#1408,.T.);
#955=ORIENTED_EDGE('',*,*,#1234,.F.);
#956=ORIENTED_EDGE('',*,*,#1144,.F.);
#957=ORIENTED_EDGE('',*,*,#1232,.F.);
#958=ORIENTED_EDGE('',*,*,#1409,.T.);
#959=ORIENTED_EDGE('',*,*,#1238,.F.);
#960=ORIENTED_EDGE('',*,*,#1142,.F.);
#961=ORIENTED_EDGE('',*,*,#1410,.F.);
#962=ORIENTED_EDGE('',*,*,#1172,.F.);
#963=ORIENTED_EDGE('',*,*,#1411,.F.);
#964=ORIENTED_EDGE('',*,*,#1198,.F.);
#965=ORIENTED_EDGE('',*,*,#1411,.T.);
#966=ORIENTED_EDGE('',*,*,#1170,.F.);
#967=ORIENTED_EDGE('',*,*,#1412,.F.);
#968=ORIENTED_EDGE('',*,*,#1199,.F.);
#969=ORIENTED_EDGE('',*,*,#1410,.T.);
#970=ORIENTED_EDGE('',*,*,#1197,.F.);
#971=ORIENTED_EDGE('',*,*,#1413,.F.);
#972=ORIENTED_EDGE('',*,*,#1174,.F.);
#973=ORIENTED_EDGE('',*,*,#1040,.F.);
#974=ORIENTED_EDGE('',*,*,#1236,.F.);
#975=ORIENTED_EDGE('',*,*,#1414,.F.);
#976=ORIENTED_EDGE('',*,*,#1167,.F.);
#977=ORIENTED_EDGE('',*,*,#1412,.T.);
#978=ORIENTED_EDGE('',*,*,#1168,.F.);
#979=ORIENTED_EDGE('',*,*,#1415,.F.);
#980=ORIENTED_EDGE('',*,*,#1200,.F.);
#981=ORIENTED_EDGE('',*,*,#1413,.T.);
#982=ORIENTED_EDGE('',*,*,#1196,.F.);
#983=ORIENTED_EDGE('',*,*,#1416,.F.);
#984=ORIENTED_EDGE('',*,*,#1176,.F.);
#985=ORIENTED_EDGE('',*,*,#1415,.T.);
#986=ORIENTED_EDGE('',*,*,#1414,.T.);
#987=ORIENTED_EDGE('',*,*,#1417,.F.);
#988=ORIENTED_EDGE('',*,*,#1416,.T.);
#989=ORIENTED_EDGE('',*,*,#1195,.F.);
#990=ORIENTED_EDGE('',*,*,#1418,.F.);
#991=ORIENTED_EDGE('',*,*,#1181,.F.);
#992=ORIENTED_EDGE('',*,*,#1417,.T.);
#993=ORIENTED_EDGE('',*,*,#1235,.F.);
#994=ORIENTED_EDGE('',*,*,#1419,.F.);
#995=ORIENTED_EDGE('',*,*,#1201,.F.);
#996=ORIENTED_EDGE('',*,*,#1418,.T.);
#997=ORIENTED_EDGE('',*,*,#1194,.F.);
#998=ORIENTED_EDGE('',*,*,#1420,.F.);
#999=ORIENTED_EDGE('',*,*,#1183,.F.);
#1000=ORIENTED_EDGE('',*,*,#1419,.T.);
#1001=ORIENTED_EDGE('',*,*,#1408,.F.);
#1002=ORIENTED_EDGE('',*,*,#1421,.F.);
#1003=ORIENTED_EDGE('',*,*,#1202,.F.);
#1004=ORIENTED_EDGE('',*,*,#1420,.T.);
#1005=ORIENTED_EDGE('',*,*,#1193,.F.);
#1006=ORIENTED_EDGE('',*,*,#1422,.F.);
#1007=ORIENTED_EDGE('',*,*,#1185,.F.);
#1008=ORIENTED_EDGE('',*,*,#1421,.T.);
#1009=ORIENTED_EDGE('',*,*,#1239,.F.);
#1010=ORIENTED_EDGE('',*,*,#1423,.F.);
#1011=ORIENTED_EDGE('',*,*,#1203,.F.);
#1012=ORIENTED_EDGE('',*,*,#1422,.T.);
#1013=ORIENTED_EDGE('',*,*,#1192,.F.);
#1014=ORIENTED_EDGE('',*,*,#1424,.F.);
#1015=ORIENTED_EDGE('',*,*,#1079,.F.);
#1016=ORIENTED_EDGE('',*,*,#1083,.F.);
#1017=ORIENTED_EDGE('',*,*,#1080,.F.);
#1018=ORIENTED_EDGE('',*,*,#1425,.F.);
#1019=ORIENTED_EDGE('',*,*,#1230,.F.);
#1020=ORIENTED_EDGE('',*,*,#1423,.T.);
#1021=ORIENTED_EDGE('',*,*,#1409,.F.);
#1022=ORIENTED_EDGE('',*,*,#1426,.F.);
#1023=ORIENTED_EDGE('',*,*,#1190,.F.);
#1024=ORIENTED_EDGE('',*,*,#1425,.T.);
#1025=ORIENTED_EDGE('',*,*,#1424,.T.);
#1026=ORIENTED_EDGE('',*,*,#1427,.F.);
#1027=ORIENTED_EDGE('',*,*,#1426,.T.);
#1028=ORIENTED_EDGE('',*,*,#1231,.F.);
#1029=ORIENTED_EDGE('',*,*,#1427,.T.);
#1030=ORIENTED_EDGE('',*,*,#1191,.F.);
#1031=ORIENTED_EDGE('',*,*,#1163,.F.);
#1032=ORIENTED_EDGE('',*,*,#1186,.F.);
#1033=ORIENTED_EDGE('',*,*,#1161,.F.);
#1034=ORIENTED_EDGE('',*,*,#1187,.F.);
#1035=ORIENTED_EDGE('',*,*,#1159,.F.);
#1036=ORIENTED_EDGE('',*,*,#1188,.F.);
#1037=ORIENTED_EDGE('',*,*,#1165,.F.);
#1038=ORIENTED_EDGE('',*,*,#1189,.F.);
#1039=EDGE_CURVE('',#1428,#1429,#1666,.T.);
#1040=EDGE_CURVE('',#1429,#1430,#1667,.T.);
#1041=EDGE_CURVE('',#1430,#1431,#1668,.T.);
#1042=EDGE_CURVE('',#1431,#1432,#112,.T.);
#1043=EDGE_CURVE('',#1433,#1432,#1669,.T.);
#1044=EDGE_CURVE('',#1433,#1434,#113,.T.);
#1045=EDGE_CURVE('',#1435,#1434,#1670,.T.);
#1046=EDGE_CURVE('',#1435,#1436,#1671,.T.);
#1047=EDGE_CURVE('',#1436,#1437,#1672,.T.);
#1048=EDGE_CURVE('',#1438,#1437,#114,.T.);
#1049=EDGE_CURVE('',#1438,#1439,#1673,.T.);
#1050=EDGE_CURVE('',#1440,#1439,#115,.T.);
#1051=EDGE_CURVE('',#1428,#1440,#1674,.T.);
#1052=EDGE_CURVE('',#1441,#1441,#116,.F.);
#1053=EDGE_CURVE('',#1442,#1442,#117,.F.);
#1054=EDGE_CURVE('',#1443,#1444,#1675,.T.);
#1055=EDGE_CURVE('',#1443,#1445,#1676,.T.);
#1056=EDGE_CURVE('',#1446,#1445,#1677,.T.);
#1057=EDGE_CURVE('',#1446,#1447,#118,.F.);
#1058=EDGE_CURVE('',#1448,#1447,#119,.F.);
#1059=EDGE_CURVE('',#1448,#1449,#120,.F.);
#1060=EDGE_CURVE('',#1450,#1449,#1678,.T.);
#1061=EDGE_CURVE('',#1450,#1451,#121,.F.);
#1062=EDGE_CURVE('',#1452,#1451,#122,.F.);
#1063=EDGE_CURVE('',#1452,#1453,#123,.F.);
#1064=EDGE_CURVE('',#1453,#1454,#1679,.T.);
#1065=EDGE_CURVE('',#1455,#1454,#1680,.T.);
#1066=EDGE_CURVE('',#1455,#1456,#1681,.T.);
#1067=EDGE_CURVE('',#1456,#1457,#124,.T.);
#1068=EDGE_CURVE('',#1458,#1457,#1682,.T.);
#1069=EDGE_CURVE('',#1458,#1444,#125,.T.);
#1070=EDGE_CURVE('',#1436,#1443,#1683,.T.);
#1071=EDGE_CURVE('',#1444,#1437,#1684,.T.);
#1072=EDGE_CURVE('',#1459,#1460,#1685,.T.);
#1073=EDGE_CURVE('',#1460,#1461,#1686,.T.);
#1074=EDGE_CURVE('',#1461,#1446,#1687,.F.);
#1075=EDGE_CURVE('',#1445,#1462,#1688,.T.);
#1076=EDGE_CURVE('',#1462,#1463,#126,.F.);
#1077=EDGE_CURVE('',#1464,#1463,#1689,.T.);
#1078=EDGE_CURVE('',#1464,#1459,#1690,.T.);
#1079=EDGE_CURVE('',#1465,#1466,#1691,.T.);
#1080=EDGE_CURVE('',#1466,#1467,#1692,.T.);
#1081=EDGE_CURVE('',#1468,#1467,#1693,.T.);
#1082=EDGE_CURVE('',#1465,#1468,#1694,.T.);
#1083=EDGE_CURVE('',#1467,#1469,#1695,.F.);
#1084=EDGE_CURVE('',#1470,#1469,#1696,.T.);
#1085=EDGE_CURVE('',#1471,#1470,#1697,.T.);
#1086=EDGE_CURVE('',#1472,#1471,#127,.T.);
#1087=EDGE_CURVE('',#1473,#1472,#1698,.T.);
#1088=EDGE_CURVE('',#1474,#1473,#128,.T.);
#1089=EDGE_CURVE('',#1474,#1475,#1699,.T.);
#1090=EDGE_CURVE('',#1476,#1475,#1700,.T.);
#1091=EDGE_CURVE('',#1477,#1476,#1701,.T.);
#1092=EDGE_CURVE('',#1477,#1478,#129,.T.);
#1093=EDGE_CURVE('',#1478,#1479,#1702,.T.);
#1094=EDGE_CURVE('',#1479,#1468,#130,.T.);
#1095=EDGE_CURVE('',#1480,#1480,#131,.F.);
#1096=EDGE_CURVE('',#1481,#1481,#132,.F.);
#1097=EDGE_CURVE('',#1482,#1464,#1703,.T.);
#1098=EDGE_CURVE('',#1483,#1482,#1704,.T.);
#1099=EDGE_CURVE('',#1483,#1484,#133,.T.);
#1100=EDGE_CURVE('',#1484,#1485,#1705,.T.);
#1101=EDGE_CURVE('',#1485,#1486,#134,.T.);
#1102=EDGE_CURVE('',#1486,#1487,#1706,.T.);
#1103=EDGE_CURVE('',#1487,#1488,#1707,.T.);
#1104=EDGE_CURVE('',#1489,#1488,#135,.F.);
#1105=EDGE_CURVE('',#1489,#1490,#136,.F.);
#1106=EDGE_CURVE('',#1490,#1491,#1708,.T.);
#1107=EDGE_CURVE('',#1491,#1492,#137,.F.);
#1108=EDGE_CURVE('',#1493,#1492,#138,.F.);
#1109=EDGE_CURVE('',#1493,#1459,#139,.F.);
#1110=EDGE_CURVE('',#1487,#1470,#1709,.T.);
#1111=EDGE_CURVE('',#1486,#1471,#1710,.T.);
#1112=EDGE_CURVE('',#1488,#1494,#1711,.F.);
#1113=EDGE_CURVE('',#1494,#1495,#140,.T.);
#1114=EDGE_CURVE('',#1495,#1489,#1712,.T.);
#1115=EDGE_CURVE('',#1496,#1497,#141,.T.);
#1116=EDGE_CURVE('',#1497,#1498,#1713,.T.);
#1117=EDGE_CURVE('',#1498,#1499,#142,.T.);
#1118=EDGE_CURVE('',#1499,#1500,#1714,.T.);
#1119=EDGE_CURVE('',#1500,#1501,#143,.F.);
#1120=EDGE_CURVE('',#1501,#1502,#1715,.T.);
#1121=EDGE_CURVE('',#1502,#1503,#144,.F.);
#1122=EDGE_CURVE('',#1503,#1504,#1716,.T.);
#1123=EDGE_CURVE('',#1504,#1505,#145,.F.);
#1124=EDGE_CURVE('',#1505,#1506,#1717,.T.);
#1125=EDGE_CURVE('',#1506,#1507,#146,.F.);
#1126=EDGE_CURVE('',#1507,#1496,#1718,.T.);
#1127=EDGE_CURVE('',#1508,#1509,#1719,.T.);
#1128=EDGE_CURVE('',#1509,#1510,#147,.F.);
#1129=EDGE_CURVE('',#1510,#1511,#1720,.T.);
#1130=EDGE_CURVE('',#1511,#1512,#148,.F.);
#1131=EDGE_CURVE('',#1512,#1513,#1721,.T.);
#1132=EDGE_CURVE('',#1513,#1514,#149,.T.);
#1133=EDGE_CURVE('',#1514,#1515,#1722,.T.);
#1134=EDGE_CURVE('',#1515,#1516,#150,.T.);
#1135=EDGE_CURVE('',#1516,#1517,#1723,.T.);
#1136=EDGE_CURVE('',#1517,#1518,#151,.F.);
#1137=EDGE_CURVE('',#1518,#1519,#1724,.T.);
#1138=EDGE_CURVE('',#1519,#1508,#152,.F.);
#1139=EDGE_CURVE('',#1520,#1521,#153,.T.);
#1140=EDGE_CURVE('',#1521,#1522,#154,.F.);
#1141=EDGE_CURVE('',#1522,#1523,#1725,.T.);
#1142=EDGE_CURVE('',#1523,#1524,#155,.F.);
#1143=EDGE_CURVE('',#1524,#1525,#1726,.T.);
#1144=EDGE_CURVE('',#1525,#1526,#156,.F.);
#1145=EDGE_CURVE('',#1527,#1526,#1727,.T.);
#1146=EDGE_CURVE('',#1527,#1528,#1728,.T.);
#1147=EDGE_CURVE('',#1528,#1529,#157,.T.);
#1148=EDGE_CURVE('',#1529,#1530,#158,.F.);
#1149=EDGE_CURVE('',#1530,#1531,#159,.T.);
#1150=EDGE_CURVE('',#1531,#1532,#1729,.T.);
#1151=EDGE_CURVE('',#1532,#1533,#160,.T.);
#1152=EDGE_CURVE('',#1533,#1534,#161,.F.);
#1153=EDGE_CURVE('',#1534,#1535,#162,.T.);
#1154=EDGE_CURVE('',#1535,#1536,#1730,.T.);
#1155=EDGE_CURVE('',#1536,#1537,#163,.T.);
#1156=EDGE_CURVE('',#1537,#1538,#164,.F.);
#1157=EDGE_CURVE('',#1538,#1539,#165,.T.);
#1158=EDGE_CURVE('',#1539,#1520,#1731,.T.);
#1159=EDGE_CURVE('',#1540,#1540,#166,.F.);
#1160=EDGE_CURVE('',#1541,#1541,#167,.T.);
#1161=EDGE_CURVE('',#1542,#1542,#168,.F.);
#1162=EDGE_CURVE('',#1543,#1543,#169,.T.);
#1163=EDGE_CURVE('',#1544,#1544,#170,.F.);
#1164=EDGE_CURVE('',#1545,#1545,#171,.T.);
#1165=EDGE_CURVE('',#1546,#1546,#172,.F.);
#1166=EDGE_CURVE('',#1547,#1547,#173,.T.);
#1167=EDGE_CURVE('',#1430,#1548,#1732,.T.);
#1168=EDGE_CURVE('',#1548,#1549,#1733,.T.);
#1169=EDGE_CURVE('',#1549,#1431,#1734,.T.);
#1170=EDGE_CURVE('',#1549,#1550,#174,.T.);
#1171=EDGE_CURVE('',#1550,#1432,#1735,.T.);
#1172=EDGE_CURVE('',#1550,#1551,#1736,.T.);
#1173=EDGE_CURVE('',#1551,#1433,#1737,.T.);
#1174=EDGE_CURVE('',#1551,#1552,#175,.T.);
#1175=EDGE_CURVE('',#1552,#1434,#1738,.T.);
#1176=EDGE_CURVE('',#1552,#1553,#1739,.T.);
#1177=EDGE_CURVE('',#1553,#1477,#1740,.T.);
#1178=EDGE_CURVE('',#1554,#1476,#1741,.T.);
#1179=EDGE_CURVE('',#1554,#1555,#176,.T.);
#1180=EDGE_CURVE('',#1555,#1435,#1742,.T.);
#1181=EDGE_CURVE('',#1553,#1556,#177,.T.);
#1182=EDGE_CURVE('',#1556,#1478,#1743,.T.);
#1183=EDGE_CURVE('',#1556,#1557,#1744,.T.);
#1184=EDGE_CURVE('',#1557,#1479,#1745,.T.);
#1185=EDGE_CURVE('',#1557,#1465,#178,.T.);
#1186=EDGE_CURVE('',#1558,#1558,#179,.T.);
#1187=EDGE_CURVE('',#1559,#1559,#180,.T.);
#1188=EDGE_CURVE('',#1560,#1560,#181,.T.);
#1189=EDGE_CURVE('',#1561,#1561,#182,.T.);
#1190=EDGE_CURVE('',#1562,#1563,#183,.T.);
#1191=EDGE_CURVE('',#1563,#1564,#1746,.T.);
#1192=EDGE_CURVE('',#1564,#1565,#1747,.T.);
#1193=EDGE_CURVE('',#1565,#1566,#184,.F.);
#1194=EDGE_CURVE('',#1566,#1567,#1748,.T.);
#1195=EDGE_CURVE('',#1567,#1568,#185,.F.);
#1196=EDGE_CURVE('',#1568,#1569,#1749,.T.);
#1197=EDGE_CURVE('',#1569,#1570,#186,.F.);
#1198=EDGE_CURVE('',#1570,#1571,#1750,.T.);
#1199=EDGE_CURVE('',#1571,#1572,#187,.F.);
#1200=EDGE_CURVE('',#1572,#1573,#1751,.T.);
#1201=EDGE_CURVE('',#1573,#1574,#1752,.T.);
#1202=EDGE_CURVE('',#1574,#1575,#188,.T.);
#1203=EDGE_CURVE('',#1575,#1562,#1753,.T.);
#1204=EDGE_CURVE('',#1475,#1482,#1754,.T.);
#1205=EDGE_CURVE('',#1483,#1474,#1755,.T.);
#1206=EDGE_CURVE('',#1484,#1473,#1756,.T.);
#1207=EDGE_CURVE('',#1485,#1472,#1757,.T.);
#1208=EDGE_CURVE('',#1455,#1428,#1758,.T.);
#1209=EDGE_CURVE('',#1456,#1440,#1759,.T.);
#1210=EDGE_CURVE('',#1457,#1439,#1760,.T.);
#1211=EDGE_CURVE('',#1458,#1438,#1761,.T.);
#1212=EDGE_CURVE('',#1492,#1576,#1762,.F.);
#1213=EDGE_CURVE('',#1576,#1577,#189,.T.);
#1214=EDGE_CURVE('',#1577,#1493,#1763,.T.);
#1215=EDGE_CURVE('',#1490,#1578,#1764,.F.);
#1216=EDGE_CURVE('',#1578,#1579,#1765,.T.);
#1217=EDGE_CURVE('',#1579,#1491,#1766,.T.);
#1218=EDGE_CURVE('',#1447,#1580,#1767,.F.);
#1219=EDGE_CURVE('',#1580,#1581,#190,.T.);
#1220=EDGE_CURVE('',#1581,#1448,#1768,.T.);
#1221=EDGE_CURVE('',#1451,#1582,#1769,.F.);
#1222=EDGE_CURVE('',#1582,#1583,#191,.T.);
#1223=EDGE_CURVE('',#1583,#1452,#1770,.T.);
#1224=EDGE_CURVE('',#1449,#1584,#1771,.T.);
#1225=EDGE_CURVE('',#1584,#1585,#1772,.T.);
#1226=EDGE_CURVE('',#1585,#1450,#1773,.F.);
#1227=EDGE_CURVE('',#1453,#1586,#1774,.F.);
#1228=EDGE_CURVE('',#1586,#1587,#1775,.T.);
#1229=EDGE_CURVE('',#1587,#1454,#1776,.T.);
#1230=EDGE_CURVE('',#1469,#1588,#1777,.T.);
#1231=EDGE_CURVE('',#1588,#1589,#1778,.T.);
#1232=EDGE_CURVE('',#1589,#1523,#1779,.T.);
#1233=EDGE_CURVE('',#1522,#1494,#61,.T.);
#1234=EDGE_CURVE('',#1526,#1590,#1780,.F.);
#1235=EDGE_CURVE('',#1590,#1591,#1781,.T.);
#1236=EDGE_CURVE('',#1591,#1429,#1782,.T.);
#1237=EDGE_CURVE('',#1587,#1527,#1783,.T.);
#1238=EDGE_CURVE('',#1524,#1592,#1784,.F.);
#1239=EDGE_CURVE('',#1592,#1593,#1785,.T.);
#1240=EDGE_CURVE('',#1593,#1525,#1786,.T.);
#1241=EDGE_CURVE('',#1555,#1462,#1787,.T.);
#1242=EDGE_CURVE('',#1463,#1554,#1788,.F.);
#1243=EDGE_CURVE('',#1594,#1595,#1789,.F.);
#1244=EDGE_CURVE('',#1595,#1596,#1790,.T.);
#1245=EDGE_CURVE('',#1596,#1597,#1791,.T.);
#1246=EDGE_CURVE('',#1597,#1594,#1792,.F.);
#1247=EDGE_CURVE('',#1598,#1599,#1793,.F.);
#1248=EDGE_CURVE('',#1599,#1600,#1794,.T.);
#1249=EDGE_CURVE('',#1600,#1601,#1795,.T.);
#1250=EDGE_CURVE('',#1601,#1598,#1796,.F.);
#1251=EDGE_CURVE('',#1602,#1603,#1797,.F.);
#1252=EDGE_CURVE('',#1603,#1604,#1798,.T.);
#1253=EDGE_CURVE('',#1604,#1605,#1799,.T.);
#1254=EDGE_CURVE('',#1605,#1602,#1800,.F.);
#1255=EDGE_CURVE('',#1606,#1607,#1801,.F.);
#1256=EDGE_CURVE('',#1607,#1608,#1802,.T.);
#1257=EDGE_CURVE('',#1608,#1609,#1803,.T.);
#1258=EDGE_CURVE('',#1609,#1606,#1804,.F.);
#1259=EDGE_CURVE('',#1610,#1611,#1805,.F.);
#1260=EDGE_CURVE('',#1611,#1612,#1806,.T.);
#1261=EDGE_CURVE('',#1612,#1613,#1807,.T.);
#1262=EDGE_CURVE('',#1613,#1610,#1808,.F.);
#1263=EDGE_CURVE('',#1614,#1615,#1809,.F.);
#1264=EDGE_CURVE('',#1615,#1616,#1810,.T.);
#1265=EDGE_CURVE('',#1616,#1617,#1811,.T.);
#1266=EDGE_CURVE('',#1617,#1614,#1812,.F.);
#1267=EDGE_CURVE('',#1618,#1619,#192,.T.);
#1268=EDGE_CURVE('',#1619,#1620,#1813,.T.);
#1269=EDGE_CURVE('',#1620,#1621,#193,.T.);
#1270=EDGE_CURVE('',#1621,#1622,#1814,.T.);
#1271=EDGE_CURVE('',#1622,#1623,#194,.T.);
#1272=EDGE_CURVE('',#1623,#1624,#1815,.T.);
#1273=EDGE_CURVE('',#1624,#1625,#195,.T.);
#1274=EDGE_CURVE('',#1625,#1626,#1816,.T.);
#1275=EDGE_CURVE('',#1626,#1627,#196,.F.);
#1276=EDGE_CURVE('',#1627,#1628,#1817,.T.);
#1277=EDGE_CURVE('',#1628,#1629,#197,.F.);
#1278=EDGE_CURVE('',#1629,#1618,#1818,.T.);
#1279=EDGE_CURVE('',#1630,#1631,#1819,.F.);
#1280=EDGE_CURVE('',#1631,#1632,#1820,.T.);
#1281=EDGE_CURVE('',#1632,#1633,#1821,.T.);
#1282=EDGE_CURVE('',#1633,#1630,#1822,.F.);
#1283=EDGE_CURVE('',#1634,#1635,#1823,.F.);
#1284=EDGE_CURVE('',#1635,#1636,#1824,.T.);
#1285=EDGE_CURVE('',#1636,#1637,#1825,.T.);
#1286=EDGE_CURVE('',#1637,#1634,#1826,.F.);
#1287=EDGE_CURVE('',#1638,#1639,#1827,.F.);
#1288=EDGE_CURVE('',#1639,#1640,#1828,.T.);
#1289=EDGE_CURVE('',#1640,#1641,#1829,.T.);
#1290=EDGE_CURVE('',#1641,#1638,#1830,.F.);
#1291=EDGE_CURVE('',#1642,#1643,#1831,.F.);
#1292=EDGE_CURVE('',#1643,#1644,#1832,.T.);
#1293=EDGE_CURVE('',#1644,#1645,#1833,.T.);
#1294=EDGE_CURVE('',#1645,#1642,#1834,.F.);
#1295=EDGE_CURVE('',#1646,#1647,#1835,.F.);
#1296=EDGE_CURVE('',#1647,#1648,#1836,.T.);
#1297=EDGE_CURVE('',#1648,#1649,#1837,.T.);
#1298=EDGE_CURVE('',#1649,#1646,#1838,.F.);
#1299=EDGE_CURVE('',#1650,#1651,#1839,.F.);
#1300=EDGE_CURVE('',#1651,#1652,#1840,.T.);
#1301=EDGE_CURVE('',#1652,#1653,#1841,.T.);
#1302=EDGE_CURVE('',#1653,#1650,#1842,.F.);
#1303=EDGE_CURVE('',#1654,#1655,#198,.F.);
#1304=EDGE_CURVE('',#1655,#1656,#1843,.T.);
#1305=EDGE_CURVE('',#1656,#1657,#199,.T.);
#1306=EDGE_CURVE('',#1657,#1658,#1844,.T.);
#1307=EDGE_CURVE('',#1658,#1659,#200,.T.);
#1308=EDGE_CURVE('',#1659,#1660,#1845,.T.);
#1309=EDGE_CURVE('',#1660,#1661,#201,.T.);
#1310=EDGE_CURVE('',#1661,#1662,#1846,.T.);
#1311=EDGE_CURVE('',#1662,#1663,#202,.T.);
#1312=EDGE_CURVE('',#1663,#1664,#1847,.T.);
#1313=EDGE_CURVE('',#1664,#1665,#203,.F.);
#1314=EDGE_CURVE('',#1665,#1654,#1848,.T.);
#1315=EDGE_CURVE('',#1604,#1599,#204,.F.);
#1316=EDGE_CURVE('',#1598,#1605,#205,.T.);
#1317=EDGE_CURVE('',#1608,#1603,#206,.F.);
#1318=EDGE_CURVE('',#1602,#1609,#207,.T.);
#1319=EDGE_CURVE('',#1652,#1647,#208,.F.);
#1320=EDGE_CURVE('',#1646,#1653,#209,.T.);
#1321=EDGE_CURVE('',#1632,#1651,#210,.F.);
#1322=EDGE_CURVE('',#1650,#1633,#211,.T.);
#1323=EDGE_CURVE('',#1644,#1639,#212,.T.);
#1324=EDGE_CURVE('',#1638,#1645,#213,.F.);
#1325=EDGE_CURVE('',#1640,#1635,#214,.T.);
#1326=EDGE_CURVE('',#1634,#1641,#215,.F.);
#1327=EDGE_CURVE('',#1596,#1615,#216,.T.);
#1328=EDGE_CURVE('',#1614,#1597,#217,.F.);
#1329=EDGE_CURVE('',#1616,#1611,#218,.T.);
#1330=EDGE_CURVE('',#1610,#1617,#219,.F.);
#1331=EDGE_CURVE('',#1612,#1607,#220,.F.);
#1332=EDGE_CURVE('',#1606,#1613,#221,.T.);
#1333=EDGE_CURVE('',#1636,#1631,#222,.F.);
#1334=EDGE_CURVE('',#1630,#1637,#223,.T.);
#1335=EDGE_CURVE('',#1600,#1595,#224,.F.);
#1336=EDGE_CURVE('',#1594,#1601,#225,.T.);
#1337=EDGE_CURVE('',#1648,#1643,#226,.F.);
#1338=EDGE_CURVE('',#1642,#1649,#227,.T.);
#1339=EDGE_CURVE('',#1650,#1503,#228,.T.);
#1340=EDGE_CURVE('',#1504,#1653,#229,.T.);
#1341=EDGE_CURVE('',#1505,#1646,#230,.T.);
#1342=EDGE_CURVE('',#1633,#1502,#231,.T.);
#1343=EDGE_CURVE('',#1506,#1649,#232,.T.);
#1344=EDGE_CURVE('',#1630,#1501,#233,.T.);
#1345=EDGE_CURVE('',#1507,#1642,#234,.T.);
#1346=EDGE_CURVE('',#1637,#1500,#235,.T.);
#1347=EDGE_CURVE('',#1496,#1645,#236,.T.);
#1348=EDGE_CURVE('',#1634,#1499,#237,.T.);
#1349=EDGE_CURVE('',#1497,#1638,#238,.T.);
#1350=EDGE_CURVE('',#1641,#1498,#239,.T.);
#1351=EDGE_CURVE('',#1617,#1515,#240,.T.);
#1352=EDGE_CURVE('',#1516,#1610,#241,.T.);
#1353=EDGE_CURVE('',#1517,#1613,#242,.T.);
#1354=EDGE_CURVE('',#1614,#1514,#243,.T.);
#1355=EDGE_CURVE('',#1518,#1606,#244,.T.);
#1356=EDGE_CURVE('',#1597,#1513,#245,.T.);
#1357=EDGE_CURVE('',#1519,#1609,#246,.T.);
#1358=EDGE_CURVE('',#1594,#1512,#247,.T.);
#1359=EDGE_CURVE('',#1508,#1602,#248,.T.);
#1360=EDGE_CURVE('',#1601,#1511,#249,.T.);
#1361=EDGE_CURVE('',#1509,#1605,#250,.T.);
#1362=EDGE_CURVE('',#1598,#1510,#251,.T.);
#1363=EDGE_CURVE('',#1662,#1631,#1849,.T.);
#1364=EDGE_CURVE('',#1632,#1661,#1850,.T.);
#1365=EDGE_CURVE('',#1651,#1660,#1851,.T.);
#1366=EDGE_CURVE('',#1663,#1636,#1852,.T.);
#1367=EDGE_CURVE('',#1652,#1659,#1853,.T.);
#1368=EDGE_CURVE('',#1664,#1635,#1854,.T.);
#1369=EDGE_CURVE('',#1647,#1658,#1855,.T.);
#1370=EDGE_CURVE('',#1665,#1640,#1856,.T.);
#1371=EDGE_CURVE('',#1648,#1657,#1857,.T.);
#1372=EDGE_CURVE('',#1654,#1639,#1858,.T.);
#1373=EDGE_CURVE('',#1643,#1656,#1859,.T.);
#1374=EDGE_CURVE('',#1655,#1644,#1860,.T.);
#1375=EDGE_CURVE('',#1626,#1611,#1861,.T.);
#1376=EDGE_CURVE('',#1612,#1625,#1862,.T.);
#1377=EDGE_CURVE('',#1607,#1624,#1863,.T.);
#1378=EDGE_CURVE('',#1627,#1616,#1864,.T.);
#1379=EDGE_CURVE('',#1608,#1623,#1865,.T.);
#1380=EDGE_CURVE('',#1628,#1615,#1866,.T.);
#1381=EDGE_CURVE('',#1603,#1622,#1867,.T.);
#1382=EDGE_CURVE('',#1629,#1596,#1868,.T.);
#1383=EDGE_CURVE('',#1604,#1621,#1869,.T.);
#1384=EDGE_CURVE('',#1618,#1595,#1870,.T.);
#1385=EDGE_CURVE('',#1599,#1620,#1871,.T.);
#1386=EDGE_CURVE('',#1619,#1600,#1872,.T.);
#1387=EDGE_CURVE('',#1495,#1578,#252,.F.);
#1388=EDGE_CURVE('',#1583,#1586,#253,.F.);
#1389=EDGE_CURVE('',#1585,#1582,#254,.F.);
#1390=EDGE_CURVE('',#1581,#1584,#255,.F.);
#1391=EDGE_CURVE('',#1461,#1580,#256,.F.);
#1392=EDGE_CURVE('',#1577,#1460,#257,.F.);
#1393=EDGE_CURVE('',#1579,#1576,#258,.F.);
#1394=EDGE_CURVE('',#1528,#1586,#1873,.T.);
#1395=EDGE_CURVE('',#1529,#1583,#1874,.T.);
#1396=EDGE_CURVE('',#1530,#1582,#1875,.T.);
#1397=EDGE_CURVE('',#1531,#1585,#1876,.T.);
#1398=EDGE_CURVE('',#1532,#1584,#1877,.T.);
#1399=EDGE_CURVE('',#1533,#1581,#1878,.T.);
#1400=EDGE_CURVE('',#1534,#1580,#1879,.T.);
#1401=EDGE_CURVE('',#1535,#1461,#1880,.T.);
#1402=EDGE_CURVE('',#1536,#1460,#1881,.T.);
#1403=EDGE_CURVE('',#1537,#1577,#1882,.T.);
#1404=EDGE_CURVE('',#1538,#1576,#1883,.T.);
#1405=EDGE_CURVE('',#1539,#1579,#1884,.T.);
#1406=EDGE_CURVE('',#1520,#1578,#1885,.T.);
#1407=EDGE_CURVE('',#1521,#1495,#1886,.T.);
#1408=EDGE_CURVE('',#1593,#1590,#259,.F.);
#1409=EDGE_CURVE('',#1589,#1592,#260,.F.);
#1410=EDGE_CURVE('',#1551,#1570,#1887,.T.);
#1411=EDGE_CURVE('',#1571,#1550,#1888,.T.);
#1412=EDGE_CURVE('',#1572,#1549,#1889,.T.);
#1413=EDGE_CURVE('',#1552,#1569,#1890,.T.);
#1414=EDGE_CURVE('',#1548,#1591,#1891,.T.);
#1415=EDGE_CURVE('',#1573,#1548,#1892,.T.);
#1416=EDGE_CURVE('',#1553,#1568,#1893,.T.);
#1417=EDGE_CURVE('',#1573,#1591,#1894,.T.);
#1418=EDGE_CURVE('',#1556,#1567,#1895,.T.);
#1419=EDGE_CURVE('',#1574,#1590,#1896,.T.);
#1420=EDGE_CURVE('',#1557,#1566,#1897,.T.);
#1421=EDGE_CURVE('',#1575,#1593,#1898,.T.);
#1422=EDGE_CURVE('',#1465,#1565,#1899,.T.);
#1423=EDGE_CURVE('',#1562,#1592,#1900,.T.);
#1424=EDGE_CURVE('',#1466,#1564,#1901,.T.);
#1425=EDGE_CURVE('',#1588,#1466,#1902,.F.);
#1426=EDGE_CURVE('',#1563,#1589,#1903,.T.);
#1427=EDGE_CURVE('',#1588,#1564,#1904,.F.);
#1428=VERTEX_POINT('',#3962);
#1429=VERTEX_POINT('',#3963);
#1430=VERTEX_POINT('',#3965);
#1431=VERTEX_POINT('',#3967);
#1432=VERTEX_POINT('',#3969);
#1433=VERTEX_POINT('',#3971);
#1434=VERTEX_POINT('',#3973);
#1435=VERTEX_POINT('',#3975);
#1436=VERTEX_POINT('',#3977);
#1437=VERTEX_POINT('',#3979);
#1438=VERTEX_POINT('',#3981);
#1439=VERTEX_POINT('',#3983);
#1440=VERTEX_POINT('',#3985);
#1441=VERTEX_POINT('',#3989);
#1442=VERTEX_POINT('',#3991);
#1443=VERTEX_POINT('',#3993);
#1444=VERTEX_POINT('',#3994);
#1445=VERTEX_POINT('',#3996);
#1446=VERTEX_POINT('',#3998);
#1447=VERTEX_POINT('',#4000);
#1448=VERTEX_POINT('',#4002);
#1449=VERTEX_POINT('',#4004);
#1450=VERTEX_POINT('',#4006);
#1451=VERTEX_POINT('',#4008);
#1452=VERTEX_POINT('',#4010);
#1453=VERTEX_POINT('',#4012);
#1454=VERTEX_POINT('',#4014);
#1455=VERTEX_POINT('',#4016);
#1456=VERTEX_POINT('',#4018);
#1457=VERTEX_POINT('',#4020);
#1458=VERTEX_POINT('',#4022);
#1459=VERTEX_POINT('',#4029);
#1460=VERTEX_POINT('',#4030);
#1461=VERTEX_POINT('',#4032);
#1462=VERTEX_POINT('',#4035);
#1463=VERTEX_POINT('',#4037);
#1464=VERTEX_POINT('',#4039);
#1465=VERTEX_POINT('',#4043);
#1466=VERTEX_POINT('',#4044);
#1467=VERTEX_POINT('',#4046);
#1468=VERTEX_POINT('',#4048);
#1469=VERTEX_POINT('',#4052);
#1470=VERTEX_POINT('',#4054);
#1471=VERTEX_POINT('',#4056);
#1472=VERTEX_POINT('',#4058);
#1473=VERTEX_POINT('',#4060);
#1474=VERTEX_POINT('',#4062);
#1475=VERTEX_POINT('',#4064);
#1476=VERTEX_POINT('',#4066);
#1477=VERTEX_POINT('',#4068);
#1478=VERTEX_POINT('',#4070);
#1479=VERTEX_POINT('',#4072);
#1480=VERTEX_POINT('',#4076);
#1481=VERTEX_POINT('',#4078);
#1482=VERTEX_POINT('',#4080);
#1483=VERTEX_POINT('',#4082);
#1484=VERTEX_POINT('',#4084);
#1485=VERTEX_POINT('',#4086);
#1486=VERTEX_POINT('',#4088);
#1487=VERTEX_POINT('',#4090);
#1488=VERTEX_POINT('',#4092);
#1489=VERTEX_POINT('',#4094);
#1490=VERTEX_POINT('',#4096);
#1491=VERTEX_POINT('',#4098);
#1492=VERTEX_POINT('',#4100);
#1493=VERTEX_POINT('',#4102);
#1494=VERTEX_POINT('',#4109);
#1495=VERTEX_POINT('',#4111);
#1496=VERTEX_POINT('',#4115);
#1497=VERTEX_POINT('',#4116);
#1498=VERTEX_POINT('',#4118);
#1499=VERTEX_POINT('',#4120);
#1500=VERTEX_POINT('',#4122);
#1501=VERTEX_POINT('',#4124);
#1502=VERTEX_POINT('',#4126);
#1503=VERTEX_POINT('',#4128);
#1504=VERTEX_POINT('',#4130);
#1505=VERTEX_POINT('',#4132);
#1506=VERTEX_POINT('',#4134);
#1507=VERTEX_POINT('',#4136);
#1508=VERTEX_POINT('',#4139);
#1509=VERTEX_POINT('',#4140);
#1510=VERTEX_POINT('',#4142);
#1511=VERTEX_POINT('',#4144);
#1512=VERTEX_POINT('',#4146);
#1513=VERTEX_POINT('',#4148);
#1514=VERTEX_POINT('',#4150);
#1515=VERTEX_POINT('',#4152);
#1516=VERTEX_POINT('',#4154);
#1517=VERTEX_POINT('',#4156);
#1518=VERTEX_POINT('',#4158);
#1519=VERTEX_POINT('',#4160);
#1520=VERTEX_POINT('',#4163);
#1521=VERTEX_POINT('',#4164);
#1522=VERTEX_POINT('',#4166);
#1523=VERTEX_POINT('',#4168);
#1524=VERTEX_POINT('',#4170);
#1525=VERTEX_POINT('',#4172);
#1526=VERTEX_POINT('',#4174);
#1527=VERTEX_POINT('',#4176);
#1528=VERTEX_POINT('',#4178);
#1529=VERTEX_POINT('',#4180);
#1530=VERTEX_POINT('',#4182);
#1531=VERTEX_POINT('',#4184);
#1532=VERTEX_POINT('',#4186);
#1533=VERTEX_POINT('',#4188);
#1534=VERTEX_POINT('',#4190);
#1535=VERTEX_POINT('',#4192);
#1536=VERTEX_POINT('',#4194);
#1537=VERTEX_POINT('',#4196);
#1538=VERTEX_POINT('',#4198);
#1539=VERTEX_POINT('',#4200);
#1540=VERTEX_POINT('',#4204);
#1541=VERTEX_POINT('',#4206);
#1542=VERTEX_POINT('',#4209);
#1543=VERTEX_POINT('',#4211);
#1544=VERTEX_POINT('',#4214);
#1545=VERTEX_POINT('',#4216);
#1546=VERTEX_POINT('',#4219);
#1547=VERTEX_POINT('',#4221);
#1548=VERTEX_POINT('',#4224);
#1549=VERTEX_POINT('',#4226);
#1550=VERTEX_POINT('',#4230);
#1551=VERTEX_POINT('',#4234);
#1552=VERTEX_POINT('',#4238);
#1553=VERTEX_POINT('',#4242);
#1554=VERTEX_POINT('',#4245);
#1555=VERTEX_POINT('',#4247);
#1556=VERTEX_POINT('',#4251);
#1557=VERTEX_POINT('',#4255);
#1558=VERTEX_POINT('',#4261);
#1559=VERTEX_POINT('',#4263);
#1560=VERTEX_POINT('',#4265);
#1561=VERTEX_POINT('',#4267);
#1562=VERTEX_POINT('',#4269);
#1563=VERTEX_POINT('',#4270);
#1564=VERTEX_POINT('',#4272);
#1565=VERTEX_POINT('',#4274);
#1566=VERTEX_POINT('',#4276);
#1567=VERTEX_POINT('',#4278);
#1568=VERTEX_POINT('',#4280);
#1569=VERTEX_POINT('',#4282);
#1570=VERTEX_POINT('',#4284);
#1571=VERTEX_POINT('',#4286);
#1572=VERTEX_POINT('',#4288);
#1573=VERTEX_POINT('',#4290);
#1574=VERTEX_POINT('',#4292);
#1575=VERTEX_POINT('',#4294);
#1576=VERTEX_POINT('',#4314);
#1577=VERTEX_POINT('',#4316);
#1578=VERTEX_POINT('',#4320);
#1579=VERTEX_POINT('',#4322);
#1580=VERTEX_POINT('',#4326);
#1581=VERTEX_POINT('',#4328);
#1582=VERTEX_POINT('',#4332);
#1583=VERTEX_POINT('',#4334);
#1584=VERTEX_POINT('',#4338);
#1585=VERTEX_POINT('',#4340);
#1586=VERTEX_POINT('',#4344);
#1587=VERTEX_POINT('',#4346);
#1588=VERTEX_POINT('',#4350);
#1589=VERTEX_POINT('',#4352);
#1590=VERTEX_POINT('',#4360);
#1591=VERTEX_POINT('',#4362);
#1592=VERTEX_POINT('',#4367);
#1593=VERTEX_POINT('',#4369);
#1594=VERTEX_POINT('',#4377);
#1595=VERTEX_POINT('',#4378);
#1596=VERTEX_POINT('',#4380);
#1597=VERTEX_POINT('',#4382);
#1598=VERTEX_POINT('',#4386);
#1599=VERTEX_POINT('',#4387);
#1600=VERTEX_POINT('',#4389);
#1601=VERTEX_POINT('',#4391);
#1602=VERTEX_POINT('',#4395);
#1603=VERTEX_POINT('',#4396);
#1604=VERTEX_POINT('',#4398);
#1605=VERTEX_POINT('',#4400);
#1606=VERTEX_POINT('',#4404);
#1607=VERTEX_POINT('',#4405);
#1608=VERTEX_POINT('',#4407);
#1609=VERTEX_POINT('',#4409);
#1610=VERTEX_POINT('',#4413);
#1611=VERTEX_POINT('',#4414);
#1612=VERTEX_POINT('',#4416);
#1613=VERTEX_POINT('',#4418);
#1614=VERTEX_POINT('',#4422);
#1615=VERTEX_POINT('',#4423);
#1616=VERTEX_POINT('',#4425);
#1617=VERTEX_POINT('',#4427);
#1618=VERTEX_POINT('',#4431);
#1619=VERTEX_POINT('',#4432);
#1620=VERTEX_POINT('',#4434);
#1621=VERTEX_POINT('',#4436);
#1622=VERTEX_POINT('',#4438);
#1623=VERTEX_POINT('',#4440);
#1624=VERTEX_POINT('',#4442);
#1625=VERTEX_POINT('',#4444);
#1626=VERTEX_POINT('',#4446);
#1627=VERTEX_POINT('',#4448);
#1628=VERTEX_POINT('',#4450);
#1629=VERTEX_POINT('',#4452);
#1630=VERTEX_POINT('',#4456);
#1631=VERTEX_POINT('',#4457);
#1632=VERTEX_POINT('',#4459);
#1633=VERTEX_POINT('',#4461);
#1634=VERTEX_POINT('',#4465);
#1635=VERTEX_POINT('',#4466);
#1636=VERTEX_POINT('',#4468);
#1637=VERTEX_POINT('',#4470);
#1638=VERTEX_POINT('',#4474);
#1639=VERTEX_POINT('',#4475);
#1640=VERTEX_POINT('',#4477);
#1641=VERTEX_POINT('',#4479);
#1642=VERTEX_POINT('',#4483);
#1643=VERTEX_POINT('',#4484);
#1644=VERTEX_POINT('',#4486);
#1645=VERTEX_POINT('',#4488);
#1646=VERTEX_POINT('',#4492);
#1647=VERTEX_POINT('',#4493);
#1648=VERTEX_POINT('',#4495);
#1649=VERTEX_POINT('',#4497);
#1650=VERTEX_POINT('',#4501);
#1651=VERTEX_POINT('',#4502);
#1652=VERTEX_POINT('',#4504);
#1653=VERTEX_POINT('',#4506);
#1654=VERTEX_POINT('',#4510);
#1655=VERTEX_POINT('',#4511);
#1656=VERTEX_POINT('',#4513);
#1657=VERTEX_POINT('',#4515);
#1658=VERTEX_POINT('',#4517);
#1659=VERTEX_POINT('',#4519);
#1660=VERTEX_POINT('',#4521);
#1661=VERTEX_POINT('',#4523);
#1662=VERTEX_POINT('',#4525);
#1663=VERTEX_POINT('',#4527);
#1664=VERTEX_POINT('',#4529);
#1665=VERTEX_POINT('',#4531);
#1666=LINE('',#3961,#1905);
#1667=LINE('',#3964,#1906);
#1668=LINE('',#3966,#1907);
#1669=LINE('',#3970,#1908);
#1670=LINE('',#3974,#1909);
#1671=LINE('',#3976,#1910);
#1672=LINE('',#3978,#1911);
#1673=LINE('',#3982,#1912);
#1674=LINE('',#3986,#1913);
#1675=LINE('',#3992,#1914);
#1676=LINE('',#3995,#1915);
#1677=LINE('',#3997,#1916);
#1678=LINE('',#4005,#1917);
#1679=LINE('',#4013,#1918);
#1680=LINE('',#4015,#1919);
#1681=LINE('',#4017,#1920);
#1682=LINE('',#4021,#1921);
#1683=LINE('',#4025,#1922);
#1684=LINE('',#4026,#1923);
#1685=LINE('',#4028,#1924);
#1686=LINE('',#4031,#1925);
#1687=LINE('',#4033,#1926);
#1688=LINE('',#4034,#1927);
#1689=LINE('',#4038,#1928);
#1690=LINE('',#4040,#1929);
#1691=LINE('',#4042,#1930);
#1692=LINE('',#4045,#1931);
#1693=LINE('',#4047,#1932);
#1694=LINE('',#4049,#1933);
#1695=LINE('',#4051,#1934);
#1696=LINE('',#4053,#1935);
#1697=LINE('',#4055,#1936);
#1698=LINE('',#4059,#1937);
#1699=LINE('',#4063,#1938);
#1700=LINE('',#4065,#1939);
#1701=LINE('',#4067,#1940);
#1702=LINE('',#4071,#1941);
#1703=LINE('',#4079,#1942);
#1704=LINE('',#4081,#1943);
#1705=LINE('',#4085,#1944);
#1706=LINE('',#4089,#1945);
#1707=LINE('',#4091,#1946);
#1708=LINE('',#4097,#1947);
#1709=LINE('',#4105,#1948);
#1710=LINE('',#4106,#1949);
#1711=LINE('',#4108,#1950);
#1712=LINE('',#4112,#1951);
#1713=LINE('',#4117,#1952);
#1714=LINE('',#4121,#1953);
#1715=LINE('',#4125,#1954);
#1716=LINE('',#4129,#1955);
#1717=LINE('',#4133,#1956);
#1718=LINE('',#4137,#1957);
#1719=LINE('',#4138,#1958);
#1720=LINE('',#4143,#1959);
#1721=LINE('',#4147,#1960);
#1722=LINE('',#4151,#1961);
#1723=LINE('',#4155,#1962);
#1724=LINE('',#4159,#1963);
#1725=LINE('',#4167,#1964);
#1726=LINE('',#4171,#1965);
#1727=LINE('',#4175,#1966);
#1728=LINE('',#4177,#1967);
#1729=LINE('',#4185,#1968);
#1730=LINE('',#4193,#1969);
#1731=LINE('',#4201,#1970);
#1732=LINE('',#4223,#1971);
#1733=LINE('',#4225,#1972);
#1734=LINE('',#4227,#1973);
#1735=LINE('',#4231,#1974);
#1736=LINE('',#4233,#1975);
#1737=LINE('',#4235,#1976);
#1738=LINE('',#4239,#1977);
#1739=LINE('',#4241,#1978);
#1740=LINE('',#4243,#1979);
#1741=LINE('',#4244,#1980);
#1742=LINE('',#4248,#1981);
#1743=LINE('',#4252,#1982);
#1744=LINE('',#4254,#1983);
#1745=LINE('',#4256,#1984);
#1746=LINE('',#4271,#1985);
#1747=LINE('',#4273,#1986);
#1748=LINE('',#4277,#1987);
#1749=LINE('',#4281,#1988);
#1750=LINE('',#4285,#1989);
#1751=LINE('',#4289,#1990);
#1752=LINE('',#4291,#1991);
#1753=LINE('',#4295,#1992);
#1754=LINE('',#4297,#1993);
#1755=LINE('',#4298,#1994);
#1756=LINE('',#4300,#1995);
#1757=LINE('',#4302,#1996);
#1758=LINE('',#4305,#1997);
#1759=LINE('',#4306,#1998);
#1760=LINE('',#4308,#1999);
#1761=LINE('',#4310,#2000);
#1762=LINE('',#4313,#2001);
#1763=LINE('',#4317,#2002);
#1764=LINE('',#4319,#2003);
#1765=LINE('',#4321,#2004);
#1766=LINE('',#4323,#2005);
#1767=LINE('',#4325,#2006);
#1768=LINE('',#4329,#2007);
#1769=LINE('',#4331,#2008);
#1770=LINE('',#4335,#2009);
#1771=LINE('',#4337,#2010);
#1772=LINE('',#4339,#2011);
#1773=LINE('',#4341,#2012);
#1774=LINE('',#4343,#2013);
#1775=LINE('',#4345,#2014);
#1776=LINE('',#4347,#2015);
#1777=LINE('',#4349,#2016);
#1778=LINE('',#4351,#2017);
#1779=LINE('',#4353,#2018);
#1780=LINE('',#4359,#2019);
#1781=LINE('',#4361,#2020);
#1782=LINE('',#4363,#2021);
#1783=LINE('',#4364,#2022);
#1784=LINE('',#4366,#2023);
#1785=LINE('',#4368,#2024);
#1786=LINE('',#4370,#2025);
#1787=LINE('',#4372,#2026);
#1788=LINE('',#4374,#2027);
#1789=LINE('',#4376,#2028);
#1790=LINE('',#4379,#2029);
#1791=LINE('',#4381,#2030);
#1792=LINE('',#4383,#2031);
#1793=LINE('',#4385,#2032);
#1794=LINE('',#4388,#2033);
#1795=LINE('',#4390,#2034);
#1796=LINE('',#4392,#2035);
#1797=LINE('',#4394,#2036);
#1798=LINE('',#4397,#2037);
#1799=LINE('',#4399,#2038);
#1800=LINE('',#4401,#2039);
#1801=LINE('',#4403,#2040);
#1802=LINE('',#4406,#2041);
#1803=LINE('',#4408,#2042);
#1804=LINE('',#4410,#2043);
#1805=LINE('',#4412,#2044);
#1806=LINE('',#4415,#2045);
#1807=LINE('',#4417,#2046);
#1808=LINE('',#4419,#2047);
#1809=LINE('',#4421,#2048);
#1810=LINE('',#4424,#2049);
#1811=LINE('',#4426,#2050);
#1812=LINE('',#4428,#2051);
#1813=LINE('',#4433,#2052);
#1814=LINE('',#4437,#2053);
#1815=LINE('',#4441,#2054);
#1816=LINE('',#4445,#2055);
#1817=LINE('',#4449,#2056);
#1818=LINE('',#4453,#2057);
#1819=LINE('',#4455,#2058);
#1820=LINE('',#4458,#2059);
#1821=LINE('',#4460,#2060);
#1822=LINE('',#4462,#2061);
#1823=LINE('',#4464,#2062);
#1824=LINE('',#4467,#2063);
#1825=LINE('',#4469,#2064);
#1826=LINE('',#4471,#2065);
#1827=LINE('',#4473,#2066);
#1828=LINE('',#4476,#2067);
#1829=LINE('',#4478,#2068);
#1830=LINE('',#4480,#2069);
#1831=LINE('',#4482,#2070);
#1832=LINE('',#4485,#2071);
#1833=LINE('',#4487,#2072);
#1834=LINE('',#4489,#2073);
#1835=LINE('',#4491,#2074);
#1836=LINE('',#4494,#2075);
#1837=LINE('',#4496,#2076);
#1838=LINE('',#4498,#2077);
#1839=LINE('',#4500,#2078);
#1840=LINE('',#4503,#2079);
#1841=LINE('',#4505,#2080);
#1842=LINE('',#4507,#2081);
#1843=LINE('',#4512,#2082);
#1844=LINE('',#4516,#2083);
#1845=LINE('',#4520,#2084);
#1846=LINE('',#4524,#2085);
#1847=LINE('',#4528,#2086);
#1848=LINE('',#4532,#2087);
#1849=LINE('',#4618,#2088);
#1850=LINE('',#4619,#2089);
#1851=LINE('',#4621,#2090);
#1852=LINE('',#4623,#2091);
#1853=LINE('',#4625,#2092);
#1854=LINE('',#4627,#2093);
#1855=LINE('',#4629,#2094);
#1856=LINE('',#4631,#2095);
#1857=LINE('',#4633,#2096);
#1858=LINE('',#4635,#2097);
#1859=LINE('',#4637,#2098);
#1860=LINE('',#4639,#2099);
#1861=LINE('',#4642,#2100);
#1862=LINE('',#4643,#2101);
#1863=LINE('',#4645,#2102);
#1864=LINE('',#4647,#2103);
#1865=LINE('',#4649,#2104);
#1866=LINE('',#4651,#2105);
#1867=LINE('',#4653,#2106);
#1868=LINE('',#4655,#2107);
#1869=LINE('',#4657,#2108);
#1870=LINE('',#4659,#2109);
#1871=LINE('',#4661,#2110);
#1872=LINE('',#4663,#2111);
#1873=LINE('',#4681,#2112);
#1874=LINE('',#4683,#2113);
#1875=LINE('',#4685,#2114);
#1876=LINE('',#4687,#2115);
#1877=LINE('',#4689,#2116);
#1878=LINE('',#4691,#2117);
#1879=LINE('',#4693,#2118);
#1880=LINE('',#4695,#2119);
#1881=LINE('',#4697,#2120);
#1882=LINE('',#4699,#2121);
#1883=LINE('',#4701,#2122);
#1884=LINE('',#4703,#2123);
#1885=LINE('',#4705,#2124);
#1886=LINE('',#4707,#2125);
#1887=LINE('',#4718,#2126);
#1888=LINE('',#4719,#2127);
#1889=LINE('',#4721,#2128);
#1890=LINE('',#4723,#2129);
#1891=LINE('',#4725,#2130);
#1892=LINE('',#4727,#2131);
#1893=LINE('',#4729,#2132);
#1894=LINE('',#4731,#2133);
#1895=LINE('',#4733,#2134);
#1896=LINE('',#4735,#2135);
#1897=LINE('',#4737,#2136);
#1898=LINE('',#4739,#2137);
#1899=LINE('',#4741,#2138);
#1900=LINE('',#4743,#2139);
#1901=LINE('',#4745,#2140);
#1902=LINE('',#4747,#2141);
#1903=LINE('',#4749,#2142);
#1904=LINE('',#4751,#2143);
#1905=VECTOR('',#3090,1000.);
#1906=VECTOR('',#3091,1000.);
#1907=VECTOR('',#3092,1000.);
#1908=VECTOR('',#3095,1000.);
#1909=VECTOR('',#3098,1000.);
#1910=VECTOR('',#3099,1000.);
#1911=VECTOR('',#3100,1000.);
#1912=VECTOR('',#3103,1000.);
#1913=VECTOR('',#3106,1000.);
#1914=VECTOR('',#3113,1000.);
#1915=VECTOR('',#3114,1000.);
#1916=VECTOR('',#3115,1000.);
#1917=VECTOR('',#3122,1000.);
#1918=VECTOR('',#3129,1000.);
#1919=VECTOR('',#3130,1000.);
#1920=VECTOR('',#3131,1000.);
#1921=VECTOR('',#3134,1000.);
#1922=VECTOR('',#3139,1000.);
#1923=VECTOR('',#3140,1000.);
#1924=VECTOR('',#3143,1000.);
#1925=VECTOR('',#3144,1000.);
#1926=VECTOR('',#3145,1000.);
#1927=VECTOR('',#3146,1000.);
#1928=VECTOR('',#3149,1000.);
#1929=VECTOR('',#3150,1000.);
#1930=VECTOR('',#3153,1000.);
#1931=VECTOR('',#3154,1000.);
#1932=VECTOR('',#3155,1000.);
#1933=VECTOR('',#3156,1000.);
#1934=VECTOR('',#3159,1000.);
#1935=VECTOR('',#3160,1000.);
#1936=VECTOR('',#3161,1000.);
#1937=VECTOR('',#3164,1000.);
#1938=VECTOR('',#3167,1000.);
#1939=VECTOR('',#3168,1000.);
#1940=VECTOR('',#3169,1000.);
#1941=VECTOR('',#3172,1000.);
#1942=VECTOR('',#3181,1000.);
#1943=VECTOR('',#3182,1000.);
#1944=VECTOR('',#3185,1000.);
#1945=VECTOR('',#3188,1000.);
#1946=VECTOR('',#3189,1000.);
#1947=VECTOR('',#3194,1000.);
#1948=VECTOR('',#3203,1000.);
#1949=VECTOR('',#3204,1000.);
#1950=VECTOR('',#3207,1000.);
#1951=VECTOR('',#3210,1000.);
#1952=VECTOR('',#3215,1000.);
#1953=VECTOR('',#3218,1000.);
#1954=VECTOR('',#3221,1000.);
#1955=VECTOR('',#3224,1000.);
#1956=VECTOR('',#3227,1000.);
#1957=VECTOR('',#3230,1000.);
#1958=VECTOR('',#3231,1000.);
#1959=VECTOR('',#3234,1000.);
#1960=VECTOR('',#3237,1000.);
#1961=VECTOR('',#3240,1000.);
#1962=VECTOR('',#3243,1000.);
#1963=VECTOR('',#3246,1000.);
#1964=VECTOR('',#3253,1000.);
#1965=VECTOR('',#3256,1000.);
#1966=VECTOR('',#3259,1000.);
#1967=VECTOR('',#3260,1000.);
#1968=VECTOR('',#3267,1000.);
#1969=VECTOR('',#3274,1000.);
#1970=VECTOR('',#3281,1000.);
#1971=VECTOR('',#3308,1000.);
#1972=VECTOR('',#3309,1000.);
#1973=VECTOR('',#3310,1000.);
#1974=VECTOR('',#3315,1000.);
#1975=VECTOR('',#3318,1000.);
#1976=VECTOR('',#3319,1000.);
#1977=VECTOR('',#3324,1000.);
#1978=VECTOR('',#3327,1000.);
#1979=VECTOR('',#3328,1000.);
#1980=VECTOR('',#3329,1000.);
#1981=VECTOR('',#3332,1000.);
#1982=VECTOR('',#3337,1000.);
#1983=VECTOR('',#3340,1000.);
#1984=VECTOR('',#3341,1000.);
#1985=VECTOR('',#3358,1000.);
#1986=VECTOR('',#3359,1000.);
#1987=VECTOR('',#3362,1000.);
#1988=VECTOR('',#3365,1000.);
#1989=VECTOR('',#3368,1000.);
#1990=VECTOR('',#3371,1000.);
#1991=VECTOR('',#3372,1000.);
#1992=VECTOR('',#3375,1000.);
#1993=VECTOR('',#3378,1000.);
#1994=VECTOR('',#3379,1000.);
#1995=VECTOR('',#3382,1000.);
#1996=VECTOR('',#3385,1000.);
#1997=VECTOR('',#3390,1000.);
#1998=VECTOR('',#3391,1000.);
#1999=VECTOR('',#3394,1000.);
#2000=VECTOR('',#3397,1000.);
#2001=VECTOR('',#3402,1000.);
#2002=VECTOR('',#3405,1000.);
#2003=VECTOR('',#3408,1000.);
#2004=VECTOR('',#3409,1000.);
#2005=VECTOR('',#3410,1000.);
#2006=VECTOR('',#3413,1000.);
#2007=VECTOR('',#3416,1000.);
#2008=VECTOR('',#3419,1000.);
#2009=VECTOR('',#3422,1000.);
#2010=VECTOR('',#3425,1000.);
#2011=VECTOR('',#3426,1000.);
#2012=VECTOR('',#3427,1000.);
#2013=VECTOR('',#3430,1000.);
#2014=VECTOR('',#3431,1000.);
#2015=VECTOR('',#3432,1000.);
#2016=VECTOR('',#3435,1000.);
#2017=VECTOR('',#3436,1000.);
#2018=VECTOR('',#3437,1000.);
#2019=VECTOR('',#3440,1000.);
#2020=VECTOR('',#3441,1000.);
#2021=VECTOR('',#3442,1000.);
#2022=VECTOR('',#3443,1000.);
#2023=VECTOR('',#3446,1000.);
#2024=VECTOR('',#3447,1000.);
#2025=VECTOR('',#3448,1000.);
#2026=VECTOR('',#3451,1000.);
#2027=VECTOR('',#3454,1000.);
#2028=VECTOR('',#3457,1000.);
#2029=VECTOR('',#3458,1000.);
#2030=VECTOR('',#3459,1000.);
#2031=VECTOR('',#3460,1000.);
#2032=VECTOR('',#3463,1000.);
#2033=VECTOR('',#3464,1000.);
#2034=VECTOR('',#3465,1000.);
#2035=VECTOR('',#3466,1000.);
#2036=VECTOR('',#3469,1000.);
#2037=VECTOR('',#3470,1000.);
#2038=VECTOR('',#3471,1000.);
#2039=VECTOR('',#3472,1000.);
#2040=VECTOR('',#3475,1000.);
#2041=VECTOR('',#3476,1000.);
#2042=VECTOR('',#3477,1000.);
#2043=VECTOR('',#3478,1000.);
#2044=VECTOR('',#3481,1000.);
#2045=VECTOR('',#3482,1000.);
#2046=VECTOR('',#3483,1000.);
#2047=VECTOR('',#3484,1000.);
#2048=VECTOR('',#3487,1000.);
#2049=VECTOR('',#3488,1000.);
#2050=VECTOR('',#3489,1000.);
#2051=VECTOR('',#3490,1000.);
#2052=VECTOR('',#3495,1000.);
#2053=VECTOR('',#3498,1000.);
#2054=VECTOR('',#3501,1000.);
#2055=VECTOR('',#3504,1000.);
#2056=VECTOR('',#3507,1000.);
#2057=VECTOR('',#3510,1000.);
#2058=VECTOR('',#3513,1000.);
#2059=VECTOR('',#3514,1000.);
#2060=VECTOR('',#3515,1000.);
#2061=VECTOR('',#3516,1000.);
#2062=VECTOR('',#3519,1000.);
#2063=VECTOR('',#3520,1000.);
#2064=VECTOR('',#3521,1000.);
#2065=VECTOR('',#3522,1000.);
#2066=VECTOR('',#3525,1000.);
#2067=VECTOR('',#3526,1000.);
#2068=VECTOR('',#3527,1000.);
#2069=VECTOR('',#3528,1000.);
#2070=VECTOR('',#3531,1000.);
#2071=VECTOR('',#3532,1000.);
#2072=VECTOR('',#3533,1000.);
#2073=VECTOR('',#3534,1000.);
#2074=VECTOR('',#3537,1000.);
#2075=VECTOR('',#3538,1000.);
#2076=VECTOR('',#3539,1000.);
#2077=VECTOR('',#3540,1000.);
#2078=VECTOR('',#3543,1000.);
#2079=VECTOR('',#3544,1000.);
#2080=VECTOR('',#3545,1000.);
#2081=VECTOR('',#3546,1000.);
#2082=VECTOR('',#3551,1000.);
#2083=VECTOR('',#3554,1000.);
#2084=VECTOR('',#3557,1000.);
#2085=VECTOR('',#3560,1000.);
#2086=VECTOR('',#3563,1000.);
#2087=VECTOR('',#3566,1000.);
#2088=VECTOR('',#3737,1000.);
#2089=VECTOR('',#3738,1000.);
#2090=VECTOR('',#3741,1000.);
#2091=VECTOR('',#3744,1000.);
#2092=VECTOR('',#3747,1000.);
#2093=VECTOR('',#3750,1000.);
#2094=VECTOR('',#3753,1000.);
#2095=VECTOR('',#3756,1000.);
#2096=VECTOR('',#3759,1000.);
#2097=VECTOR('',#3762,1000.);
#2098=VECTOR('',#3765,1000.);
#2099=VECTOR('',#3768,1000.);
#2100=VECTOR('',#3773,1000.);
#2101=VECTOR('',#3774,1000.);
#2102=VECTOR('',#3777,1000.);
#2103=VECTOR('',#3780,1000.);
#2104=VECTOR('',#3783,1000.);
#2105=VECTOR('',#3786,1000.);
#2106=VECTOR('',#3789,1000.);
#2107=VECTOR('',#3792,1000.);
#2108=VECTOR('',#3795,1000.);
#2109=VECTOR('',#3798,1000.);
#2110=VECTOR('',#3801,1000.);
#2111=VECTOR('',#3804,1000.);
#2112=VECTOR('',#3839,1000.);
#2113=VECTOR('',#3842,1000.);
#2114=VECTOR('',#3845,1000.);
#2115=VECTOR('',#3848,1000.);
#2116=VECTOR('',#3851,1000.);
#2117=VECTOR('',#3854,1000.);
#2118=VECTOR('',#3857,1000.);
#2119=VECTOR('',#3860,1000.);
#2120=VECTOR('',#3863,1000.);
#2121=VECTOR('',#3866,1000.);
#2122=VECTOR('',#3869,1000.);
#2123=VECTOR('',#3872,1000.);
#2124=VECTOR('',#3875,1000.);
#2125=VECTOR('',#3878,1000.);
#2126=VECTOR('',#3899,1000.);
#2127=VECTOR('',#3900,1000.);
#2128=VECTOR('',#3903,1000.);
#2129=VECTOR('',#3906,1000.);
#2130=VECTOR('',#3909,1000.);
#2131=VECTOR('',#3912,1000.);
#2132=VECTOR('',#3915,1000.);
#2133=VECTOR('',#3918,1000.);
#2134=VECTOR('',#3921,1000.);
#2135=VECTOR('',#3924,1000.);
#2136=VECTOR('',#3927,1000.);
#2137=VECTOR('',#3930,1000.);
#2138=VECTOR('',#3933,1000.);
#2139=VECTOR('',#3936,1000.);
#2140=VECTOR('',#3939,1000.);
#2141=VECTOR('',#3942,1000.);
#2142=VECTOR('',#3945,1000.);
#2143=VECTOR('',#3948,1000.);
#2144=EDGE_LOOP('',(#261,#262,#263,#264,#265,#266,#267,#268,#269,#270,#271,
#272,#273));
#2145=EDGE_LOOP('',(#274));
#2146=EDGE_LOOP('',(#275));
#2147=EDGE_LOOP('',(#276,#277,#278,#279,#280,#281,#282,#283,#284,#285,#286,
#287,#288,#289,#290,#291));
#2148=EDGE_LOOP('',(#292,#293,#294,#295));
#2149=EDGE_LOOP('',(#296,#297,#298,#299,#300,#301,#302,#303));
#2150=EDGE_LOOP('',(#304,#305,#306,#307));
#2151=EDGE_LOOP('',(#308,#309,#310,#311,#312,#313,#314,#315,#316,#317,#318,
#319,#320));
#2152=EDGE_LOOP('',(#321));
#2153=EDGE_LOOP('',(#322));
#2154=EDGE_LOOP('',(#323,#324,#325,#326,#327,#328,#329,#330,#331,#332,#333,
#334,#335,#336));
#2155=EDGE_LOOP('',(#337,#338,#339,#340));
#2156=EDGE_LOOP('',(#341,#342,#343,#344));
#2157=EDGE_LOOP('',(#345,#346,#347,#348,#349,#350,#351,#352,#353,#354,#355,
#356));
#2158=EDGE_LOOP('',(#357,#358,#359,#360,#361,#362,#363,#364,#365,#366,#367,
#368));
#2159=EDGE_LOOP('',(#369,#370,#371,#372,#373,#374,#375,#376,#377,#378,#379,
#380,#381,#382,#383,#384,#385,#386,#387,#388));
#2160=EDGE_LOOP('',(#389));
#2161=EDGE_LOOP('',(#390));
#2162=EDGE_LOOP('',(#391));
#2163=EDGE_LOOP('',(#392));
#2164=EDGE_LOOP('',(#393));
#2165=EDGE_LOOP('',(#394));
#2166=EDGE_LOOP('',(#395));
#2167=EDGE_LOOP('',(#396));
#2168=EDGE_LOOP('',(#397,#398,#399,#400));
#2169=EDGE_LOOP('',(#401,#402,#403,#404));
#2170=EDGE_LOOP('',(#405,#406,#407,#408));
#2171=EDGE_LOOP('',(#409,#410,#411,#412));
#2172=EDGE_LOOP('',(#413,#414,#415,#416,#417,#418,#419,#420));
#2173=EDGE_LOOP('',(#421,#422,#423,#424));
#2174=EDGE_LOOP('',(#425,#426,#427,#428));
#2175=EDGE_LOOP('',(#429,#430,#431,#432));
#2176=EDGE_LOOP('',(#433));
#2177=EDGE_LOOP('',(#434));
#2178=EDGE_LOOP('',(#435));
#2179=EDGE_LOOP('',(#436));
#2180=EDGE_LOOP('',(#437,#438,#439,#440,#441,#442,#443,#444,#445,#446,#447,
#448,#449,#450));
#2181=EDGE_LOOP('',(#451,#452,#453,#454));
#2182=EDGE_LOOP('',(#455,#456,#457,#458));
#2183=EDGE_LOOP('',(#459,#460,#461,#462));
#2184=EDGE_LOOP('',(#463,#464,#465,#466));
#2185=EDGE_LOOP('',(#467,#468,#469,#470));
#2186=EDGE_LOOP('',(#471,#472,#473,#474));
#2187=EDGE_LOOP('',(#475,#476,#477,#478));
#2188=EDGE_LOOP('',(#479,#480,#481,#482));
#2189=EDGE_LOOP('',(#483,#484,#485,#486));
#2190=EDGE_LOOP('',(#487,#488,#489,#490));
#2191=EDGE_LOOP('',(#491,#492,#493,#494));
#2192=EDGE_LOOP('',(#495,#496,#497,#498));
#2193=EDGE_LOOP('',(#499,#500,#501,#502));
#2194=EDGE_LOOP('',(#503,#504,#505,#506));
#2195=EDGE_LOOP('',(#507,#508,#509,#510,#511,#512,#513,#514,#515));
#2196=EDGE_LOOP('',(#516,#517,#518,#519,#520,#521,#522,#523,#524));
#2197=EDGE_LOOP('',(#525,#526,#527,#528));
#2198=EDGE_LOOP('',(#529,#530,#531,#532,#533,#534));
#2199=EDGE_LOOP('',(#535,#536,#537,#538,#539,#540));
#2200=EDGE_LOOP('',(#541,#542,#543,#544));
#2201=EDGE_LOOP('',(#545,#546,#547,#548));
#2202=EDGE_LOOP('',(#549,#550,#551,#552));
#2203=EDGE_LOOP('',(#553,#554,#555,#556));
#2204=EDGE_LOOP('',(#557,#558,#559,#560));
#2205=EDGE_LOOP('',(#561,#562,#563,#564));
#2206=EDGE_LOOP('',(#565,#566,#567,#568,#569,#570,#571,#572,#573,#574,#575,
#576));
#2207=EDGE_LOOP('',(#577,#578,#579,#580));
#2208=EDGE_LOOP('',(#581,#582,#583,#584));
#2209=EDGE_LOOP('',(#585,#586,#587,#588));
#2210=EDGE_LOOP('',(#589,#590,#591,#592));
#2211=EDGE_LOOP('',(#593,#594,#595,#596));
#2212=EDGE_LOOP('',(#597,#598,#599,#600));
#2213=EDGE_LOOP('',(#601,#602,#603,#604,#605,#606,#607,#608,#609,#610,#611,
#612));
#2214=EDGE_LOOP('',(#613,#614,#615,#616));
#2215=EDGE_LOOP('',(#617,#618,#619,#620));
#2216=EDGE_LOOP('',(#621,#622,#623,#624));
#2217=EDGE_LOOP('',(#625,#626,#627,#628));
#2218=EDGE_LOOP('',(#629,#630,#631,#632));
#2219=EDGE_LOOP('',(#633,#634,#635,#636));
#2220=EDGE_LOOP('',(#637,#638,#639,#640));
#2221=EDGE_LOOP('',(#641,#642,#643,#644));
#2222=EDGE_LOOP('',(#645,#646,#647,#648));
#2223=EDGE_LOOP('',(#649,#650,#651,#652));
#2224=EDGE_LOOP('',(#653,#654,#655,#656));
#2225=EDGE_LOOP('',(#657,#658,#659,#660));
#2226=EDGE_LOOP('',(#661,#662,#663,#664));
#2227=EDGE_LOOP('',(#665,#666,#667,#668));
#2228=EDGE_LOOP('',(#669,#670,#671,#672));
#2229=EDGE_LOOP('',(#673,#674,#675,#676));
#2230=EDGE_LOOP('',(#677,#678,#679,#680));
#2231=EDGE_LOOP('',(#681,#682,#683,#684));
#2232=EDGE_LOOP('',(#685,#686,#687,#688));
#2233=EDGE_LOOP('',(#689,#690,#691,#692));
#2234=EDGE_LOOP('',(#693,#694,#695,#696));
#2235=EDGE_LOOP('',(#697,#698,#699,#700));
#2236=EDGE_LOOP('',(#701,#702,#703,#704));
#2237=EDGE_LOOP('',(#705,#706,#707,#708));
#2238=EDGE_LOOP('',(#709,#710,#711,#712));
#2239=EDGE_LOOP('',(#713,#714,#715,#716));
#2240=EDGE_LOOP('',(#717,#718,#719,#720));
#2241=EDGE_LOOP('',(#721,#722,#723,#724));
#2242=EDGE_LOOP('',(#725,#726,#727,#728));
#2243=EDGE_LOOP('',(#729,#730,#731,#732));
#2244=EDGE_LOOP('',(#733,#734,#735,#736));
#2245=EDGE_LOOP('',(#737,#738,#739,#740));
#2246=EDGE_LOOP('',(#741,#742,#743,#744));
#2247=EDGE_LOOP('',(#745,#746,#747,#748));
#2248=EDGE_LOOP('',(#749,#750,#751,#752));
#2249=EDGE_LOOP('',(#753,#754,#755,#756));
#2250=EDGE_LOOP('',(#757,#758,#759,#760));
#2251=EDGE_LOOP('',(#761,#762,#763,#764));
#2252=EDGE_LOOP('',(#765,#766,#767,#768));
#2253=EDGE_LOOP('',(#769,#770,#771,#772));
#2254=EDGE_LOOP('',(#773,#774,#775,#776));
#2255=EDGE_LOOP('',(#777,#778,#779,#780));
#2256=EDGE_LOOP('',(#781,#782,#783,#784));
#2257=EDGE_LOOP('',(#785,#786,#787,#788));
#2258=EDGE_LOOP('',(#789,#790,#791,#792));
#2259=EDGE_LOOP('',(#793,#794,#795,#796));
#2260=EDGE_LOOP('',(#797,#798,#799,#800));
#2261=EDGE_LOOP('',(#801,#802,#803,#804));
#2262=EDGE_LOOP('',(#805,#806,#807,#808));
#2263=EDGE_LOOP('',(#809,#810,#811,#812));
#2264=EDGE_LOOP('',(#813,#814,#815,#816));
#2265=EDGE_LOOP('',(#817,#818,#819,#820));
#2266=EDGE_LOOP('',(#821,#822,#823,#824));
#2267=EDGE_LOOP('',(#825,#826,#827,#828));
#2268=EDGE_LOOP('',(#829,#830,#831,#832));
#2269=EDGE_LOOP('',(#833,#834,#835,#836));
#2270=EDGE_LOOP('',(#837,#838,#839,#840));
#2271=EDGE_LOOP('',(#841,#842,#843,#844));
#2272=EDGE_LOOP('',(#845,#846,#847,#848));
#2273=EDGE_LOOP('',(#849,#850,#851,#852));
#2274=EDGE_LOOP('',(#853,#854,#855,#856));
#2275=EDGE_LOOP('',(#857,#858,#859,#860));
#2276=EDGE_LOOP('',(#861,#862,#863,#864));
#2277=EDGE_LOOP('',(#865,#866,#867,#868));
#2278=EDGE_LOOP('',(#869,#870,#871,#872));
#2279=EDGE_LOOP('',(#873,#874,#875,#876));
#2280=EDGE_LOOP('',(#877,#878,#879,#880));
#2281=EDGE_LOOP('',(#881,#882,#883,#884));
#2282=EDGE_LOOP('',(#885,#886,#887,#888));
#2283=EDGE_LOOP('',(#889,#890,#891,#892));
#2284=EDGE_LOOP('',(#893,#894,#895,#896));
#2285=EDGE_LOOP('',(#897,#898,#899,#900));
#2286=EDGE_LOOP('',(#901,#902,#903,#904));
#2287=EDGE_LOOP('',(#905,#906,#907,#908));
#2288=EDGE_LOOP('',(#909,#910,#911,#912));
#2289=EDGE_LOOP('',(#913,#914,#915,#916));
#2290=EDGE_LOOP('',(#917,#918,#919,#920));
#2291=EDGE_LOOP('',(#921,#922,#923,#924));
#2292=EDGE_LOOP('',(#925,#926,#927,#928));
#2293=EDGE_LOOP('',(#929,#930,#931,#932));
#2294=EDGE_LOOP('',(#933,#934,#935,#936));
#2295=EDGE_LOOP('',(#937,#938,#939,#940));
#2296=EDGE_LOOP('',(#941,#942,#943,#944));
#2297=EDGE_LOOP('',(#945));
#2298=EDGE_LOOP('',(#946));
#2299=EDGE_LOOP('',(#947));
#2300=EDGE_LOOP('',(#948));
#2301=EDGE_LOOP('',(#949));
#2302=EDGE_LOOP('',(#950));
#2303=EDGE_LOOP('',(#951));
#2304=EDGE_LOOP('',(#952));
#2305=EDGE_LOOP('',(#953,#954,#955,#956));
#2306=EDGE_LOOP('',(#957,#958,#959,#960));
#2307=EDGE_LOOP('',(#961,#962,#963,#964));
#2308=EDGE_LOOP('',(#965,#966,#967,#968));
#2309=EDGE_LOOP('',(#969,#970,#971,#972));
#2310=EDGE_LOOP('',(#973,#974,#975,#976));
#2311=EDGE_LOOP('',(#977,#978,#979,#980));
#2312=EDGE_LOOP('',(#981,#982,#983,#984));
#2313=EDGE_LOOP('',(#985,#986,#987));
#2314=EDGE_LOOP('',(#988,#989,#990,#991));
#2315=EDGE_LOOP('',(#992,#993,#994,#995));
#2316=EDGE_LOOP('',(#996,#997,#998,#999));
#2317=EDGE_LOOP('',(#1000,#1001,#1002,#1003));
#2318=EDGE_LOOP('',(#1004,#1005,#1006,#1007));
#2319=EDGE_LOOP('',(#1008,#1009,#1010,#1011));
#2320=EDGE_LOOP('',(#1012,#1013,#1014,#1015));
#2321=EDGE_LOOP('',(#1016,#1017,#1018,#1019));
#2322=EDGE_LOOP('',(#1020,#1021,#1022,#1023));
#2323=EDGE_LOOP('',(#1024,#1025,#1026));
#2324=EDGE_LOOP('',(#1027,#1028,#1029,#1030));
#2325=EDGE_LOOP('',(#1031));
#2326=EDGE_LOOP('',(#1032));
#2327=EDGE_LOOP('',(#1033));
#2328=EDGE_LOOP('',(#1034));
#2329=EDGE_LOOP('',(#1035));
#2330=EDGE_LOOP('',(#1036));
#2331=EDGE_LOOP('',(#1037));
#2332=EDGE_LOOP('',(#1038));
#2333=FACE_BOUND('',#2144,.T.);
#2334=FACE_BOUND('',#2145,.T.);
#2335=FACE_BOUND('',#2146,.T.);
#2336=FACE_BOUND('',#2147,.T.);
#2337=FACE_BOUND('',#2148,.T.);
#2338=FACE_BOUND('',#2149,.T.);
#2339=FACE_BOUND('',#2150,.T.);
#2340=FACE_BOUND('',#2151,.T.);
#2341=FACE_BOUND('',#2152,.T.);
#2342=FACE_BOUND('',#2153,.T.);
#2343=FACE_BOUND('',#2154,.T.);
#2344=FACE_BOUND('',#2155,.T.);
#2345=FACE_BOUND('',#2156,.T.);
#2346=FACE_BOUND('',#2157,.T.);
#2347=FACE_BOUND('',#2158,.T.);
#2348=FACE_BOUND('',#2159,.T.);
#2349=FACE_BOUND('',#2160,.T.);
#2350=FACE_BOUND('',#2161,.T.);
#2351=FACE_BOUND('',#2162,.T.);
#2352=FACE_BOUND('',#2163,.T.);
#2353=FACE_BOUND('',#2164,.T.);
#2354=FACE_BOUND('',#2165,.T.);
#2355=FACE_BOUND('',#2166,.T.);
#2356=FACE_BOUND('',#2167,.T.);
#2357=FACE_BOUND('',#2168,.T.);
#2358=FACE_BOUND('',#2169,.T.);
#2359=FACE_BOUND('',#2170,.T.);
#2360=FACE_BOUND('',#2171,.T.);
#2361=FACE_BOUND('',#2172,.T.);
#2362=FACE_BOUND('',#2173,.T.);
#2363=FACE_BOUND('',#2174,.T.);
#2364=FACE_BOUND('',#2175,.T.);
#2365=FACE_BOUND('',#2176,.T.);
#2366=FACE_BOUND('',#2177,.T.);
#2367=FACE_BOUND('',#2178,.T.);
#2368=FACE_BOUND('',#2179,.T.);
#2369=FACE_BOUND('',#2180,.T.);
#2370=FACE_BOUND('',#2181,.T.);
#2371=FACE_BOUND('',#2182,.T.);
#2372=FACE_BOUND('',#2183,.T.);
#2373=FACE_BOUND('',#2184,.T.);
#2374=FACE_BOUND('',#2185,.T.);
#2375=FACE_BOUND('',#2186,.T.);
#2376=FACE_BOUND('',#2187,.T.);
#2377=FACE_BOUND('',#2188,.T.);
#2378=FACE_BOUND('',#2189,.T.);
#2379=FACE_BOUND('',#2190,.T.);
#2380=FACE_BOUND('',#2191,.T.);
#2381=FACE_BOUND('',#2192,.T.);
#2382=FACE_BOUND('',#2193,.T.);
#2383=FACE_BOUND('',#2194,.T.);
#2384=FACE_BOUND('',#2195,.T.);
#2385=FACE_BOUND('',#2196,.T.);
#2386=FACE_BOUND('',#2197,.T.);
#2387=FACE_BOUND('',#2198,.T.);
#2388=FACE_BOUND('',#2199,.T.);
#2389=FACE_BOUND('',#2200,.T.);
#2390=FACE_BOUND('',#2201,.T.);
#2391=FACE_BOUND('',#2202,.T.);
#2392=FACE_BOUND('',#2203,.T.);
#2393=FACE_BOUND('',#2204,.T.);
#2394=FACE_BOUND('',#2205,.T.);
#2395=FACE_BOUND('',#2206,.T.);
#2396=FACE_BOUND('',#2207,.T.);
#2397=FACE_BOUND('',#2208,.T.);
#2398=FACE_BOUND('',#2209,.T.);
#2399=FACE_BOUND('',#2210,.T.);
#2400=FACE_BOUND('',#2211,.T.);
#2401=FACE_BOUND('',#2212,.T.);
#2402=FACE_BOUND('',#2213,.T.);
#2403=FACE_BOUND('',#2214,.T.);
#2404=FACE_BOUND('',#2215,.T.);
#2405=FACE_BOUND('',#2216,.T.);
#2406=FACE_BOUND('',#2217,.T.);
#2407=FACE_BOUND('',#2218,.T.);
#2408=FACE_BOUND('',#2219,.T.);
#2409=FACE_BOUND('',#2220,.T.);
#2410=FACE_BOUND('',#2221,.T.);
#2411=FACE_BOUND('',#2222,.T.);
#2412=FACE_BOUND('',#2223,.T.);
#2413=FACE_BOUND('',#2224,.T.);
#2414=FACE_BOUND('',#2225,.T.);
#2415=FACE_BOUND('',#2226,.T.);
#2416=FACE_BOUND('',#2227,.T.);
#2417=FACE_BOUND('',#2228,.T.);
#2418=FACE_BOUND('',#2229,.T.);
#2419=FACE_BOUND('',#2230,.T.);
#2420=FACE_BOUND('',#2231,.T.);
#2421=FACE_BOUND('',#2232,.T.);
#2422=FACE_BOUND('',#2233,.T.);
#2423=FACE_BOUND('',#2234,.T.);
#2424=FACE_BOUND('',#2235,.T.);
#2425=FACE_BOUND('',#2236,.T.);
#2426=FACE_BOUND('',#2237,.T.);
#2427=FACE_BOUND('',#2238,.T.);
#2428=FACE_BOUND('',#2239,.T.);
#2429=FACE_BOUND('',#2240,.T.);
#2430=FACE_BOUND('',#2241,.T.);
#2431=FACE_BOUND('',#2242,.T.);
#2432=FACE_BOUND('',#2243,.T.);
#2433=FACE_BOUND('',#2244,.T.);
#2434=FACE_BOUND('',#2245,.T.);
#2435=FACE_BOUND('',#2246,.T.);
#2436=FACE_BOUND('',#2247,.T.);
#2437=FACE_BOUND('',#2248,.T.);
#2438=FACE_BOUND('',#2249,.T.);
#2439=FACE_BOUND('',#2250,.T.);
#2440=FACE_BOUND('',#2251,.T.);
#2441=FACE_BOUND('',#2252,.T.);
#2442=FACE_BOUND('',#2253,.T.);
#2443=FACE_BOUND('',#2254,.T.);
#2444=FACE_BOUND('',#2255,.T.);
#2445=FACE_BOUND('',#2256,.T.);
#2446=FACE_BOUND('',#2257,.T.);
#2447=FACE_BOUND('',#2258,.T.);
#2448=FACE_BOUND('',#2259,.T.);
#2449=FACE_BOUND('',#2260,.T.);
#2450=FACE_BOUND('',#2261,.T.);
#2451=FACE_BOUND('',#2262,.T.);
#2452=FACE_BOUND('',#2263,.T.);
#2453=FACE_BOUND('',#2264,.T.);
#2454=FACE_BOUND('',#2265,.T.);
#2455=FACE_BOUND('',#2266,.T.);
#2456=FACE_BOUND('',#2267,.T.);
#2457=FACE_BOUND('',#2268,.T.);
#2458=FACE_BOUND('',#2269,.T.);
#2459=FACE_BOUND('',#2270,.T.);
#2460=FACE_BOUND('',#2271,.T.);
#2461=FACE_BOUND('',#2272,.T.);
#2462=FACE_BOUND('',#2273,.T.);
#2463=FACE_BOUND('',#2274,.T.);
#2464=FACE_BOUND('',#2275,.T.);
#2465=FACE_BOUND('',#2276,.T.);
#2466=FACE_BOUND('',#2277,.T.);
#2467=FACE_BOUND('',#2278,.T.);
#2468=FACE_BOUND('',#2279,.T.);
#2469=FACE_BOUND('',#2280,.T.);
#2470=FACE_BOUND('',#2281,.T.);
#2471=FACE_BOUND('',#2282,.T.);
#2472=FACE_BOUND('',#2283,.T.);
#2473=FACE_BOUND('',#2284,.T.);
#2474=FACE_BOUND('',#2285,.T.);
#2475=FACE_BOUND('',#2286,.T.);
#2476=FACE_BOUND('',#2287,.T.);
#2477=FACE_BOUND('',#2288,.T.);
#2478=FACE_BOUND('',#2289,.T.);
#2479=FACE_BOUND('',#2290,.T.);
#2480=FACE_BOUND('',#2291,.T.);
#2481=FACE_BOUND('',#2292,.T.);
#2482=FACE_BOUND('',#2293,.T.);
#2483=FACE_BOUND('',#2294,.T.);
#2484=FACE_BOUND('',#2295,.T.);
#2485=FACE_BOUND('',#2296,.T.);
#2486=FACE_BOUND('',#2297,.T.);
#2487=FACE_BOUND('',#2298,.T.);
#2488=FACE_BOUND('',#2299,.T.);
#2489=FACE_BOUND('',#2300,.T.);
#2490=FACE_BOUND('',#2301,.T.);
#2491=FACE_BOUND('',#2302,.T.);
#2492=FACE_BOUND('',#2303,.T.);
#2493=FACE_BOUND('',#2304,.T.);
#2494=FACE_BOUND('',#2305,.T.);
#2495=FACE_BOUND('',#2306,.T.);
#2496=FACE_BOUND('',#2307,.T.);
#2497=FACE_BOUND('',#2308,.T.);
#2498=FACE_BOUND('',#2309,.T.);
#2499=FACE_BOUND('',#2310,.T.);
#2500=FACE_BOUND('',#2311,.T.);
#2501=FACE_BOUND('',#2312,.T.);
#2502=FACE_BOUND('',#2313,.T.);
#2503=FACE_BOUND('',#2314,.T.);
#2504=FACE_BOUND('',#2315,.T.);
#2505=FACE_BOUND('',#2316,.T.);
#2506=FACE_BOUND('',#2317,.T.);
#2507=FACE_BOUND('',#2318,.T.);
#2508=FACE_BOUND('',#2319,.T.);
#2509=FACE_BOUND('',#2320,.T.);
#2510=FACE_BOUND('',#2321,.T.);
#2511=FACE_BOUND('',#2322,.T.);
#2512=FACE_BOUND('',#2323,.T.);
#2513=FACE_BOUND('',#2324,.T.);
#2514=FACE_BOUND('',#2325,.T.);
#2515=FACE_BOUND('',#2326,.T.);
#2516=FACE_BOUND('',#2327,.T.);
#2517=FACE_BOUND('',#2328,.T.);
#2518=FACE_BOUND('',#2329,.T.);
#2519=FACE_BOUND('',#2330,.T.);
#2520=FACE_BOUND('',#2331,.T.);
#2521=FACE_BOUND('',#2332,.T.);
#2522=PLANE('',#2770);
#2523=PLANE('',#2775);
#2524=PLANE('',#2786);
#2525=PLANE('',#2787);
#2526=PLANE('',#2789);
#2527=PLANE('',#2790);
#2528=PLANE('',#2795);
#2529=PLANE('',#2805);
#2530=PLANE('',#2808);
#2531=PLANE('',#2846);
#2532=PLANE('',#2849);
#2533=PLANE('',#2852);
#2534=PLANE('',#2856);
#2535=PLANE('',#2859);
#2536=PLANE('',#2870);
#2537=PLANE('',#2872);
#2538=PLANE('',#2874);
#2539=PLANE('',#2876);
#2540=PLANE('',#2880);
#2541=PLANE('',#2885);
#2542=PLANE('',#2886);
#2543=PLANE('',#2887);
#2544=PLANE('',#2888);
#2545=PLANE('',#2889);
#2546=PLANE('',#2890);
#2547=PLANE('',#2891);
#2548=PLANE('',#2892);
#2549=PLANE('',#2893);
#2550=PLANE('',#2894);
#2551=PLANE('',#2895);
#2552=PLANE('',#2896);
#2553=PLANE('',#2897);
#2554=PLANE('',#2898);
#2555=PLANE('',#2905);
#2556=PLANE('',#2906);
#2557=PLANE('',#2907);
#2558=PLANE('',#2908);
#2559=PLANE('',#2909);
#2560=PLANE('',#2910);
#2561=PLANE('',#2911);
#2562=PLANE('',#3002);
#2563=PLANE('',#3005);
#2564=PLANE('',#3006);
#2565=PLANE('',#3009);
#2566=PLANE('',#3010);
#2567=PLANE('',#3013);
#2568=PLANE('',#3014);
#2569=PLANE('',#3017);
#2570=PLANE('',#3018);
#2571=PLANE('',#3021);
#2572=PLANE('',#3022);
#2573=PLANE('',#3025);
#2574=PLANE('',#3041);
#2575=PLANE('',#3045);
#2576=PLANE('',#3049);
#2577=PLANE('',#3053);
#2578=PLANE('',#3064);
#2579=PLANE('',#3067);
#2580=PLANE('',#3068);
#2581=PLANE('',#3069);
#2582=PLANE('',#3070);
#2583=PLANE('',#3072);
#2584=PLANE('',#3073);
#2585=PLANE('',#3076);
#2586=PLANE('',#3077);
#2587=PLANE('',#3078);
#2588=PLANE('',#3080);
#2589=PLANE('',#3081);
#2590=ADVANCED_FACE('',(#2333),#2522,.T.);
#2591=ADVANCED_FACE('',(#2334,#2335,#2336),#2523,.T.);
#2592=ADVANCED_FACE('',(#2337),#2524,.T.);
#2593=ADVANCED_FACE('',(#2338),#2525,.T.);
#2594=ADVANCED_FACE('',(#2339),#2526,.T.);
#2595=ADVANCED_FACE('',(#2340),#2527,.T.);
#2596=ADVANCED_FACE('',(#2341,#2342,#2343),#2528,.T.);
#2597=ADVANCED_FACE('',(#2344),#2529,.F.);
#2598=ADVANCED_FACE('',(#2345),#62,.T.);
#2599=ADVANCED_FACE('',(#2346,#2347,#2348),#2530,.T.);
#2600=ADVANCED_FACE('',(#2349,#2350),#63,.F.);
#2601=ADVANCED_FACE('',(#2351,#2352),#64,.F.);
#2602=ADVANCED_FACE('',(#2353,#2354),#65,.F.);
#2603=ADVANCED_FACE('',(#2355,#2356),#66,.F.);
#2604=ADVANCED_FACE('',(#2357),#2531,.T.);
#2605=ADVANCED_FACE('',(#2358),#67,.T.);
#2606=ADVANCED_FACE('',(#2359),#2532,.F.);
#2607=ADVANCED_FACE('',(#2360),#68,.T.);
#2608=ADVANCED_FACE('',(#2361),#2533,.F.);
#2609=ADVANCED_FACE('',(#2362),#69,.T.);
#2610=ADVANCED_FACE('',(#2363),#2534,.T.);
#2611=ADVANCED_FACE('',(#2364),#70,.T.);
#2612=ADVANCED_FACE('',(#2365,#2366,#2367,#2368,#2369),#2535,.F.);
#2613=ADVANCED_FACE('',(#2370),#2536,.T.);
#2614=ADVANCED_FACE('',(#2371),#71,.F.);
#2615=ADVANCED_FACE('',(#2372),#2537,.F.);
#2616=ADVANCED_FACE('',(#2373),#72,.F.);
#2617=ADVANCED_FACE('',(#2374),#2538,.F.);
#2618=ADVANCED_FACE('',(#2375),#73,.F.);
#2619=ADVANCED_FACE('',(#2376),#2539,.T.);
#2620=ADVANCED_FACE('',(#2377),#74,.F.);
#2621=ADVANCED_FACE('',(#2378),#75,.T.);
#2622=ADVANCED_FACE('',(#2379),#2540,.F.);
#2623=ADVANCED_FACE('',(#2380),#76,.T.);
#2624=ADVANCED_FACE('',(#2381),#77,.T.);
#2625=ADVANCED_FACE('',(#2382),#2541,.T.);
#2626=ADVANCED_FACE('',(#2383),#2542,.F.);
#2627=ADVANCED_FACE('',(#2384),#2543,.T.);
#2628=ADVANCED_FACE('',(#2385),#2544,.F.);
#2629=ADVANCED_FACE('',(#2386),#2545,.T.);
#2630=ADVANCED_FACE('',(#2387),#2546,.T.);
#2631=ADVANCED_FACE('',(#2388),#2547,.F.);
#2632=ADVANCED_FACE('',(#2389),#2548,.T.);
#2633=ADVANCED_FACE('',(#2390),#2549,.T.);
#2634=ADVANCED_FACE('',(#2391),#2550,.T.);
#2635=ADVANCED_FACE('',(#2392),#2551,.T.);
#2636=ADVANCED_FACE('',(#2393),#2552,.T.);
#2637=ADVANCED_FACE('',(#2394),#2553,.T.);
#2638=ADVANCED_FACE('',(#2395),#2554,.T.);
#2639=ADVANCED_FACE('',(#2396),#2555,.T.);
#2640=ADVANCED_FACE('',(#2397),#2556,.T.);
#2641=ADVANCED_FACE('',(#2398),#2557,.T.);
#2642=ADVANCED_FACE('',(#2399),#2558,.T.);
#2643=ADVANCED_FACE('',(#2400),#2559,.T.);
#2644=ADVANCED_FACE('',(#2401),#2560,.T.);
#2645=ADVANCED_FACE('',(#2402),#2561,.T.);
#2646=ADVANCED_FACE('',(#2403),#78,.T.);
#2647=ADVANCED_FACE('',(#2404),#79,.T.);
#2648=ADVANCED_FACE('',(#2405),#80,.T.);
#2649=ADVANCED_FACE('',(#2406),#81,.T.);
#2650=ADVANCED_FACE('',(#2407),#82,.F.);
#2651=ADVANCED_FACE('',(#2408),#83,.F.);
#2652=ADVANCED_FACE('',(#2409),#84,.F.);
#2653=ADVANCED_FACE('',(#2410),#85,.F.);
#2654=ADVANCED_FACE('',(#2411),#86,.T.);
#2655=ADVANCED_FACE('',(#2412),#87,.T.);
#2656=ADVANCED_FACE('',(#2413),#88,.T.);
#2657=ADVANCED_FACE('',(#2414),#89,.T.);
#2658=ADVANCED_FACE('',(#2415),#90,.F.);
#2659=ADVANCED_FACE('',(#2416),#49,.F.);
#2660=ADVANCED_FACE('',(#2417),#50,.F.);
#2661=ADVANCED_FACE('',(#2418),#91,.F.);
#2662=ADVANCED_FACE('',(#2419),#92,.F.);
#2663=ADVANCED_FACE('',(#2420),#51,.F.);
#2664=ADVANCED_FACE('',(#2421),#52,.F.);
#2665=ADVANCED_FACE('',(#2422),#93,.F.);
#2666=ADVANCED_FACE('',(#2423),#94,.F.);
#2667=ADVANCED_FACE('',(#2424),#53,.F.);
#2668=ADVANCED_FACE('',(#2425),#54,.F.);
#2669=ADVANCED_FACE('',(#2426),#95,.F.);
#2670=ADVANCED_FACE('',(#2427),#55,.F.);
#2671=ADVANCED_FACE('',(#2428),#96,.F.);
#2672=ADVANCED_FACE('',(#2429),#97,.F.);
#2673=ADVANCED_FACE('',(#2430),#56,.F.);
#2674=ADVANCED_FACE('',(#2431),#57,.F.);
#2675=ADVANCED_FACE('',(#2432),#98,.F.);
#2676=ADVANCED_FACE('',(#2433),#99,.F.);
#2677=ADVANCED_FACE('',(#2434),#58,.F.);
#2678=ADVANCED_FACE('',(#2435),#59,.F.);
#2679=ADVANCED_FACE('',(#2436),#100,.F.);
#2680=ADVANCED_FACE('',(#2437),#101,.F.);
#2681=ADVANCED_FACE('',(#2438),#60,.F.);
#2682=ADVANCED_FACE('',(#2439),#2562,.F.);
#2683=ADVANCED_FACE('',(#2440),#12,.T.);
#2684=ADVANCED_FACE('',(#2441),#13,.T.);
#2685=ADVANCED_FACE('',(#2442),#2563,.F.);
#2686=ADVANCED_FACE('',(#2443),#2564,.F.);
#2687=ADVANCED_FACE('',(#2444),#14,.T.);
#2688=ADVANCED_FACE('',(#2445),#15,.F.);
#2689=ADVANCED_FACE('',(#2446),#2565,.F.);
#2690=ADVANCED_FACE('',(#2447),#2566,.F.);
#2691=ADVANCED_FACE('',(#2448),#16,.T.);
#2692=ADVANCED_FACE('',(#2449),#17,.F.);
#2693=ADVANCED_FACE('',(#2450),#2567,.F.);
#2694=ADVANCED_FACE('',(#2451),#2568,.F.);
#2695=ADVANCED_FACE('',(#2452),#18,.T.);
#2696=ADVANCED_FACE('',(#2453),#19,.F.);
#2697=ADVANCED_FACE('',(#2454),#2569,.F.);
#2698=ADVANCED_FACE('',(#2455),#2570,.F.);
#2699=ADVANCED_FACE('',(#2456),#20,.T.);
#2700=ADVANCED_FACE('',(#2457),#21,.F.);
#2701=ADVANCED_FACE('',(#2458),#2571,.F.);
#2702=ADVANCED_FACE('',(#2459),#2572,.F.);
#2703=ADVANCED_FACE('',(#2460),#22,.T.);
#2704=ADVANCED_FACE('',(#2461),#23,.T.);
#2705=ADVANCED_FACE('',(#2462),#2573,.F.);
#2706=ADVANCED_FACE('',(#2463),#102,.F.);
#2707=ADVANCED_FACE('',(#2464),#103,.F.);
#2708=ADVANCED_FACE('',(#2465),#104,.F.);
#2709=ADVANCED_FACE('',(#2466),#105,.F.);
#2710=ADVANCED_FACE('',(#2467),#106,.F.);
#2711=ADVANCED_FACE('',(#2468),#107,.F.);
#2712=ADVANCED_FACE('',(#2469),#108,.F.);
#2713=ADVANCED_FACE('',(#2470),#109,.F.);
#2714=ADVANCED_FACE('',(#2471),#2574,.F.);
#2715=ADVANCED_FACE('',(#2472),#24,.F.);
#2716=ADVANCED_FACE('',(#2473),#25,.T.);
#2717=ADVANCED_FACE('',(#2474),#26,.F.);
#2718=ADVANCED_FACE('',(#2475),#2575,.T.);
#2719=ADVANCED_FACE('',(#2476),#27,.F.);
#2720=ADVANCED_FACE('',(#2477),#28,.T.);
#2721=ADVANCED_FACE('',(#2478),#29,.F.);
#2722=ADVANCED_FACE('',(#2479),#2576,.T.);
#2723=ADVANCED_FACE('',(#2480),#30,.F.);
#2724=ADVANCED_FACE('',(#2481),#31,.T.);
#2725=ADVANCED_FACE('',(#2482),#32,.F.);
#2726=ADVANCED_FACE('',(#2483),#2577,.F.);
#2727=ADVANCED_FACE('',(#2484),#33,.F.);
#2728=ADVANCED_FACE('',(#2485),#34,.T.);
#2729=ADVANCED_FACE('',(#2486,#2487),#35,.F.);
#2730=ADVANCED_FACE('',(#2488,#2489),#36,.F.);
#2731=ADVANCED_FACE('',(#2490,#2491),#37,.F.);
#2732=ADVANCED_FACE('',(#2492,#2493),#38,.F.);
#2733=ADVANCED_FACE('',(#2494),#110,.F.);
#2734=ADVANCED_FACE('',(#2495),#111,.F.);
#2735=ADVANCED_FACE('',(#2496),#2578,.F.);
#2736=ADVANCED_FACE('',(#2497),#39,.T.);
#2737=ADVANCED_FACE('',(#2498),#40,.T.);
#2738=ADVANCED_FACE('',(#2499),#2579,.T.);
#2739=ADVANCED_FACE('',(#2500),#2580,.T.);
#2740=ADVANCED_FACE('',(#2501),#2581,.F.);
#2741=ADVANCED_FACE('',(#2502),#2582,.T.);
#2742=ADVANCED_FACE('',(#2503),#41,.T.);
#2743=ADVANCED_FACE('',(#2504),#2583,.F.);
#2744=ADVANCED_FACE('',(#2505),#2584,.T.);
#2745=ADVANCED_FACE('',(#2506),#42,.F.);
#2746=ADVANCED_FACE('',(#2507),#43,.T.);
#2747=ADVANCED_FACE('',(#2508),#2585,.T.);
#2748=ADVANCED_FACE('',(#2509),#2586,.T.);
#2749=ADVANCED_FACE('',(#2510),#2587,.F.);
#2750=ADVANCED_FACE('',(#2511),#44,.F.);
#2751=ADVANCED_FACE('',(#2512),#2588,.T.);
#2752=ADVANCED_FACE('',(#2513),#2589,.T.);
#2753=ADVANCED_FACE('',(#2514,#2515),#45,.F.);
#2754=ADVANCED_FACE('',(#2516,#2517),#46,.F.);
#2755=ADVANCED_FACE('',(#2518,#2519),#47,.F.);
#2756=ADVANCED_FACE('',(#2520,#2521),#48,.F.);
#2757=CLOSED_SHELL('',(#2590,#2591,#2592,#2593,#2594,#2595,#2596,#2597,
#2598,#2599,#2600,#2601,#2602,#2603,#2604,#2605,#2606,#2607,#2608,#2609,
#2610,#2611,#2612,#2613,#2614,#2615,#2616,#2617,#2618,#2619,#2620,#2621,
#2622,#2623,#2624,#2625,#2626,#2627,#2628,#2629,#2630,#2631,#2632,#2633,
#2634,#2635,#2636,#2637,#2638,#2639,#2640,#2641,#2642,#2643,#2644,#2645,
#2646,#2647,#2648,#2649,#2650,#2651,#2652,#2653,#2654,#2655,#2656,#2657,
#2658,#2659,#2660,#2661,#2662,#2663,#2664,#2665,#2666,#2667,#2668,#2669,
#2670,#2671,#2672,#2673,#2674,#2675,#2676,#2677,#2678,#2679,#2680,#2681,
#2682,#2683,#2684,#2685,#2686,#2687,#2688,#2689,#2690,#2691,#2692,#2693,
#2694,#2695,#2696,#2697,#2698,#2699,#2700,#2701,#2702,#2703,#2704,#2705,
#2706,#2707,#2708,#2709,#2710,#2711,#2712,#2713,#2714,#2715,#2716,#2717,
#2718,#2719,#2720,#2721,#2722,#2723,#2724,#2725,#2726,#2727,#2728,#2729,
#2730,#2731,#2732,#2733,#2734,#2735,#2736,#2737,#2738,#2739,#2740,#2741,
#2742,#2743,#2744,#2745,#2746,#2747,#2748,#2749,#2750,#2751,#2752,#2753,
#2754,#2755,#2756));
#2758=STYLED_ITEM('',(#2759),#2766);
#2759=PRESENTATION_STYLE_ASSIGNMENT((#2760));
#2760=SURFACE_STYLE_USAGE(.BOTH.,#2761);
#2761=SURFACE_SIDE_STYLE('',(#2762));
#2762=SURFACE_STYLE_FILL_AREA(#2763);
#2763=FILL_AREA_STYLE('',(#2764));
#2764=FILL_AREA_STYLE_COLOUR('',#2765);
#2765=COLOUR_RGB('',0.615686274509804,0.811764705882353,0.929411764705882);
#2766=MANIFOLD_SOLID_BREP('Part 1',#2757);
#2767=SHAPE_DEFINITION_REPRESENTATION(#4763,#2768);
#2768=SHAPE_REPRESENTATION('Part 1',(#2769),#4758);
#2769=AXIS2_PLACEMENT_3D('',#3959,#3086,#3087);
#2770=AXIS2_PLACEMENT_3D('',#3960,#3088,#3089);
#2771=AXIS2_PLACEMENT_3D('',#3968,#3093,#3094);
#2772=AXIS2_PLACEMENT_3D('',#3972,#3096,#3097);
#2773=AXIS2_PLACEMENT_3D('',#3980,#3101,#3102);
#2774=AXIS2_PLACEMENT_3D('',#3984,#3104,#3105);
#2775=AXIS2_PLACEMENT_3D('',#3987,#3107,#3108);
#2776=AXIS2_PLACEMENT_3D('',#3988,#3109,#3110);
#2777=AXIS2_PLACEMENT_3D('',#3990,#3111,#3112);
#2778=AXIS2_PLACEMENT_3D('',#3999,#3116,#3117);
#2779=AXIS2_PLACEMENT_3D('',#4001,#3118,#3119);
#2780=AXIS2_PLACEMENT_3D('',#4003,#3120,#3121);
#2781=AXIS2_PLACEMENT_3D('',#4007,#3123,#3124);
#2782=AXIS2_PLACEMENT_3D('',#4009,#3125,#3126);
#2783=AXIS2_PLACEMENT_3D('',#4011,#3127,#3128);
#2784=AXIS2_PLACEMENT_3D('',#4019,#3132,#3133);
#2785=AXIS2_PLACEMENT_3D('',#4023,#3135,#3136);
#2786=AXIS2_PLACEMENT_3D('',#4024,#3137,#3138);
#2787=AXIS2_PLACEMENT_3D('',#4027,#3141,#3142);
#2788=AXIS2_PLACEMENT_3D('',#4036,#3147,#3148);
#2789=AXIS2_PLACEMENT_3D('',#4041,#3151,#3152);
#2790=AXIS2_PLACEMENT_3D('',#4050,#3157,#3158);
#2791=AXIS2_PLACEMENT_3D('',#4057,#3162,#3163);
#2792=AXIS2_PLACEMENT_3D('',#4061,#3165,#3166);
#2793=AXIS2_PLACEMENT_3D('',#4069,#3170,#3171);
#2794=AXIS2_PLACEMENT_3D('',#4073,#3173,#3174);
#2795=AXIS2_PLACEMENT_3D('',#4074,#3175,#3176);
#2796=AXIS2_PLACEMENT_3D('',#4075,#3177,#3178);
#2797=AXIS2_PLACEMENT_3D('',#4077,#3179,#3180);
#2798=AXIS2_PLACEMENT_3D('',#4083,#3183,#3184);
#2799=AXIS2_PLACEMENT_3D('',#4087,#3186,#3187);
#2800=AXIS2_PLACEMENT_3D('',#4093,#3190,#3191);
#2801=AXIS2_PLACEMENT_3D('',#4095,#3192,#3193);
#2802=AXIS2_PLACEMENT_3D('',#4099,#3195,#3196);
#2803=AXIS2_PLACEMENT_3D('',#4101,#3197,#3198);
#2804=AXIS2_PLACEMENT_3D('',#4103,#3199,#3200);
#2805=AXIS2_PLACEMENT_3D('',#4104,#3201,#3202);
#2806=AXIS2_PLACEMENT_3D('',#4107,#3205,#3206);
#2807=AXIS2_PLACEMENT_3D('',#4110,#3208,#3209);
#2808=AXIS2_PLACEMENT_3D('',#4113,#3211,#3212);
#2809=AXIS2_PLACEMENT_3D('',#4114,#3213,#3214);
#2810=AXIS2_PLACEMENT_3D('',#4119,#3216,#3217);
#2811=AXIS2_PLACEMENT_3D('',#4123,#3219,#3220);
#2812=AXIS2_PLACEMENT_3D('',#4127,#3222,#3223);
#2813=AXIS2_PLACEMENT_3D('',#4131,#3225,#3226);
#2814=AXIS2_PLACEMENT_3D('',#4135,#3228,#3229);
#2815=AXIS2_PLACEMENT_3D('',#4141,#3232,#3233);
#2816=AXIS2_PLACEMENT_3D('',#4145,#3235,#3236);
#2817=AXIS2_PLACEMENT_3D('',#4149,#3238,#3239);
#2818=AXIS2_PLACEMENT_3D('',#4153,#3241,#3242);
#2819=AXIS2_PLACEMENT_3D('',#4157,#3244,#3245);
#2820=AXIS2_PLACEMENT_3D('',#4161,#3247,#3248);
#2821=AXIS2_PLACEMENT_3D('',#4162,#3249,#3250);
#2822=AXIS2_PLACEMENT_3D('',#4165,#3251,#3252);
#2823=AXIS2_PLACEMENT_3D('',#4169,#3254,#3255);
#2824=AXIS2_PLACEMENT_3D('',#4173,#3257,#3258);
#2825=AXIS2_PLACEMENT_3D('',#4179,#3261,#3262);
#2826=AXIS2_PLACEMENT_3D('',#4181,#3263,#3264);
#2827=AXIS2_PLACEMENT_3D('',#4183,#3265,#3266);
#2828=AXIS2_PLACEMENT_3D('',#4187,#3268,#3269);
#2829=AXIS2_PLACEMENT_3D('',#4189,#3270,#3271);
#2830=AXIS2_PLACEMENT_3D('',#4191,#3272,#3273);
#2831=AXIS2_PLACEMENT_3D('',#4195,#3275,#3276);
#2832=AXIS2_PLACEMENT_3D('',#4197,#3277,#3278);
#2833=AXIS2_PLACEMENT_3D('',#4199,#3279,#3280);
#2834=AXIS2_PLACEMENT_3D('',#4202,#3282,#3283);
#2835=AXIS2_PLACEMENT_3D('',#4203,#3284,#3285);
#2836=AXIS2_PLACEMENT_3D('',#4205,#3286,#3287);
#2837=AXIS2_PLACEMENT_3D('',#4207,#3288,#3289);
#2838=AXIS2_PLACEMENT_3D('',#4208,#3290,#3291);
#2839=AXIS2_PLACEMENT_3D('',#4210,#3292,#3293);
#2840=AXIS2_PLACEMENT_3D('',#4212,#3294,#3295);
#2841=AXIS2_PLACEMENT_3D('',#4213,#3296,#3297);
#2842=AXIS2_PLACEMENT_3D('',#4215,#3298,#3299);
#2843=AXIS2_PLACEMENT_3D('',#4217,#3300,#3301);
#2844=AXIS2_PLACEMENT_3D('',#4218,#3302,#3303);
#2845=AXIS2_PLACEMENT_3D('',#4220,#3304,#3305);
#2846=AXIS2_PLACEMENT_3D('',#4222,#3306,#3307);
#2847=AXIS2_PLACEMENT_3D('',#4228,#3311,#3312);
#2848=AXIS2_PLACEMENT_3D('',#4229,#3313,#3314);
#2849=AXIS2_PLACEMENT_3D('',#4232,#3316,#3317);
#2850=AXIS2_PLACEMENT_3D('',#4236,#3320,#3321);
#2851=AXIS2_PLACEMENT_3D('',#4237,#3322,#3323);
#2852=AXIS2_PLACEMENT_3D('',#4240,#3325,#3326);
#2853=AXIS2_PLACEMENT_3D('',#4246,#3330,#3331);
#2854=AXIS2_PLACEMENT_3D('',#4249,#3333,#3334);
#2855=AXIS2_PLACEMENT_3D('',#4250,#3335,#3336);
#2856=AXIS2_PLACEMENT_3D('',#4253,#3338,#3339);
#2857=AXIS2_PLACEMENT_3D('',#4257,#3342,#3343);
#2858=AXIS2_PLACEMENT_3D('',#4258,#3344,#3345);
#2859=AXIS2_PLACEMENT_3D('',#4259,#3346,#3347);
#2860=AXIS2_PLACEMENT_3D('',#4260,#3348,#3349);
#2861=AXIS2_PLACEMENT_3D('',#4262,#3350,#3351);
#2862=AXIS2_PLACEMENT_3D('',#4264,#3352,#3353);
#2863=AXIS2_PLACEMENT_3D('',#4266,#3354,#3355);
#2864=AXIS2_PLACEMENT_3D('',#4268,#3356,#3357);
#2865=AXIS2_PLACEMENT_3D('',#4275,#3360,#3361);
#2866=AXIS2_PLACEMENT_3D('',#4279,#3363,#3364);
#2867=AXIS2_PLACEMENT_3D('',#4283,#3366,#3367);
#2868=AXIS2_PLACEMENT_3D('',#4287,#3369,#3370);
#2869=AXIS2_PLACEMENT_3D('',#4293,#3373,#3374);
#2870=AXIS2_PLACEMENT_3D('',#4296,#3376,#3377);
#2871=AXIS2_PLACEMENT_3D('',#4299,#3380,#3381);
#2872=AXIS2_PLACEMENT_3D('',#4301,#3383,#3384);
#2873=AXIS2_PLACEMENT_3D('',#4303,#3386,#3387);
#2874=AXIS2_PLACEMENT_3D('',#4304,#3388,#3389);
#2875=AXIS2_PLACEMENT_3D('',#4307,#3392,#3393);
#2876=AXIS2_PLACEMENT_3D('',#4309,#3395,#3396);
#2877=AXIS2_PLACEMENT_3D('',#4311,#3398,#3399);
#2878=AXIS2_PLACEMENT_3D('',#4312,#3400,#3401);
#2879=AXIS2_PLACEMENT_3D('',#4315,#3403,#3404);
#2880=AXIS2_PLACEMENT_3D('',#4318,#3406,#3407);
#2881=AXIS2_PLACEMENT_3D('',#4324,#3411,#3412);
#2882=AXIS2_PLACEMENT_3D('',#4327,#3414,#3415);
#2883=AXIS2_PLACEMENT_3D('',#4330,#3417,#3418);
#2884=AXIS2_PLACEMENT_3D('',#4333,#3420,#3421);
#2885=AXIS2_PLACEMENT_3D('',#4336,#3423,#3424);
#2886=AXIS2_PLACEMENT_3D('',#4342,#3428,#3429);
#2887=AXIS2_PLACEMENT_3D('',#4348,#3433,#3434);
#2888=AXIS2_PLACEMENT_3D('',#4358,#3438,#3439);
#2889=AXIS2_PLACEMENT_3D('',#4365,#3444,#3445);
#2890=AXIS2_PLACEMENT_3D('',#4371,#3449,#3450);
#2891=AXIS2_PLACEMENT_3D('',#4373,#3452,#3453);
#2892=AXIS2_PLACEMENT_3D('',#4375,#3455,#3456);
#2893=AXIS2_PLACEMENT_3D('',#4384,#3461,#3462);
#2894=AXIS2_PLACEMENT_3D('',#4393,#3467,#3468);
#2895=AXIS2_PLACEMENT_3D('',#4402,#3473,#3474);
#2896=AXIS2_PLACEMENT_3D('',#4411,#3479,#3480);
#2897=AXIS2_PLACEMENT_3D('',#4420,#3485,#3486);
#2898=AXIS2_PLACEMENT_3D('',#4429,#3491,#3492);
#2899=AXIS2_PLACEMENT_3D('',#4430,#3493,#3494);
#2900=AXIS2_PLACEMENT_3D('',#4435,#3496,#3497);
#2901=AXIS2_PLACEMENT_3D('',#4439,#3499,#3500);
#2902=AXIS2_PLACEMENT_3D('',#4443,#3502,#3503);
#2903=AXIS2_PLACEMENT_3D('',#4447,#3505,#3506);
#2904=AXIS2_PLACEMENT_3D('',#4451,#3508,#3509);
#2905=AXIS2_PLACEMENT_3D('',#4454,#3511,#3512);
#2906=AXIS2_PLACEMENT_3D('',#4463,#3517,#3518);
#2907=AXIS2_PLACEMENT_3D('',#4472,#3523,#3524);
#2908=AXIS2_PLACEMENT_3D('',#4481,#3529,#3530);
#2909=AXIS2_PLACEMENT_3D('',#4490,#3535,#3536);
#2910=AXIS2_PLACEMENT_3D('',#4499,#3541,#3542);
#2911=AXIS2_PLACEMENT_3D('',#4508,#3547,#3548);
#2912=AXIS2_PLACEMENT_3D('',#4509,#3549,#3550);
#2913=AXIS2_PLACEMENT_3D('',#4514,#3552,#3553);
#2914=AXIS2_PLACEMENT_3D('',#4518,#3555,#3556);
#2915=AXIS2_PLACEMENT_3D('',#4522,#3558,#3559);
#2916=AXIS2_PLACEMENT_3D('',#4526,#3561,#3562);
#2917=AXIS2_PLACEMENT_3D('',#4530,#3564,#3565);
#2918=AXIS2_PLACEMENT_3D('',#4533,#3567,#3568);
#2919=AXIS2_PLACEMENT_3D('',#4534,#3569,#3570);
#2920=AXIS2_PLACEMENT_3D('',#4535,#3571,#3572);
#2921=AXIS2_PLACEMENT_3D('',#4536,#3573,#3574);
#2922=AXIS2_PLACEMENT_3D('',#4537,#3575,#3576);
#2923=AXIS2_PLACEMENT_3D('',#4538,#3577,#3578);
#2924=AXIS2_PLACEMENT_3D('',#4539,#3579,#3580);
#2925=AXIS2_PLACEMENT_3D('',#4540,#3581,#3582);
#2926=AXIS2_PLACEMENT_3D('',#4541,#3583,#3584);
#2927=AXIS2_PLACEMENT_3D('',#4542,#3585,#3586);
#2928=AXIS2_PLACEMENT_3D('',#4543,#3587,#3588);
#2929=AXIS2_PLACEMENT_3D('',#4544,#3589,#3590);
#2930=AXIS2_PLACEMENT_3D('',#4545,#3591,#3592);
#2931=AXIS2_PLACEMENT_3D('',#4546,#3593,#3594);
#2932=AXIS2_PLACEMENT_3D('',#4547,#3595,#3596);
#2933=AXIS2_PLACEMENT_3D('',#4548,#3597,#3598);
#2934=AXIS2_PLACEMENT_3D('',#4549,#3599,#3600);
#2935=AXIS2_PLACEMENT_3D('',#4550,#3601,#3602);
#2936=AXIS2_PLACEMENT_3D('',#4551,#3603,#3604);
#2937=AXIS2_PLACEMENT_3D('',#4552,#3605,#3606);
#2938=AXIS2_PLACEMENT_3D('',#4553,#3607,#3608);
#2939=AXIS2_PLACEMENT_3D('',#4554,#3609,#3610);
#2940=AXIS2_PLACEMENT_3D('',#4555,#3611,#3612);
#2941=AXIS2_PLACEMENT_3D('',#4556,#3613,#3614);
#2942=AXIS2_PLACEMENT_3D('',#4557,#3615,#3616);
#2943=AXIS2_PLACEMENT_3D('',#4558,#3617,#3618);
#2944=AXIS2_PLACEMENT_3D('',#4559,#3619,#3620);
#2945=AXIS2_PLACEMENT_3D('',#4560,#3621,#3622);
#2946=AXIS2_PLACEMENT_3D('',#4561,#3623,#3624);
#2947=AXIS2_PLACEMENT_3D('',#4562,#3625,#3626);
#2948=AXIS2_PLACEMENT_3D('',#4563,#3627,#3628);
#2949=AXIS2_PLACEMENT_3D('',#4564,#3629,#3630);
#2950=AXIS2_PLACEMENT_3D('',#4565,#3631,#3632);
#2951=AXIS2_PLACEMENT_3D('',#4566,#3633,#3634);
#2952=AXIS2_PLACEMENT_3D('',#4567,#3635,#3636);
#2953=AXIS2_PLACEMENT_3D('',#4568,#3637,#3638);
#2954=AXIS2_PLACEMENT_3D('',#4569,#3639,#3640);
#2955=AXIS2_PLACEMENT_3D('',#4570,#3641,#3642);
#2956=AXIS2_PLACEMENT_3D('',#4571,#3643,#3644);
#2957=AXIS2_PLACEMENT_3D('',#4572,#3645,#3646);
#2958=AXIS2_PLACEMENT_3D('',#4573,#3647,#3648);
#2959=AXIS2_PLACEMENT_3D('',#4574,#3649,#3650);
#2960=AXIS2_PLACEMENT_3D('',#4575,#3651,#3652);
#2961=AXIS2_PLACEMENT_3D('',#4576,#3653,#3654);
#2962=AXIS2_PLACEMENT_3D('',#4577,#3655,#3656);
#2963=AXIS2_PLACEMENT_3D('',#4578,#3657,#3658);
#2964=AXIS2_PLACEMENT_3D('',#4579,#3659,#3660);
#2965=AXIS2_PLACEMENT_3D('',#4580,#3661,#3662);
#2966=AXIS2_PLACEMENT_3D('',#4581,#3663,#3664);
#2967=AXIS2_PLACEMENT_3D('',#4582,#3665,#3666);
#2968=AXIS2_PLACEMENT_3D('',#4583,#3667,#3668);
#2969=AXIS2_PLACEMENT_3D('',#4584,#3669,#3670);
#2970=AXIS2_PLACEMENT_3D('',#4585,#3671,#3672);
#2971=AXIS2_PLACEMENT_3D('',#4586,#3673,#3674);
#2972=AXIS2_PLACEMENT_3D('',#4587,#3675,#3676);
#2973=AXIS2_PLACEMENT_3D('',#4588,#3677,#3678);
#2974=AXIS2_PLACEMENT_3D('',#4589,#3679,#3680);
#2975=AXIS2_PLACEMENT_3D('',#4590,#3681,#3682);
#2976=AXIS2_PLACEMENT_3D('',#4591,#3683,#3684);
#2977=AXIS2_PLACEMENT_3D('',#4592,#3685,#3686);
#2978=AXIS2_PLACEMENT_3D('',#4593,#3687,#3688);
#2979=AXIS2_PLACEMENT_3D('',#4594,#3689,#3690);
#2980=AXIS2_PLACEMENT_3D('',#4595,#3691,#3692);
#2981=AXIS2_PLACEMENT_3D('',#4596,#3693,#3694);
#2982=AXIS2_PLACEMENT_3D('',#4597,#3695,#3696);
#2983=AXIS2_PLACEMENT_3D('',#4598,#3697,#3698);
#2984=AXIS2_PLACEMENT_3D('',#4599,#3699,#3700);
#2985=AXIS2_PLACEMENT_3D('',#4600,#3701,#3702);
#2986=AXIS2_PLACEMENT_3D('',#4601,#3703,#3704);
#2987=AXIS2_PLACEMENT_3D('',#4602,#3705,#3706);
#2988=AXIS2_PLACEMENT_3D('',#4603,#3707,#3708);
#2989=AXIS2_PLACEMENT_3D('',#4604,#3709,#3710);
#2990=AXIS2_PLACEMENT_3D('',#4605,#3711,#3712);
#2991=AXIS2_PLACEMENT_3D('',#4606,#3713,#3714);
#2992=AXIS2_PLACEMENT_3D('',#4607,#3715,#3716);
#2993=AXIS2_PLACEMENT_3D('',#4608,#3717,#3718);
#2994=AXIS2_PLACEMENT_3D('',#4609,#3719,#3720);
#2995=AXIS2_PLACEMENT_3D('',#4610,#3721,#3722);
#2996=AXIS2_PLACEMENT_3D('',#4611,#3723,#3724);
#2997=AXIS2_PLACEMENT_3D('',#4612,#3725,#3726);
#2998=AXIS2_PLACEMENT_3D('',#4613,#3727,#3728);
#2999=AXIS2_PLACEMENT_3D('',#4614,#3729,#3730);
#3000=AXIS2_PLACEMENT_3D('',#4615,#3731,#3732);
#3001=AXIS2_PLACEMENT_3D('',#4616,#3733,#3734);
#3002=AXIS2_PLACEMENT_3D('',#4617,#3735,#3736);
#3003=AXIS2_PLACEMENT_3D('',#4620,#3739,#3740);
#3004=AXIS2_PLACEMENT_3D('',#4622,#3742,#3743);
#3005=AXIS2_PLACEMENT_3D('',#4624,#3745,#3746);
#3006=AXIS2_PLACEMENT_3D('',#4626,#3748,#3749);
#3007=AXIS2_PLACEMENT_3D('',#4628,#3751,#3752);
#3008=AXIS2_PLACEMENT_3D('',#4630,#3754,#3755);
#3009=AXIS2_PLACEMENT_3D('',#4632,#3757,#3758);
#3010=AXIS2_PLACEMENT_3D('',#4634,#3760,#3761);
#3011=AXIS2_PLACEMENT_3D('',#4636,#3763,#3764);
#3012=AXIS2_PLACEMENT_3D('',#4638,#3766,#3767);
#3013=AXIS2_PLACEMENT_3D('',#4640,#3769,#3770);
#3014=AXIS2_PLACEMENT_3D('',#4641,#3771,#3772);
#3015=AXIS2_PLACEMENT_3D('',#4644,#3775,#3776);
#3016=AXIS2_PLACEMENT_3D('',#4646,#3778,#3779);
#3017=AXIS2_PLACEMENT_3D('',#4648,#3781,#3782);
#3018=AXIS2_PLACEMENT_3D('',#4650,#3784,#3785);
#3019=AXIS2_PLACEMENT_3D('',#4652,#3787,#3788);
#3020=AXIS2_PLACEMENT_3D('',#4654,#3790,#3791);
#3021=AXIS2_PLACEMENT_3D('',#4656,#3793,#3794);
#3022=AXIS2_PLACEMENT_3D('',#4658,#3796,#3797);
#3023=AXIS2_PLACEMENT_3D('',#4660,#3799,#3800);
#3024=AXIS2_PLACEMENT_3D('',#4662,#3802,#3803);
#3025=AXIS2_PLACEMENT_3D('',#4664,#3805,#3806);
#3026=AXIS2_PLACEMENT_3D('',#4665,#3807,#3808);
#3027=AXIS2_PLACEMENT_3D('',#4666,#3809,#3810);
#3028=AXIS2_PLACEMENT_3D('',#4667,#3811,#3812);
#3029=AXIS2_PLACEMENT_3D('',#4668,#3813,#3814);
#3030=AXIS2_PLACEMENT_3D('',#4669,#3815,#3816);
#3031=AXIS2_PLACEMENT_3D('',#4670,#3817,#3818);
#3032=AXIS2_PLACEMENT_3D('',#4671,#3819,#3820);
#3033=AXIS2_PLACEMENT_3D('',#4672,#3821,#3822);
#3034=AXIS2_PLACEMENT_3D('',#4673,#3823,#3824);
#3035=AXIS2_PLACEMENT_3D('',#4674,#3825,#3826);
#3036=AXIS2_PLACEMENT_3D('',#4675,#3827,#3828);
#3037=AXIS2_PLACEMENT_3D('',#4676,#3829,#3830);
#3038=AXIS2_PLACEMENT_3D('',#4677,#3831,#3832);
#3039=AXIS2_PLACEMENT_3D('',#4678,#3833,#3834);
#3040=AXIS2_PLACEMENT_3D('',#4679,#3835,#3836);
#3041=AXIS2_PLACEMENT_3D('',#4680,#3837,#3838);
#3042=AXIS2_PLACEMENT_3D('',#4682,#3840,#3841);
#3043=AXIS2_PLACEMENT_3D('',#4684,#3843,#3844);
#3044=AXIS2_PLACEMENT_3D('',#4686,#3846,#3847);
#3045=AXIS2_PLACEMENT_3D('',#4688,#3849,#3850);
#3046=AXIS2_PLACEMENT_3D('',#4690,#3852,#3853);
#3047=AXIS2_PLACEMENT_3D('',#4692,#3855,#3856);
#3048=AXIS2_PLACEMENT_3D('',#4694,#3858,#3859);
#3049=AXIS2_PLACEMENT_3D('',#4696,#3861,#3862);
#3050=AXIS2_PLACEMENT_3D('',#4698,#3864,#3865);
#3051=AXIS2_PLACEMENT_3D('',#4700,#3867,#3868);
#3052=AXIS2_PLACEMENT_3D('',#4702,#3870,#3871);
#3053=AXIS2_PLACEMENT_3D('',#4704,#3873,#3874);
#3054=AXIS2_PLACEMENT_3D('',#4706,#3876,#3877);
#3055=AXIS2_PLACEMENT_3D('',#4708,#3879,#3880);
#3056=AXIS2_PLACEMENT_3D('',#4709,#3881,#3882);
#3057=AXIS2_PLACEMENT_3D('',#4710,#3883,#3884);
#3058=AXIS2_PLACEMENT_3D('',#4711,#3885,#3886);
#3059=AXIS2_PLACEMENT_3D('',#4712,#3887,#3888);
#3060=AXIS2_PLACEMENT_3D('',#4713,#3889,#3890);
#3061=AXIS2_PLACEMENT_3D('',#4714,#3891,#3892);
#3062=AXIS2_PLACEMENT_3D('',#4715,#3893,#3894);
#3063=AXIS2_PLACEMENT_3D('',#4716,#3895,#3896);
#3064=AXIS2_PLACEMENT_3D('',#4717,#3897,#3898);
#3065=AXIS2_PLACEMENT_3D('',#4720,#3901,#3902);
#3066=AXIS2_PLACEMENT_3D('',#4722,#3904,#3905);
#3067=AXIS2_PLACEMENT_3D('',#4724,#3907,#3908);
#3068=AXIS2_PLACEMENT_3D('',#4726,#3910,#3911);
#3069=AXIS2_PLACEMENT_3D('',#4728,#3913,#3914);
#3070=AXIS2_PLACEMENT_3D('',#4730,#3916,#3917);
#3071=AXIS2_PLACEMENT_3D('',#4732,#3919,#3920);
#3072=AXIS2_PLACEMENT_3D('',#4734,#3922,#3923);
#3073=AXIS2_PLACEMENT_3D('',#4736,#3925,#3926);
#3074=AXIS2_PLACEMENT_3D('',#4738,#3928,#3929);
#3075=AXIS2_PLACEMENT_3D('',#4740,#3931,#3932);
#3076=AXIS2_PLACEMENT_3D('',#4742,#3934,#3935);
#3077=AXIS2_PLACEMENT_3D('',#4744,#3937,#3938);
#3078=AXIS2_PLACEMENT_3D('',#4746,#3940,#3941);
#3079=AXIS2_PLACEMENT_3D('',#4748,#3943,#3944);
#3080=AXIS2_PLACEMENT_3D('',#4750,#3946,#3947);
#3081=AXIS2_PLACEMENT_3D('',#4752,#3949,#3950);
#3082=AXIS2_PLACEMENT_3D('',#4753,#3951,#3952);
#3083=AXIS2_PLACEMENT_3D('',#4754,#3953,#3954);
#3084=AXIS2_PLACEMENT_3D('',#4755,#3955,#3956);
#3085=AXIS2_PLACEMENT_3D('',#4756,#3957,#3958);
#3086=DIRECTION('',(0.,0.,1.));
#3087=DIRECTION('',(1.,0.,0.));
#3088=DIRECTION('',(0.,1.,0.));
#3089=DIRECTION('',(1.,0.,0.));
#3090=DIRECTION('',(0.,0.,1.));
#3091=DIRECTION('',(0.707106781186547,0.,0.707106781186548));
#3092=DIRECTION('',(1.,0.,0.));
#3093=DIRECTION('',(0.,1.,0.));
#3094=DIRECTION('',(1.,0.,0.));
#3095=DIRECTION('',(-1.23908819712629E-16,0.,1.));
#3096=DIRECTION('',(0.,1.,0.));
#3097=DIRECTION('',(1.,0.,0.));
#3098=DIRECTION('',(1.,0.,0.));
#3099=DIRECTION('',(0.,0.,1.));
#3100=DIRECTION('',(1.,0.,0.));
#3101=DIRECTION('',(0.,1.,0.));
#3102=DIRECTION('',(1.,0.,0.));
#3103=DIRECTION('',(-1.23908819712629E-16,0.,1.));
#3104=DIRECTION('',(0.,1.,0.));
#3105=DIRECTION('',(1.,0.,0.));
#3106=DIRECTION('',(1.,0.,0.));
#3107=DIRECTION('',(0.,1.,0.));
#3108=DIRECTION('',(1.,0.,0.));
#3109=DIRECTION('',(0.,1.,0.));
#3110=DIRECTION('',(1.,0.,0.));
#3111=DIRECTION('',(0.,1.,0.));
#3112=DIRECTION('',(1.,0.,0.));
#3113=DIRECTION('',(1.,0.,0.));
#3114=DIRECTION('',(0.,0.,1.));
#3115=DIRECTION('',(-1.,0.,0.));
#3116=DIRECTION('',(0.,1.,0.));
#3117=DIRECTION('',(1.,0.,0.));
#3118=DIRECTION('',(0.,1.,0.));
#3119=DIRECTION('',(1.,0.,0.));
#3120=DIRECTION('',(0.,1.,0.));
#3121=DIRECTION('',(1.,0.,0.));
#3122=DIRECTION('',(1.23908819712629E-16,0.,-1.));
#3123=DIRECTION('',(0.,1.,0.));
#3124=DIRECTION('',(1.,0.,0.));
#3125=DIRECTION('',(0.,1.,0.));
#3126=DIRECTION('',(1.,0.,0.));
#3127=DIRECTION('',(0.,1.,0.));
#3128=DIRECTION('',(1.,0.,0.));
#3129=DIRECTION('',(-1.,0.,0.));
#3130=DIRECTION('',(0.,0.,-1.));
#3131=DIRECTION('',(1.,0.,0.));
#3132=DIRECTION('',(0.,1.,0.));
#3133=DIRECTION('',(1.,0.,0.));
#3134=DIRECTION('',(-1.23908819712629E-16,0.,1.));
#3135=DIRECTION('',(0.,1.,0.));
#3136=DIRECTION('',(1.,0.,0.));
#3137=DIRECTION('',(0.,0.,1.));
#3138=DIRECTION('',(0.,-1.,0.));
#3139=DIRECTION('',(0.,-1.,0.));
#3140=DIRECTION('',(0.,1.,0.));
#3141=DIRECTION('',(0.,0.,1.));
#3142=DIRECTION('',(0.,-1.,0.));
#3143=DIRECTION('',(0.,-1.,0.));
#3144=DIRECTION('',(1.,0.,0.));
#3145=DIRECTION('',(0.,-1.,0.));
#3146=DIRECTION('',(0.,-1.,0.));
#3147=DIRECTION('',(0.,0.,1.));
#3148=DIRECTION('',(0.,-1.,0.));
#3149=DIRECTION('',(0.,-1.,0.));
#3150=DIRECTION('',(-1.,0.,0.));
#3151=DIRECTION('',(0.,0.,1.));
#3152=DIRECTION('',(0.,-1.,0.));
#3153=DIRECTION('',(1.,0.,0.));
#3154=DIRECTION('',(-2.19585250123647E-16,1.,0.));
#3155=DIRECTION('',(1.,0.,0.));
#3156=DIRECTION('',(0.,1.,0.));
#3157=DIRECTION('',(0.,1.,0.));
#3158=DIRECTION('',(1.,0.,0.));
#3159=DIRECTION('',(-0.707106781186549,0.,0.707106781186546));
#3160=DIRECTION('',(0.,0.,1.));
#3161=DIRECTION('',(1.,0.,0.));
#3162=DIRECTION('',(0.,1.,0.));
#3163=DIRECTION('',(1.,0.,0.));
#3164=DIRECTION('',(-1.23908819712629E-16,0.,1.));
#3165=DIRECTION('',(0.,1.,0.));
#3166=DIRECTION('',(1.,0.,0.));
#3167=DIRECTION('',(1.,0.,0.));
#3168=DIRECTION('',(0.,0.,1.));
#3169=DIRECTION('',(1.,0.,0.));
#3170=DIRECTION('',(0.,1.,0.));
#3171=DIRECTION('',(1.,0.,0.));
#3172=DIRECTION('',(-1.23908819712629E-16,0.,1.));
#3173=DIRECTION('',(0.,1.,0.));
#3174=DIRECTION('',(1.,0.,0.));
#3175=DIRECTION('',(0.,1.,0.));
#3176=DIRECTION('',(1.,0.,0.));
#3177=DIRECTION('',(0.,1.,0.));
#3178=DIRECTION('',(1.,0.,0.));
#3179=DIRECTION('',(0.,1.,0.));
#3180=DIRECTION('',(1.,0.,0.));
#3181=DIRECTION('',(0.,0.,1.));
#3182=DIRECTION('',(1.,0.,0.));
#3183=DIRECTION('',(0.,1.,0.));
#3184=DIRECTION('',(1.,0.,0.));
#3185=DIRECTION('',(-1.23908819712629E-16,0.,1.));
#3186=DIRECTION('',(0.,1.,0.));
#3187=DIRECTION('',(1.,0.,0.));
#3188=DIRECTION('',(1.,0.,0.));
#3189=DIRECTION('',(0.,0.,-1.));
#3190=DIRECTION('',(0.,1.,0.));
#3191=DIRECTION('',(1.,0.,0.));
#3192=DIRECTION('',(0.,1.,0.));
#3193=DIRECTION('',(1.,0.,0.));
#3194=DIRECTION('',(1.23908819712629E-16,0.,-1.));
#3195=DIRECTION('',(0.,1.,0.));
#3196=DIRECTION('',(1.,0.,0.));
#3197=DIRECTION('',(0.,1.,0.));
#3198=DIRECTION('',(1.,0.,0.));
#3199=DIRECTION('',(0.,1.,0.));
#3200=DIRECTION('',(1.,0.,0.));
#3201=DIRECTION('',(0.,0.,1.));
#3202=DIRECTION('',(0.,-1.,0.));
#3203=DIRECTION('',(-2.19585250123647E-16,1.,0.));
#3204=DIRECTION('',(0.,1.,0.));
#3205=DIRECTION('',(0.,1.,0.));
#3206=DIRECTION('',(1.,0.,0.));
#3207=DIRECTION('',(0.,1.,0.));
#3208=DIRECTION('',(0.,1.,0.));
#3209=DIRECTION('',(1.,0.,0.));
#3210=DIRECTION('',(0.,1.,0.));
#3211=DIRECTION('',(0.,1.,0.));
#3212=DIRECTION('',(1.,0.,0.));
#3213=DIRECTION('',(0.,1.,0.));
#3214=DIRECTION('',(1.,0.,0.));
#3215=DIRECTION('',(-8.67361737988404E-16,0.,-1.));
#3216=DIRECTION('',(0.,1.,0.));
#3217=DIRECTION('',(1.,0.,0.));
#3218=DIRECTION('',(-1.,0.,3.61400724161835E-16));
#3219=DIRECTION('',(0.,1.,0.));
#3220=DIRECTION('',(1.,0.,0.));
#3221=DIRECTION('',(1.,0.,-2.47817639425259E-16));
#3222=DIRECTION('',(0.,1.,0.));
#3223=DIRECTION('',(1.,0.,0.));
#3224=DIRECTION('',(1.06010879087472E-15,0.,1.));
#3225=DIRECTION('',(0.,1.,0.));
#3226=DIRECTION('',(1.,0.,0.));
#3227=DIRECTION('',(-1.,0.,8.0953762212251E-16));
#3228=DIRECTION('',(0.,1.,0.));
#3229=DIRECTION('',(1.,0.,0.));
#3230=DIRECTION('',(1.,0.,-7.33921470605572E-16));
#3231=DIRECTION('',(-6.74614685102092E-16,0.,-1.));
#3232=DIRECTION('',(0.,1.,0.));
#3233=DIRECTION('',(1.,0.,0.));
#3234=DIRECTION('',(1.,0.,0.));
#3235=DIRECTION('',(0.,1.,0.));
#3236=DIRECTION('',(1.,0.,0.));
#3237=DIRECTION('',(-1.,0.,9.63735264431559E-17));
#3238=DIRECTION('',(0.,1.,0.));
#3239=DIRECTION('',(1.,0.,0.));
#3240=DIRECTION('',(5.42101086242752E-16,0.,1.));
#3241=DIRECTION('',(0.,1.,0.));
#3242=DIRECTION('',(1.,0.,0.));
#3243=DIRECTION('',(1.,0.,-4.87890977618477E-16));
#3244=DIRECTION('',(0.,1.,0.));
#3245=DIRECTION('',(1.,0.,0.));
#3246=DIRECTION('',(-1.,0.,6.19544098563145E-16));
#3247=DIRECTION('',(0.,1.,0.));
#3248=DIRECTION('',(1.,0.,0.));
#3249=DIRECTION('',(0.,1.,0.));
#3250=DIRECTION('',(1.,0.,0.));
#3251=DIRECTION('',(0.,1.,0.));
#3252=DIRECTION('',(1.,0.,0.));
#3253=DIRECTION('',(0.,0.,-1.));
#3254=DIRECTION('',(0.,1.,0.));
#3255=DIRECTION('',(1.,0.,0.));
#3256=DIRECTION('',(1.,0.,0.));
#3257=DIRECTION('',(0.,1.,0.));
#3258=DIRECTION('',(1.,0.,0.));
#3259=DIRECTION('',(0.,0.,-1.));
#3260=DIRECTION('',(1.,0.,0.));
#3261=DIRECTION('',(0.,1.,0.));
#3262=DIRECTION('',(1.,0.,0.));
#3263=DIRECTION('',(0.,1.,0.));
#3264=DIRECTION('',(1.,0.,0.));
#3265=DIRECTION('',(0.,1.,0.));
#3266=DIRECTION('',(1.,0.,0.));
#3267=DIRECTION('',(1.23908819712629E-16,0.,-1.));
#3268=DIRECTION('',(0.,1.,0.));
#3269=DIRECTION('',(1.,0.,0.));
#3270=DIRECTION('',(0.,1.,0.));
#3271=DIRECTION('',(1.,0.,0.));
#3272=DIRECTION('',(0.,1.,0.));
#3273=DIRECTION('',(1.,0.,0.));
#3274=DIRECTION('',(-1.,0.,0.));
#3275=DIRECTION('',(0.,1.,0.));
#3276=DIRECTION('',(1.,0.,0.));
#3277=DIRECTION('',(0.,1.,0.));
#3278=DIRECTION('',(1.,0.,0.));
#3279=DIRECTION('',(0.,1.,0.));
#3280=DIRECTION('',(1.,0.,0.));
#3281=DIRECTION('',(-1.23908819712629E-16,0.,1.));
#3282=DIRECTION('',(0.,1.,0.));
#3283=DIRECTION('',(1.,0.,0.));
#3284=DIRECTION('',(0.,1.,0.));
#3285=DIRECTION('',(1.,0.,0.));
#3286=DIRECTION('',(0.,1.,0.));
#3287=DIRECTION('',(1.,0.,0.));
#3288=DIRECTION('',(0.,1.,0.));
#3289=DIRECTION('',(1.,0.,0.));
#3290=DIRECTION('',(0.,1.,0.));
#3291=DIRECTION('',(1.,0.,0.));
#3292=DIRECTION('',(0.,1.,0.));
#3293=DIRECTION('',(1.,0.,0.));
#3294=DIRECTION('',(0.,1.,0.));
#3295=DIRECTION('',(1.,0.,0.));
#3296=DIRECTION('',(0.,1.,0.));
#3297=DIRECTION('',(1.,0.,0.));
#3298=DIRECTION('',(0.,1.,0.));
#3299=DIRECTION('',(1.,0.,0.));
#3300=DIRECTION('',(0.,1.,0.));
#3301=DIRECTION('',(1.,0.,0.));
#3302=DIRECTION('',(0.,1.,0.));
#3303=DIRECTION('',(1.,0.,0.));
#3304=DIRECTION('',(0.,1.,0.));
#3305=DIRECTION('',(1.,0.,0.));
#3306=DIRECTION('',(0.,0.,1.));
#3307=DIRECTION('',(0.,-1.,0.));
#3308=DIRECTION('',(6.42490176287706E-16,-1.,0.));
#3309=DIRECTION('',(1.,0.,0.));
#3310=DIRECTION('',(0.,1.,0.));
#3311=DIRECTION('',(0.,1.,0.));
#3312=DIRECTION('',(1.,0.,0.));
#3313=DIRECTION('',(0.,1.,0.));
#3314=DIRECTION('',(1.,0.,0.));
#3315=DIRECTION('',(0.,1.,0.));
#3316=DIRECTION('',(-1.,0.,-1.23908819712629E-16));
#3317=DIRECTION('',(-1.23908819712629E-16,0.,1.));
#3318=DIRECTION('',(1.23908819712629E-16,0.,-1.));
#3319=DIRECTION('',(0.,1.,0.));
#3320=DIRECTION('',(0.,1.,0.));
#3321=DIRECTION('',(1.,0.,0.));
#3322=DIRECTION('',(0.,1.,0.));
#3323=DIRECTION('',(1.,0.,0.));
#3324=DIRECTION('',(0.,1.,0.));
#3325=DIRECTION('',(0.,0.,1.));
#3326=DIRECTION('',(0.,-1.,0.));
#3327=DIRECTION('',(-1.,0.,0.));
#3328=DIRECTION('',(0.,1.,0.));
#3329=DIRECTION('',(0.,1.,0.));
#3330=DIRECTION('',(0.,0.,1.));
#3331=DIRECTION('',(0.,-1.,0.));
#3332=DIRECTION('',(0.,1.,0.));
#3333=DIRECTION('',(0.,1.,0.));
#3334=DIRECTION('',(1.,0.,0.));
#3335=DIRECTION('',(0.,1.,0.));
#3336=DIRECTION('',(1.,0.,0.));
#3337=DIRECTION('',(0.,1.,0.));
#3338=DIRECTION('',(-1.,0.,-1.23908819712629E-16));
#3339=DIRECTION('',(-1.23908819712629E-16,0.,1.));
#3340=DIRECTION('',(-1.23908819712629E-16,0.,1.));
#3341=DIRECTION('',(0.,1.,0.));
#3342=DIRECTION('',(0.,1.,0.));
#3343=DIRECTION('',(1.,0.,0.));
#3344=DIRECTION('',(0.,1.,0.));
#3345=DIRECTION('',(1.,0.,0.));
#3346=DIRECTION('',(0.,1.,0.));
#3347=DIRECTION('',(1.,0.,0.));
#3348=DIRECTION('',(0.,1.,0.));
#3349=DIRECTION('',(1.,0.,0.));
#3350=DIRECTION('',(0.,1.,0.));
#3351=DIRECTION('',(1.,0.,0.));
#3352=DIRECTION('',(0.,1.,0.));
#3353=DIRECTION('',(1.,0.,0.));
#3354=DIRECTION('',(0.,1.,0.));
#3355=DIRECTION('',(1.,0.,0.));
#3356=DIRECTION('',(0.,1.,0.));
#3357=DIRECTION('',(1.,0.,0.));
#3358=DIRECTION('',(0.,0.,1.));
#3359=DIRECTION('',(-1.,0.,0.));
#3360=DIRECTION('',(0.,1.,0.));
#3361=DIRECTION('',(1.,0.,0.));
#3362=DIRECTION('',(1.23908819712629E-16,0.,-1.));
#3363=DIRECTION('',(0.,1.,0.));
#3364=DIRECTION('',(1.,0.,0.));
#3365=DIRECTION('',(1.,0.,0.));
#3366=DIRECTION('',(0.,1.,0.));
#3367=DIRECTION('',(1.,0.,0.));
#3368=DIRECTION('',(-1.23908819712629E-16,0.,1.));
#3369=DIRECTION('',(0.,1.,0.));
#3370=DIRECTION('',(1.,0.,0.));
#3371=DIRECTION('',(-1.,0.,0.));
#3372=DIRECTION('',(0.,0.,-1.));
#3373=DIRECTION('',(0.,1.,0.));
#3374=DIRECTION('',(1.,0.,0.));
#3375=DIRECTION('',(-1.,0.,0.));
#3376=DIRECTION('',(0.,0.,1.));
#3377=DIRECTION('',(0.,-1.,0.));
#3378=DIRECTION('',(0.,-1.,0.));
#3379=DIRECTION('',(0.,1.,0.));
#3380=DIRECTION('',(0.,1.,0.));
#3381=DIRECTION('',(1.,0.,0.));
#3382=DIRECTION('',(0.,1.,0.));
#3383=DIRECTION('',(-1.,0.,-1.23908819712629E-16));
#3384=DIRECTION('',(-1.23908819712629E-16,0.,1.));
#3385=DIRECTION('',(0.,1.,0.));
#3386=DIRECTION('',(0.,1.,0.));
#3387=DIRECTION('',(1.,0.,0.));
#3388=DIRECTION('',(0.,0.,1.));
#3389=DIRECTION('',(0.,-1.,0.));
#3390=DIRECTION('',(-6.42490176287706E-16,1.,0.));
#3391=DIRECTION('',(0.,1.,0.));
#3392=DIRECTION('',(0.,1.,0.));
#3393=DIRECTION('',(1.,0.,0.));
#3394=DIRECTION('',(0.,1.,0.));
#3395=DIRECTION('',(-1.,0.,-1.23908819712629E-16));
#3396=DIRECTION('',(-1.23908819712629E-16,0.,1.));
#3397=DIRECTION('',(0.,1.,0.));
#3398=DIRECTION('',(0.,1.,0.));
#3399=DIRECTION('',(1.,0.,0.));
#3400=DIRECTION('',(0.,1.,0.));
#3401=DIRECTION('',(1.,0.,0.));
#3402=DIRECTION('',(0.,1.,0.));
#3403=DIRECTION('',(0.,1.,0.));
#3404=DIRECTION('',(1.,0.,0.));
#3405=DIRECTION('',(0.,1.,0.));
#3406=DIRECTION('',(-1.,0.,-1.23908819712629E-16));
#3407=DIRECTION('',(-1.23908819712629E-16,0.,1.));
#3408=DIRECTION('',(0.,1.,0.));
#3409=DIRECTION('',(1.23908819712629E-16,0.,-1.));
#3410=DIRECTION('',(0.,1.,0.));
#3411=DIRECTION('',(0.,1.,0.));
#3412=DIRECTION('',(1.,0.,0.));
#3413=DIRECTION('',(0.,1.,0.));
#3414=DIRECTION('',(0.,1.,0.));
#3415=DIRECTION('',(1.,0.,0.));
#3416=DIRECTION('',(0.,1.,0.));
#3417=DIRECTION('',(0.,1.,0.));
#3418=DIRECTION('',(1.,0.,0.));
#3419=DIRECTION('',(0.,1.,0.));
#3420=DIRECTION('',(0.,1.,0.));
#3421=DIRECTION('',(1.,0.,0.));
#3422=DIRECTION('',(0.,1.,0.));
#3423=DIRECTION('',(-1.,0.,-1.23908819712629E-16));
#3424=DIRECTION('',(-1.23908819712629E-16,0.,1.));
#3425=DIRECTION('',(0.,-1.,0.));
#3426=DIRECTION('',(-1.23908819712629E-16,0.,1.));
#3427=DIRECTION('',(0.,-1.,0.));
#3428=DIRECTION('',(0.,0.,1.));
#3429=DIRECTION('',(0.,-1.,0.));
#3430=DIRECTION('',(0.,1.,0.));
#3431=DIRECTION('',(-1.,0.,0.));
#3432=DIRECTION('',(-6.42490176287706E-16,1.,0.));
#3433=DIRECTION('',(1.,2.19585250123647E-16,0.));
#3434=DIRECTION('',(2.19585250123647E-16,-1.,0.));
#3435=DIRECTION('',(2.19585250123647E-16,-1.,0.));
#3436=DIRECTION('',(0.,0.,-1.));
#3437=DIRECTION('',(-2.19585250123647E-16,1.,0.));
#3438=DIRECTION('',(1.,6.42490176287706E-16,0.));
#3439=DIRECTION('',(6.42490176287706E-16,-1.,0.));
#3440=DIRECTION('',(-6.42490176287706E-16,1.,0.));
#3441=DIRECTION('',(0.,0.,1.));
#3442=DIRECTION('',(-6.42490176287706E-16,1.,0.));
#3443=DIRECTION('',(4.54309160498777E-16,-0.707106781186548,-0.707106781186548));
#3444=DIRECTION('',(0.,0.,1.));
#3445=DIRECTION('',(1.,0.,0.));
#3446=DIRECTION('',(-2.19585250123647E-16,1.,0.));
#3447=DIRECTION('',(1.,0.,0.));
#3448=DIRECTION('',(-6.42490176287706E-16,1.,0.));
#3449=DIRECTION('',(-1.,0.,0.));
#3450=DIRECTION('',(0.,1.,0.));
#3451=DIRECTION('',(0.,0.,1.));
#3452=DIRECTION('',(-1.,0.,0.));
#3453=DIRECTION('',(0.,1.,0.));
#3454=DIRECTION('',(0.,0.,1.));
#3455=DIRECTION('',(9.63735264431559E-17,0.,1.));
#3456=DIRECTION('',(1.,0.,-9.63735264431559E-17));
#3457=DIRECTION('',(0.,-1.,0.));
#3458=DIRECTION('',(-1.,0.,9.63735264431559E-17));
#3459=DIRECTION('',(0.,-1.,0.));
#3460=DIRECTION('',(-1.,0.,9.63735264431559E-17));
#3461=DIRECTION('',(0.,0.,-1.));
#3462=DIRECTION('',(0.,1.,0.));
#3463=DIRECTION('',(0.,-1.,0.));
#3464=DIRECTION('',(1.,0.,0.));
#3465=DIRECTION('',(0.,-1.,0.));
#3466=DIRECTION('',(1.,0.,0.));
#3467=DIRECTION('',(-1.,0.,6.74614685102092E-16));
#3468=DIRECTION('',(6.74614685102092E-16,0.,1.));
#3469=DIRECTION('',(0.,-1.,0.));
#3470=DIRECTION('',(-6.74614685102092E-16,0.,-1.));
#3471=DIRECTION('',(0.,-1.,0.));
#3472=DIRECTION('',(-6.74614685102092E-16,0.,-1.));
#3473=DIRECTION('',(6.19544098563145E-16,0.,1.));
#3474=DIRECTION('',(1.,0.,-6.19544098563145E-16));
#3475=DIRECTION('',(0.,-1.,0.));
#3476=DIRECTION('',(-1.,0.,6.19544098563145E-16));
#3477=DIRECTION('',(0.,-1.,0.));
#3478=DIRECTION('',(-1.,0.,6.19544098563145E-16));
#3479=DIRECTION('',(-4.87890977618477E-16,0.,-1.));
#3480=DIRECTION('',(-1.,0.,4.87890977618477E-16));
#3481=DIRECTION('',(0.,-1.,0.));
#3482=DIRECTION('',(1.,0.,-4.87890977618477E-16));
#3483=DIRECTION('',(0.,-1.,0.));
#3484=DIRECTION('',(1.,0.,-4.87890977618477E-16));
#3485=DIRECTION('',(1.,0.,-5.42101086242752E-16));
#3486=DIRECTION('',(-5.42101086242752E-16,0.,-1.));
#3487=DIRECTION('',(0.,-1.,0.));
#3488=DIRECTION('',(5.42101086242752E-16,0.,1.));
#3489=DIRECTION('',(0.,-1.,0.));
#3490=DIRECTION('',(5.42101086242752E-16,0.,1.));
#3491=DIRECTION('',(0.,1.,0.));
#3492=DIRECTION('',(1.,0.,0.));
#3493=DIRECTION('',(0.,1.,0.));
#3494=DIRECTION('',(1.,0.,0.));
#3495=DIRECTION('',(-1.,0.,0.));
#3496=DIRECTION('',(0.,1.,0.));
#3497=DIRECTION('',(1.,0.,0.));
#3498=DIRECTION('',(6.74614685102092E-16,0.,1.));
#3499=DIRECTION('',(0.,1.,0.));
#3500=DIRECTION('',(1.,0.,0.));
#3501=DIRECTION('',(1.,0.,-6.19544098563145E-16));
#3502=DIRECTION('',(0.,1.,0.));
#3503=DIRECTION('',(1.,0.,0.));
#3504=DIRECTION('',(-1.,0.,4.87890977618477E-16));
#3505=DIRECTION('',(0.,1.,0.));
#3506=DIRECTION('',(1.,0.,0.));
#3507=DIRECTION('',(-5.42101086242752E-16,0.,-1.));
#3508=DIRECTION('',(0.,1.,0.));
#3509=DIRECTION('',(1.,0.,0.));
#3510=DIRECTION('',(1.,0.,-9.63735264431559E-17));
#3511=DIRECTION('',(-2.47817639425259E-16,0.,-1.));
#3512=DIRECTION('',(-1.,0.,2.47817639425259E-16));
#3513=DIRECTION('',(0.,-1.,0.));
#3514=DIRECTION('',(1.,0.,-2.47817639425259E-16));
#3515=DIRECTION('',(0.,-1.,0.));
#3516=DIRECTION('',(1.,0.,-2.47817639425259E-16));
#3517=DIRECTION('',(3.61400724161835E-16,0.,1.));
#3518=DIRECTION('',(1.,0.,-3.61400724161835E-16));
#3519=DIRECTION('',(0.,-1.,0.));
#3520=DIRECTION('',(-1.,0.,3.61400724161835E-16));
#3521=DIRECTION('',(0.,-1.,0.));
#3522=DIRECTION('',(-1.,0.,3.61400724161835E-16));
#3523=DIRECTION('',(-1.,0.,8.67361737988404E-16));
#3524=DIRECTION('',(8.67361737988404E-16,0.,1.));
#3525=DIRECTION('',(0.,-1.,0.));
#3526=DIRECTION('',(-8.67361737988404E-16,0.,-1.));
#3527=DIRECTION('',(0.,-1.,0.));
#3528=DIRECTION('',(-8.67361737988404E-16,0.,-1.));
#3529=DIRECTION('',(-7.33921470605572E-16,0.,-1.));
#3530=DIRECTION('',(-1.,0.,7.33921470605572E-16));
#3531=DIRECTION('',(0.,-1.,0.));
#3532=DIRECTION('',(1.,0.,-7.33921470605572E-16));
#3533=DIRECTION('',(0.,-1.,0.));
#3534=DIRECTION('',(1.,0.,-7.33921470605572E-16));
#3535=DIRECTION('',(8.0953762212251E-16,0.,1.));
#3536=DIRECTION('',(1.,0.,-8.0953762212251E-16));
#3537=DIRECTION('',(0.,-1.,0.));
#3538=DIRECTION('',(-1.,0.,8.0953762212251E-16));
#3539=DIRECTION('',(0.,-1.,0.));
#3540=DIRECTION('',(-1.,0.,8.0953762212251E-16));
#3541=DIRECTION('',(1.,0.,-1.06010879087472E-15));
#3542=DIRECTION('',(-1.06010879087472E-15,0.,-1.));
#3543=DIRECTION('',(0.,-1.,0.));
#3544=DIRECTION('',(1.06010879087472E-15,0.,1.));
#3545=DIRECTION('',(0.,-1.,0.));
#3546=DIRECTION('',(1.06010879087472E-15,0.,1.));
#3547=DIRECTION('',(0.,1.,0.));
#3548=DIRECTION('',(1.,0.,0.));
#3549=DIRECTION('',(0.,1.,0.));
#3550=DIRECTION('',(1.,0.,0.));
#3551=DIRECTION('',(-1.,0.,7.33921470605572E-16));
#3552=DIRECTION('',(0.,1.,0.));
#3553=DIRECTION('',(1.,0.,0.));
#3554=DIRECTION('',(1.,0.,-8.0953762212251E-16));
#3555=DIRECTION('',(0.,1.,0.));
#3556=DIRECTION('',(1.,0.,0.));
#3557=DIRECTION('',(-1.06010879087472E-15,0.,-1.));
#3558=DIRECTION('',(0.,1.,0.));
#3559=DIRECTION('',(1.,0.,0.));
#3560=DIRECTION('',(-1.,0.,2.47817639425259E-16));
#3561=DIRECTION('',(0.,1.,0.));
#3562=DIRECTION('',(1.,0.,0.));
#3563=DIRECTION('',(1.,0.,-3.61400724161835E-16));
#3564=DIRECTION('',(0.,1.,0.));
#3565=DIRECTION('',(1.,0.,0.));
#3566=DIRECTION('',(8.67361737988404E-16,0.,1.));
#3567=DIRECTION('',(0.,-1.,0.));
#3568=DIRECTION('',(-1.,0.,0.));
#3569=DIRECTION('',(0.,1.,0.));
#3570=DIRECTION('',(1.,0.,0.));
#3571=DIRECTION('',(0.,1.,0.));
#3572=DIRECTION('',(1.,0.,0.));
#3573=DIRECTION('',(0.,-1.,0.));
#3574=DIRECTION('',(-1.,0.,0.));
#3575=DIRECTION('',(0.,1.,0.));
#3576=DIRECTION('',(1.,0.,0.));
#3577=DIRECTION('',(0.,1.,0.));
#3578=DIRECTION('',(1.,0.,0.));
#3579=DIRECTION('',(0.,-1.,0.));
#3580=DIRECTION('',(-1.,0.,0.));
#3581=DIRECTION('',(0.,1.,0.));
#3582=DIRECTION('',(1.,0.,0.));
#3583=DIRECTION('',(0.,1.,0.));
#3584=DIRECTION('',(1.,0.,0.));
#3585=DIRECTION('',(0.,-1.,0.));
#3586=DIRECTION('',(-1.,0.,0.));
#3587=DIRECTION('',(0.,1.,0.));
#3588=DIRECTION('',(1.,0.,0.));
#3589=DIRECTION('',(0.,1.,0.));
#3590=DIRECTION('',(1.,0.,0.));
#3591=DIRECTION('',(0.,1.,0.));
#3592=DIRECTION('',(1.,0.,0.));
#3593=DIRECTION('',(0.,1.,0.));
#3594=DIRECTION('',(1.,0.,0.));
#3595=DIRECTION('',(0.,1.,0.));
#3596=DIRECTION('',(1.,0.,0.));
#3597=DIRECTION('',(0.,1.,0.));
#3598=DIRECTION('',(1.,0.,0.));
#3599=DIRECTION('',(0.,1.,0.));
#3600=DIRECTION('',(1.,0.,0.));
#3601=DIRECTION('',(0.,1.,0.));
#3602=DIRECTION('',(1.,0.,0.));
#3603=DIRECTION('',(0.,1.,0.));
#3604=DIRECTION('',(1.,0.,0.));
#3605=DIRECTION('',(0.,1.,0.));
#3606=DIRECTION('',(1.,0.,0.));
#3607=DIRECTION('',(0.,1.,0.));
#3608=DIRECTION('',(1.,0.,0.));
#3609=DIRECTION('',(0.,1.,0.));
#3610=DIRECTION('',(1.,0.,0.));
#3611=DIRECTION('',(0.,1.,0.));
#3612=DIRECTION('',(1.,0.,0.));
#3613=DIRECTION('',(0.,1.,0.));
#3614=DIRECTION('',(1.,0.,0.));
#3615=DIRECTION('',(0.,-1.,0.));
#3616=DIRECTION('',(-1.,0.,0.));
#3617=DIRECTION('',(0.,1.,0.));
#3618=DIRECTION('',(1.,0.,0.));
#3619=DIRECTION('',(0.,1.,0.));
#3620=DIRECTION('',(1.,0.,0.));
#3621=DIRECTION('',(0.,-1.,0.));
#3622=DIRECTION('',(-1.,0.,0.));
#3623=DIRECTION('',(0.,1.,0.));
#3624=DIRECTION('',(1.,0.,0.));
#3625=DIRECTION('',(0.,1.,0.));
#3626=DIRECTION('',(1.,0.,0.));
#3627=DIRECTION('',(0.,-1.,0.));
#3628=DIRECTION('',(-1.,0.,0.));
#3629=DIRECTION('',(0.,1.,0.));
#3630=DIRECTION('',(1.,0.,0.));
#3631=DIRECTION('',(0.,1.,0.));
#3632=DIRECTION('',(1.,0.,0.));
#3633=DIRECTION('',(0.,-1.,0.));
#3634=DIRECTION('',(-1.,0.,0.));
#3635=DIRECTION('',(0.,1.,0.));
#3636=DIRECTION('',(1.,0.,0.));
#3637=DIRECTION('',(0.,1.,0.));
#3638=DIRECTION('',(1.,0.,0.));
#3639=DIRECTION('',(-1.06010879087472E-15,0.,-1.));
#3640=DIRECTION('',(-1.,0.,1.06010879087472E-15));
#3641=DIRECTION('',(8.67361737988403E-16,0.,1.));
#3642=DIRECTION('',(1.,0.,-8.67361737988403E-16));
#3643=DIRECTION('',(-8.67361737988403E-16,0.,-1.));
#3644=DIRECTION('',(-1.,0.,8.67361737988403E-16));
#3645=DIRECTION('',(0.,1.,0.));
#3646=DIRECTION('',(1.,0.,0.));
#3647=DIRECTION('',(1.,0.,0.));
#3648=DIRECTION('',(0.,-1.,0.));
#3649=DIRECTION('',(0.,1.,0.));
#3650=DIRECTION('',(1.,0.,0.));
#3651=DIRECTION('',(1.,0.,0.));
#3652=DIRECTION('',(0.,-1.,0.));
#3653=DIRECTION('',(1.,0.,-8.0953762212251E-16));
#3654=DIRECTION('',(-8.0953762212251E-16,0.,-1.));
#3655=DIRECTION('',(1.,0.,-8.67361737988403E-16));
#3656=DIRECTION('',(-8.67361737988403E-16,0.,-1.));
#3657=DIRECTION('',(-1.,0.,2.47817639425259E-16));
#3658=DIRECTION('',(2.47817639425259E-16,0.,1.));
#3659=DIRECTION('',(1.,0.,-4.33680868994202E-16));
#3660=DIRECTION('',(-4.33680868994202E-16,0.,-1.));
#3661=DIRECTION('',(0.,1.,0.));
#3662=DIRECTION('',(1.,0.,0.));
#3663=DIRECTION('',(-1.,0.,6.50521303491303E-16));
#3664=DIRECTION('',(6.50521303491303E-16,0.,1.));
#3665=DIRECTION('',(0.,1.,0.));
#3666=DIRECTION('',(1.,0.,0.));
#3667=DIRECTION('',(-1.,0.,4.33680868994202E-16));
#3668=DIRECTION('',(4.33680868994202E-16,0.,1.));
#3669=DIRECTION('',(-1.,0.,7.33921470605572E-16));
#3670=DIRECTION('',(7.33921470605572E-16,0.,1.));
#3671=DIRECTION('',(-1.,0.,0.));
#3672=DIRECTION('',(0.,1.,0.));
#3673=DIRECTION('',(1.,0.,-3.61400724161835E-16));
#3674=DIRECTION('',(-3.61400724161835E-16,0.,-1.));
#3675=DIRECTION('',(-1.,0.,0.));
#3676=DIRECTION('',(0.,1.,0.));
#3677=DIRECTION('',(0.,1.,0.));
#3678=DIRECTION('',(1.,0.,0.));
#3679=DIRECTION('',(8.67361737988403E-16,0.,1.));
#3680=DIRECTION('',(1.,0.,-8.67361737988403E-16));
#3681=DIRECTION('',(0.,1.,0.));
#3682=DIRECTION('',(1.,0.,0.));
#3683=DIRECTION('',(-8.67361737988403E-16,0.,-1.));
#3684=DIRECTION('',(-1.,0.,8.67361737988403E-16));
#3685=DIRECTION('',(8.67361737988404E-16,0.,1.));
#3686=DIRECTION('',(1.,0.,-8.67361737988404E-16));
#3687=DIRECTION('',(0.,1.,0.));
#3688=DIRECTION('',(1.,0.,0.));
#3689=DIRECTION('',(4.33680868994202E-16,0.,1.));
#3690=DIRECTION('',(1.,0.,-4.33680868994202E-16));
#3691=DIRECTION('',(-1.,0.,4.33680868994202E-16));
#3692=DIRECTION('',(4.33680868994202E-16,0.,1.));
#3693=DIRECTION('',(-1.,0.,4.87890977618477E-16));
#3694=DIRECTION('',(4.87890977618477E-16,0.,1.));
#3695=DIRECTION('',(-1.,0.,8.67361737988404E-16));
#3696=DIRECTION('',(8.67361737988404E-16,0.,1.));
#3697=DIRECTION('',(-5.42101086242752E-16,0.,-1.));
#3698=DIRECTION('',(-1.,0.,5.42101086242752E-16));
#3699=DIRECTION('',(0.,0.,1.));
#3700=DIRECTION('',(0.,-1.,0.));
#3701=DIRECTION('',(0.,1.,0.));
#3702=DIRECTION('',(1.,0.,0.));
#3703=DIRECTION('',(1.,0.,-8.67361737988403E-16));
#3704=DIRECTION('',(-8.67361737988403E-16,0.,-1.));
#3705=DIRECTION('',(0.,1.,0.));
#3706=DIRECTION('',(1.,0.,0.));
#3707=DIRECTION('',(-1.,0.,1.0842021724855E-16));
#3708=DIRECTION('',(1.0842021724855E-16,0.,1.));
#3709=DIRECTION('',(1.,0.,-6.19544098563145E-16));
#3710=DIRECTION('',(-6.19544098563145E-16,0.,-1.));
#3711=DIRECTION('',(1.,0.,-8.67361737988403E-16));
#3712=DIRECTION('',(-8.67361737988403E-16,0.,-1.));
#3713=DIRECTION('',(1.,0.,-9.63735264431559E-17));
#3714=DIRECTION('',(-9.63735264431559E-17,0.,-1.));
#3715=DIRECTION('',(-1.,0.,0.));
#3716=DIRECTION('',(0.,1.,0.));
#3717=DIRECTION('',(0.,1.,0.));
#3718=DIRECTION('',(1.,0.,0.));
#3719=DIRECTION('',(6.50521303491303E-16,0.,1.));
#3720=DIRECTION('',(1.,0.,-6.50521303491303E-16));
#3721=DIRECTION('',(0.,1.,0.));
#3722=DIRECTION('',(1.,0.,0.));
#3723=DIRECTION('',(1.,0.,0.));
#3724=DIRECTION('',(0.,-1.,0.));
#3725=DIRECTION('',(6.74614685102092E-16,0.,1.));
#3726=DIRECTION('',(1.,0.,-6.74614685102092E-16));
#3727=DIRECTION('',(1.73472347597681E-15,0.,1.));
#3728=DIRECTION('',(1.,0.,-1.73472347597681E-15));
#3729=DIRECTION('',(-1.,0.,0.));
#3730=DIRECTION('',(0.,1.,0.));
#3731=DIRECTION('',(1.,0.,0.));
#3732=DIRECTION('',(0.,-1.,0.));
#3733=DIRECTION('',(0.,1.,0.));
#3734=DIRECTION('',(1.,0.,0.));
#3735=DIRECTION('',(1.75233533335243E-16,-0.707106781186547,0.707106781186548));
#3736=DIRECTION('',(1.,0.,-2.47817639425259E-16));
#3737=DIRECTION('',(-6.13317366673349E-16,-0.707106781186548,-0.707106781186548));
#3738=DIRECTION('',(0.,0.707106781186546,0.707106781186549));
#3739=DIRECTION('',(0.,-1.,0.));
#3740=DIRECTION('',(-1.,0.,0.));
#3741=DIRECTION('',(-0.707106781186549,0.707106781186546,1.2266347333467E-15));
#3742=DIRECTION('',(0.,-1.,0.));
#3743=DIRECTION('',(-1.,0.,0.));
#3744=DIRECTION('',(0.,-0.707106781186548,0.707106781186548));
#3745=DIRECTION('',(-0.707106781186547,-0.707106781186548,7.49610114822983E-16));
#3746=DIRECTION('',(1.06010879087472E-15,0.,1.));
#3747=DIRECTION('',(-0.707106781186548,0.707106781186548,1.2266347333467E-15));
#3748=DIRECTION('',(-2.55548902780563E-16,-0.707106781186548,-0.707106781186548));
#3749=DIRECTION('',(-1.,0.,3.61400724161835E-16));
#3750=DIRECTION('',(0.,-0.707106781186548,0.707106781186548));
#3751=DIRECTION('',(0.,-1.,0.));
#3752=DIRECTION('',(-1.,0.,0.));
#3753=DIRECTION('',(0.,0.707106781186548,-0.707106781186548));
#3754=DIRECTION('',(0.,1.,0.));
#3755=DIRECTION('',(1.,0.,0.));
#3756=DIRECTION('',(-0.707106781186548,-0.707106781186548,6.13317366673349E-16));
#3757=DIRECTION('',(-5.72429542228459E-16,-0.707106781186548,-0.707106781186547));
#3758=DIRECTION('',(-1.,0.,8.0953762212251E-16));
#3759=DIRECTION('',(-6.13317366673349E-16,0.707106781186548,-0.707106781186548));
#3760=DIRECTION('',(0.707106781186547,-0.707106781186548,-6.1331736667335E-16));
#3761=DIRECTION('',(-8.67361737988404E-16,0.,-1.));
#3762=DIRECTION('',(-0.707106781186548,-0.707106781186548,1.2266347333467E-15));
#3763=DIRECTION('',(0.,-1.,0.));
#3764=DIRECTION('',(-1.,0.,0.));
#3765=DIRECTION('',(6.13317366673349E-16,0.707106781186548,0.707106781186548));
#3766=DIRECTION('',(0.,1.,0.));
#3767=DIRECTION('',(1.,0.,0.));
#3768=DIRECTION('',(0.,-0.707106781186548,-0.707106781186548));
#3769=DIRECTION('',(5.18960848723603E-16,-0.707106781186548,0.707106781186547));
#3770=DIRECTION('',(1.,0.,-7.33921470605572E-16));
#3771=DIRECTION('',(3.44991018753759E-16,-0.707106781186548,0.707106781186548));
#3772=DIRECTION('',(1.,0.,-4.87890977618477E-16));
#3773=DIRECTION('',(-3.06658683336674E-16,-0.707106781186548,-0.707106781186547));
#3774=DIRECTION('',(0.,0.707106781186548,0.707106781186547));
#3775=DIRECTION('',(0.,-1.,0.));
#3776=DIRECTION('',(-1.,0.,0.));
#3777=DIRECTION('',(0.,0.707106781186548,-0.707106781186548));
#3778=DIRECTION('',(0.,1.,0.));
#3779=DIRECTION('',(1.,0.,0.));
#3780=DIRECTION('',(0.707106781186548,-0.707106781186548,-6.13317366673349E-16));
#3781=DIRECTION('',(-4.38083833338107E-16,-0.707106781186548,-0.707106781186547));
#3782=DIRECTION('',(-1.,0.,6.19544098563145E-16));
#3783=DIRECTION('',(-6.13317366673349E-16,0.707106781186548,-0.707106781186548));
#3784=DIRECTION('',(-0.707106781186548,-0.707106781186548,3.83323354170844E-16));
#3785=DIRECTION('',(5.42101086242752E-16,0.,1.));
#3786=DIRECTION('',(0.707106781186548,-0.707106781186548,0.));
#3787=DIRECTION('',(0.,-1.,0.));
#3788=DIRECTION('',(-1.,0.,0.));
#3789=DIRECTION('',(0.707106781186548,0.707106781186548,-4.59988025005012E-16));
#3790=DIRECTION('',(0.,1.,0.));
#3791=DIRECTION('',(1.,0.,0.));
#3792=DIRECTION('',(0.,-0.707106781186548,0.707106781186548));
#3793=DIRECTION('',(0.707106781186548,-0.707106781186547,-4.77024618523717E-16));
#3794=DIRECTION('',(-6.74614685102092E-16,0.,-1.));
#3795=DIRECTION('',(0.707106781186546,0.707106781186549,0.));
#3796=DIRECTION('',(-6.81463740748166E-17,-0.707106781186548,-0.707106781186547));
#3797=DIRECTION('',(-1.,0.,9.63735264431559E-17));
#3798=DIRECTION('',(0.,-0.707106781186546,0.707106781186549));
#3799=DIRECTION('',(0.,-1.,0.));
#3800=DIRECTION('',(-1.,0.,0.));
#3801=DIRECTION('',(0.,0.707106781186548,0.707106781186548));
#3802=DIRECTION('',(0.,-1.,0.));
#3803=DIRECTION('',(-1.,0.,0.));
#3804=DIRECTION('',(0.,-0.707106781186548,-0.707106781186548));
#3805=DIRECTION('',(0.,-0.707106781186548,0.707106781186548));
#3806=DIRECTION('',(1.,0.,0.));
#3807=DIRECTION('',(0.,1.,0.));
#3808=DIRECTION('',(1.,0.,0.));
#3809=DIRECTION('',(0.,1.,0.));
#3810=DIRECTION('',(1.,0.,0.));
#3811=DIRECTION('',(0.,1.,0.));
#3812=DIRECTION('',(1.,0.,0.));
#3813=DIRECTION('',(0.,1.,0.));
#3814=DIRECTION('',(1.,0.,0.));
#3815=DIRECTION('',(0.,1.,0.));
#3816=DIRECTION('',(1.,0.,0.));
#3817=DIRECTION('',(0.,1.,0.));
#3818=DIRECTION('',(1.,0.,0.));
#3819=DIRECTION('',(0.,1.,0.));
#3820=DIRECTION('',(1.,0.,0.));
#3821=DIRECTION('',(0.,1.,0.));
#3822=DIRECTION('',(1.,0.,0.));
#3823=DIRECTION('',(0.,1.,0.));
#3824=DIRECTION('',(1.,0.,0.));
#3825=DIRECTION('',(0.,1.,0.));
#3826=DIRECTION('',(1.,0.,0.));
#3827=DIRECTION('',(0.,1.,0.));
#3828=DIRECTION('',(1.,0.,0.));
#3829=DIRECTION('',(0.,1.,0.));
#3830=DIRECTION('',(1.,0.,0.));
#3831=DIRECTION('',(0.,1.,0.));
#3832=DIRECTION('',(1.,0.,0.));
#3833=DIRECTION('',(0.,1.,0.));
#3834=DIRECTION('',(1.,0.,0.));
#3835=DIRECTION('',(0.,0.,1.));
#3836=DIRECTION('',(0.,-1.,0.));
#3837=DIRECTION('',(0.,-0.707106781186548,0.707106781186548));
#3838=DIRECTION('',(1.,0.,0.));
#3839=DIRECTION('',(0.,0.707106781186548,0.707106781186548));
#3840=DIRECTION('',(0.,1.,0.));
#3841=DIRECTION('',(1.,0.,0.));
#3842=DIRECTION('',(0.706621630679217,0.70710678118655,0.0261891400439412));
#3843=DIRECTION('',(0.,-1.,0.));
#3844=DIRECTION('',(-1.,0.,0.));
#3845=DIRECTION('',(0.0261891400439411,0.707106781186547,0.706621630679219));
#3846=DIRECTION('',(0.,1.,0.));
#3847=DIRECTION('',(1.,0.,0.));
#3848=DIRECTION('',(0.707106781186545,0.70710678118655,0.));
#3849=DIRECTION('',(-0.707106781186548,0.707106781186548,-8.76167666676214E-17));
#3850=DIRECTION('',(1.23908819712629E-16,0.,-1.));
#3851=DIRECTION('',(0.707106781186548,0.707106781186548,0.));
#3852=DIRECTION('',(0.,1.,0.));
#3853=DIRECTION('',(1.,0.,0.));
#3854=DIRECTION('',(0.0261891400439459,0.707106781186542,-0.706621630679224));
#3855=DIRECTION('',(0.,-1.,0.));
#3856=DIRECTION('',(-1.,0.,0.));
#3857=DIRECTION('',(0.706621630679217,0.70710678118655,-0.0261891400439412));
#3858=DIRECTION('',(0.,1.,0.));
#3859=DIRECTION('',(1.,0.,0.));
#3860=DIRECTION('',(0.,0.707106781186548,-0.707106781186548));
#3861=DIRECTION('',(0.,0.707106781186548,0.707106781186548));
#3862=DIRECTION('',(-1.,0.,0.));
#3863=DIRECTION('',(0.,0.707106781186548,-0.707106781186548));
#3864=DIRECTION('',(0.,1.,0.));
#3865=DIRECTION('',(1.,0.,0.));
#3866=DIRECTION('',(-0.706621630679217,0.70710678118655,-0.026189140043951));
#3867=DIRECTION('',(0.,-1.,0.));
#3868=DIRECTION('',(-1.,0.,0.));
#3869=DIRECTION('',(-0.026189140043946,0.707106781186547,-0.706621630679219));
#3870=DIRECTION('',(0.,1.,0.));
#3871=DIRECTION('',(1.,0.,0.));
#3872=DIRECTION('',(-0.707106781186545,0.70710678118655,0.));
#3873=DIRECTION('',(-0.707106781186548,-0.707106781186548,-8.76167666676214E-17));
#3874=DIRECTION('',(-1.23908819712629E-16,0.,1.));
#3875=DIRECTION('',(-0.707106781186548,0.707106781186548,0.));
#3876=DIRECTION('',(0.,1.,0.));
#3877=DIRECTION('',(1.,0.,0.));
#3878=DIRECTION('',(-0.0261891400439459,0.707106781186542,0.706621630679224));
#3879=DIRECTION('',(0.,-1.,0.));
#3880=DIRECTION('',(-1.,0.,0.));
#3881=DIRECTION('',(0.,1.,0.));
#3882=DIRECTION('',(1.,0.,0.));
#3883=DIRECTION('',(0.,1.,0.));
#3884=DIRECTION('',(1.,0.,0.));
#3885=DIRECTION('',(0.,1.,0.));
#3886=DIRECTION('',(1.,0.,0.));
#3887=DIRECTION('',(0.,1.,0.));
#3888=DIRECTION('',(1.,0.,0.));
#3889=DIRECTION('',(-6.42490176287706E-16,1.,0.));
#3890=DIRECTION('',(1.,6.42490176287706E-16,0.));
#3891=DIRECTION('',(-1.73472347597681E-15,1.,0.));
#3892=DIRECTION('',(1.,1.73472347597681E-15,0.));
#3893=DIRECTION('',(2.19585250123647E-16,-1.,0.));
#3894=DIRECTION('',(-1.,-2.19585250123647E-16,0.));
#3895=DIRECTION('',(0.,1.,0.));
#3896=DIRECTION('',(1.,0.,0.));
#3897=DIRECTION('',(-0.707106781186548,0.707106781186548,-8.76167666676214E-17));
#3898=DIRECTION('',(-1.23908819712629E-16,0.,1.));
#3899=DIRECTION('',(-0.707106781186548,-0.707106781186548,0.));
#3900=DIRECTION('',(0.707106781186548,0.707106781186548,0.));
#3901=DIRECTION('',(0.,1.,0.));
#3902=DIRECTION('',(1.,0.,0.));
#3903=DIRECTION('',(0.,0.707106781186543,0.707106781186552));
#3904=DIRECTION('',(0.,1.,0.));
#3905=DIRECTION('',(1.,0.,0.));
#3906=DIRECTION('',(0.,-0.707106781186543,0.707106781186552));
#3907=DIRECTION('',(-0.707106781186548,-4.54309160498778E-16,0.707106781186547));
#3908=DIRECTION('',(6.42490176287706E-16,-1.,0.));
#3909=DIRECTION('',(-0.707106781186547,-1.24961746500065E-15,-0.707106781186548));
#3910=DIRECTION('',(0.,-0.707106781186548,0.707106781186548));
#3911=DIRECTION('',(-1.,0.,0.));
#3912=DIRECTION('',(0.,0.707106781186548,0.707106781186548));
#3913=DIRECTION('',(0.,0.707106781186548,0.707106781186548));
#3914=DIRECTION('',(1.,0.,0.));
#3915=DIRECTION('',(0.,-0.707106781186548,0.707106781186548));
#3916=DIRECTION('',(-0.577350269189626,-0.577350269189626,0.577350269189626));
#3917=DIRECTION('',(-0.707106781186548,0.707106781186548,0.));
#3918=DIRECTION('',(-0.707106781186548,0.707106781186548,0.));
#3919=DIRECTION('',(0.,1.,0.));
#3920=DIRECTION('',(1.,0.,0.));
#3921=DIRECTION('',(0.707106781186548,-0.707106781186548,0.));
#3922=DIRECTION('',(0.707106781186548,0.707106781186548,0.));
#3923=DIRECTION('',(0.,0.,1.));
#3924=DIRECTION('',(-0.707106781186548,0.707106781186548,0.));
#3925=DIRECTION('',(-0.707106781186548,-0.707106781186548,-8.76167666676214E-17));
#3926=DIRECTION('',(1.23908819712629E-16,0.,-1.));
#3927=DIRECTION('',(0.707106781186548,-0.707106781186548,0.));
#3928=DIRECTION('',(1.73472347597681E-15,-1.,0.));
#3929=DIRECTION('',(-1.,-1.73472347597681E-15,0.));
#3930=DIRECTION('',(0.,0.707106781186548,0.707106781186548));
#3931=DIRECTION('',(0.,1.,0.));
#3932=DIRECTION('',(1.,0.,0.));
#3933=DIRECTION('',(0.,-0.707106781186543,-0.707106781186552));
#3934=DIRECTION('',(0.,-0.707106781186548,0.707106781186548));
#3935=DIRECTION('',(-1.,0.,0.));
#3936=DIRECTION('',(4.90653893338679E-15,0.707106781186548,0.707106781186548));
#3937=DIRECTION('',(0.,-0.707106781186548,0.707106781186548));
#3938=DIRECTION('',(-1.,0.,0.));
#3939=DIRECTION('',(0.,-0.707106781186548,-0.707106781186548));
#3940=DIRECTION('',(-0.707106781186546,-1.55270219410974E-16,-0.707106781186549));
#3941=DIRECTION('',(-2.19585250123647E-16,1.,0.));
#3942=DIRECTION('',(0.707106781186549,4.78700562073013E-15,-0.707106781186546));
#3943=DIRECTION('',(0.,-1.,0.));
#3944=DIRECTION('',(-1.,0.,0.));
#3945=DIRECTION('',(0.70710678118655,0.707106781186545,0.));
#3946=DIRECTION('',(0.577350269189627,-0.577350269189625,0.577350269189625));
#3947=DIRECTION('',(-0.707106781186546,-0.707106781186549,0.));
#3948=DIRECTION('',(0.707106781186548,0.707106781186548,-2.30755522366028E-15));
#3949=DIRECTION('',(0.707106781186548,-0.707106781186548,0.));
#3950=DIRECTION('',(0.,0.,-1.));
#3951=DIRECTION('',(0.,-1.,0.));
#3952=DIRECTION('',(-1.,0.,0.));
#3953=DIRECTION('',(0.,-1.,0.));
#3954=DIRECTION('',(-1.,0.,0.));
#3955=DIRECTION('',(0.,-1.,0.));
#3956=DIRECTION('',(-1.,0.,0.));
#3957=DIRECTION('',(0.,-1.,0.));
#3958=DIRECTION('',(-1.,0.,0.));
#3959=CARTESIAN_POINT('',(0.,0.,0.));
#3960=CARTESIAN_POINT('',(0.,0.,0.));
#3961=CARTESIAN_POINT('',(8.,0.,51.25));
#3962=CARTESIAN_POINT('',(8.,0.,60.25));
#3963=CARTESIAN_POINT('',(8.,0.,60.75));
#3964=CARTESIAN_POINT('',(-26.375,0.,26.375));
#3965=CARTESIAN_POINT('',(8.5,0.,61.25));
#3966=CARTESIAN_POINT('',(-1.04083408558608E-14,0.,61.25));
#3967=CARTESIAN_POINT('',(28.5,0.,61.25));
#3968=CARTESIAN_POINT('',(28.5,0.,56.));
#3969=CARTESIAN_POINT('',(33.75,0.,56.));
#3970=CARTESIAN_POINT('',(33.75,0.,-1.38777878078145E-14));
#3971=CARTESIAN_POINT('',(33.75,0.,-56.));
#3972=CARTESIAN_POINT('',(28.5,0.,-56.));
#3973=CARTESIAN_POINT('',(28.5,0.,-61.25));
#3974=CARTESIAN_POINT('',(1.04083408558608E-14,0.,-61.25));
#3975=CARTESIAN_POINT('',(21.25,0.,-61.25));
#3976=CARTESIAN_POINT('',(21.25,0.,-59.1697013491744));
#3977=CARTESIAN_POINT('',(21.25,0.,-60.25));
#3978=CARTESIAN_POINT('',(1.04083408558608E-14,0.,-60.25));
#3979=CARTESIAN_POINT('',(28.5,0.,-60.25));
#3980=CARTESIAN_POINT('',(28.5,0.,-56.));
#3981=CARTESIAN_POINT('',(32.75,0.,-56.));
#3982=CARTESIAN_POINT('',(32.75,0.,-1.38777878078145E-14));
#3983=CARTESIAN_POINT('',(32.75,0.,56.));
#3984=CARTESIAN_POINT('',(28.5,0.,56.));
#3985=CARTESIAN_POINT('',(28.5,0.,60.25));
#3986=CARTESIAN_POINT('',(-1.04083408558608E-14,0.,60.25));
#3987=CARTESIAN_POINT('',(0.,-1.6,0.));
#3988=CARTESIAN_POINT('',(28.5,-1.6,56.));
#3989=CARTESIAN_POINT('',(30.25,-1.6,56.));
#3990=CARTESIAN_POINT('',(28.5,-1.6,-56.));
#3991=CARTESIAN_POINT('',(30.25,-1.6,-56.));
#3992=CARTESIAN_POINT('',(1.04083408558608E-14,-1.6,-60.25));
#3993=CARTESIAN_POINT('',(21.25,-1.6,-60.25));
#3994=CARTESIAN_POINT('',(28.5,-1.6,-60.25));
#3995=CARTESIAN_POINT('',(21.25,-1.6,0.));
#3996=CARTESIAN_POINT('',(21.25,-1.6,-57.75));
#3997=CARTESIAN_POINT('',(1.04083408558608E-14,-1.6,-57.75));
#3998=CARTESIAN_POINT('',(21.7546312183839,-1.6,-57.75));
#3999=CARTESIAN_POINT('',(21.7546312183839,-1.6,-55.75));
#4000=CARTESIAN_POINT('',(23.7532590055294,-1.6,-55.8240740740741));
#4001=CARTESIAN_POINT('',(28.5,-1.6,-56.));
#4002=CARTESIAN_POINT('',(28.3240740740741,-1.6,-51.2532590055294));
#4003=CARTESIAN_POINT('',(28.25,-1.6,-49.254631218384));
#4004=CARTESIAN_POINT('',(30.25,-1.6,-49.254631218384));
#4005=CARTESIAN_POINT('',(30.25,-1.6,-1.43114686768087E-14));
#4006=CARTESIAN_POINT('',(30.25,-1.6,49.2546312183839));
#4007=CARTESIAN_POINT('',(28.25,-1.6,49.2546312183839));
#4008=CARTESIAN_POINT('',(28.3240740740741,-1.6,51.2532590055294));
#4009=CARTESIAN_POINT('',(28.5,-1.6,56.));
#4010=CARTESIAN_POINT('',(23.7532590055294,-1.6,55.8240740740741));
#4011=CARTESIAN_POINT('',(21.7546312183839,-1.6,55.75));
#4012=CARTESIAN_POINT('',(21.7546312183839,-1.6,57.75));
#4013=CARTESIAN_POINT('',(-1.04083408558608E-14,-1.6,57.75));
#4014=CARTESIAN_POINT('',(8.,-1.6,57.75));
#4015=CARTESIAN_POINT('',(8.,-1.6,0.));
#4016=CARTESIAN_POINT('',(8.,-1.6,60.25));
#4017=CARTESIAN_POINT('',(-1.04083408558608E-14,-1.6,60.25));
#4018=CARTESIAN_POINT('',(28.5,-1.6,60.25));
#4019=CARTESIAN_POINT('',(28.5,-1.6,56.));
#4020=CARTESIAN_POINT('',(32.75,-1.6,56.));
#4021=CARTESIAN_POINT('',(32.75,-1.6,-1.38777878078145E-14));
#4022=CARTESIAN_POINT('',(32.75,-1.6,-56.));
#4023=CARTESIAN_POINT('',(28.5,-1.6,-56.));
#4024=CARTESIAN_POINT('',(1.04083408558608E-14,-1.6,-60.25));
#4025=CARTESIAN_POINT('',(21.25,-1.6,-60.25));
#4026=CARTESIAN_POINT('',(28.5,-1.6,-60.25));
#4027=CARTESIAN_POINT('',(1.04083408558608E-14,-15.8,-57.75));
#4028=CARTESIAN_POINT('',(-21.7546312183839,-13.3,-57.75));
#4029=CARTESIAN_POINT('',(-21.7546312183839,-1.6,-57.75));
#4030=CARTESIAN_POINT('',(-21.7546312183839,-12.8,-57.75));
#4031=CARTESIAN_POINT('',(21.7546312183839,-12.8,-57.75));
#4032=CARTESIAN_POINT('',(21.7546312183839,-12.8,-57.75));
#4033=CARTESIAN_POINT('',(21.7546312183839,-1.6,-57.75));
#4034=CARTESIAN_POINT('',(21.25,-15.8,-57.75));
#4035=CARTESIAN_POINT('',(21.25,-4.1,-57.75));
#4036=CARTESIAN_POINT('',(19.25,-4.1,-57.75));
#4037=CARTESIAN_POINT('',(17.25,-4.1,-57.75));
#4038=CARTESIAN_POINT('',(17.25,-15.8,-57.75));
#4039=CARTESIAN_POINT('',(17.25,-1.6,-57.75));
#4040=CARTESIAN_POINT('',(1.04083408558608E-14,-1.6,-57.75));
#4041=CARTESIAN_POINT('',(-1.04083408558608E-14,-15.8,61.25));
#4042=CARTESIAN_POINT('',(-25.,-15.3,61.25));
#4043=CARTESIAN_POINT('',(-28.5,-15.3,61.25));
#4044=CARTESIAN_POINT('',(-25.5,-15.3,61.25));
#4045=CARTESIAN_POINT('',(-25.5,-15.8,61.25));
#4046=CARTESIAN_POINT('',(-25.5,0.,61.25));
#4047=CARTESIAN_POINT('',(-1.04083408558608E-14,0.,61.25));
#4048=CARTESIAN_POINT('',(-28.5,0.,61.25));
#4049=CARTESIAN_POINT('',(-28.5,-15.8,61.25));
#4050=CARTESIAN_POINT('',(0.,0.,0.));
#4051=CARTESIAN_POINT('',(17.875,0.,17.875));
#4052=CARTESIAN_POINT('',(-25.,0.,60.75));
#4053=CARTESIAN_POINT('',(-25.,0.,51.25));
#4054=CARTESIAN_POINT('',(-25.,0.,60.25));
#4055=CARTESIAN_POINT('',(-1.04083408558608E-14,0.,60.25));
#4056=CARTESIAN_POINT('',(-28.5,0.,60.25));
#4057=CARTESIAN_POINT('',(-28.5,0.,56.));
#4058=CARTESIAN_POINT('',(-32.75,0.,56.));
#4059=CARTESIAN_POINT('',(-32.75,0.,-1.38777878078145E-14));
#4060=CARTESIAN_POINT('',(-32.75,0.,-56.));
#4061=CARTESIAN_POINT('',(-28.5,0.,-56.));
#4062=CARTESIAN_POINT('',(-28.5,0.,-60.25));
#4063=CARTESIAN_POINT('',(1.04083408558608E-14,0.,-60.25));
#4064=CARTESIAN_POINT('',(17.25,0.,-60.25));
#4065=CARTESIAN_POINT('',(17.25,0.,-59.1697013491744));
#4066=CARTESIAN_POINT('',(17.25,0.,-61.25));
#4067=CARTESIAN_POINT('',(1.04083408558608E-14,0.,-61.25));
#4068=CARTESIAN_POINT('',(-28.5,0.,-61.25));
#4069=CARTESIAN_POINT('',(-28.5,0.,-56.));
#4070=CARTESIAN_POINT('',(-33.75,0.,-56.));
#4071=CARTESIAN_POINT('',(-33.75,0.,-1.38777878078145E-14));
#4072=CARTESIAN_POINT('',(-33.75,0.,56.));
#4073=CARTESIAN_POINT('',(-28.5,0.,56.));
#4074=CARTESIAN_POINT('',(0.,-1.6,0.));
#4075=CARTESIAN_POINT('',(-28.5,-1.6,56.));
#4076=CARTESIAN_POINT('',(-26.75,-1.6,56.));
#4077=CARTESIAN_POINT('',(-28.5,-1.6,-56.));
#4078=CARTESIAN_POINT('',(-26.75,-1.6,-56.));
#4079=CARTESIAN_POINT('',(17.25,-1.6,0.));
#4080=CARTESIAN_POINT('',(17.25,-1.6,-60.25));
#4081=CARTESIAN_POINT('',(1.04083408558608E-14,-1.6,-60.25));
#4082=CARTESIAN_POINT('',(-28.5,-1.6,-60.25));
#4083=CARTESIAN_POINT('',(-28.5,-1.6,-56.));
#4084=CARTESIAN_POINT('',(-32.75,-1.6,-56.));
#4085=CARTESIAN_POINT('',(-32.75,-1.6,-1.38777878078145E-14));
#4086=CARTESIAN_POINT('',(-32.75,-1.6,56.));
#4087=CARTESIAN_POINT('',(-28.5,-1.6,56.));
#4088=CARTESIAN_POINT('',(-28.5,-1.6,60.25));
#4089=CARTESIAN_POINT('',(-1.04083408558608E-14,-1.6,60.25));
#4090=CARTESIAN_POINT('',(-25.,-1.6,60.25));
#4091=CARTESIAN_POINT('',(-25.,-1.6,0.));
#4092=CARTESIAN_POINT('',(-25.,-1.6,52.7886918553337));
#4093=CARTESIAN_POINT('',(-28.5,-1.6,56.));
#4094=CARTESIAN_POINT('',(-28.3240740740741,-1.6,51.2532590055294));
#4095=CARTESIAN_POINT('',(-28.25,-1.6,49.2546312183839));
#4096=CARTESIAN_POINT('',(-30.25,-1.6,49.2546312183839));
#4097=CARTESIAN_POINT('',(-30.25,-1.6,-1.34441069388203E-14));
#4098=CARTESIAN_POINT('',(-30.25,-1.6,-49.254631218384));
#4099=CARTESIAN_POINT('',(-28.25,-1.6,-49.254631218384));
#4100=CARTESIAN_POINT('',(-28.3240740740741,-1.6,-51.2532590055295));
#4101=CARTESIAN_POINT('',(-28.5,-1.6,-56.));
#4102=CARTESIAN_POINT('',(-23.7532590055294,-1.6,-55.8240740740741));
#4103=CARTESIAN_POINT('',(-21.7546312183839,-1.6,-55.75));
#4104=CARTESIAN_POINT('',(-1.04083408558608E-14,-1.6,60.25));
#4105=CARTESIAN_POINT('',(-25.,-1.6,60.25));
#4106=CARTESIAN_POINT('',(-28.5,-1.6,60.25));
#4107=CARTESIAN_POINT('',(-28.5,-15.8,56.));
#4108=CARTESIAN_POINT('',(-25.,-15.8,52.7886918553337));
#4109=CARTESIAN_POINT('',(-25.,-12.8,52.7886918553337));
#4110=CARTESIAN_POINT('',(-28.5,-12.8,56.));
#4111=CARTESIAN_POINT('',(-28.3240740740741,-12.8,51.2532590055294));
#4112=CARTESIAN_POINT('',(-28.3240740740741,-15.8,51.2532590055294));
#4113=CARTESIAN_POINT('',(0.,-13.3,0.));
#4114=CARTESIAN_POINT('',(11.25,-13.3,4.25));
#4115=CARTESIAN_POINT('',(11.25,-13.3,5.25));
#4116=CARTESIAN_POINT('',(12.25,-13.3,4.25));
#4117=CARTESIAN_POINT('',(12.25,-13.3,-3.75));
#4118=CARTESIAN_POINT('',(12.25,-13.3,-3.75));
#4119=CARTESIAN_POINT('',(11.25,-13.3,-3.75));
#4120=CARTESIAN_POINT('',(11.25,-13.3,-4.75));
#4121=CARTESIAN_POINT('',(3.25,-13.3,-4.75));
#4122=CARTESIAN_POINT('',(3.25,-13.3,-4.75));
#4123=CARTESIAN_POINT('',(3.25,-13.3,-7.75));
#4124=CARTESIAN_POINT('',(3.25,-13.3,-10.75));
#4125=CARTESIAN_POINT('',(13.25,-13.3,-10.75));
#4126=CARTESIAN_POINT('',(13.25,-13.3,-10.75));
#4127=CARTESIAN_POINT('',(13.25,-13.3,-7.75));
#4128=CARTESIAN_POINT('',(16.25,-13.3,-7.75));
#4129=CARTESIAN_POINT('',(16.25,-13.3,6.25));
#4130=CARTESIAN_POINT('',(16.25,-13.3,6.25));
#4131=CARTESIAN_POINT('',(13.25,-13.3,6.25));
#4132=CARTESIAN_POINT('',(13.25,-13.3,9.25));
#4133=CARTESIAN_POINT('',(1.25000000000002,-13.3,9.25));
#4134=CARTESIAN_POINT('',(1.25000000000002,-13.3,9.25));
#4135=CARTESIAN_POINT('',(1.25000000000002,-13.3,7.25));
#4136=CARTESIAN_POINT('',(1.25000000000002,-13.3,5.25));
#4137=CARTESIAN_POINT('',(11.25,-13.3,5.25));
#4138=CARTESIAN_POINT('',(-5.75,-13.3,-13.75));
#4139=CARTESIAN_POINT('',(-5.75,-13.3,0.250000000000012));
#4140=CARTESIAN_POINT('',(-5.75,-13.3,-13.75));
#4141=CARTESIAN_POINT('',(-2.75,-13.3,-13.75));
#4142=CARTESIAN_POINT('',(-2.75,-13.3,-16.75));
#4143=CARTESIAN_POINT('',(14.25,-13.3,-16.75));
#4144=CARTESIAN_POINT('',(14.25,-13.3,-16.75));
#4145=CARTESIAN_POINT('',(14.25,-13.3,-14.75));
#4146=CARTESIAN_POINT('',(14.25,-13.3,-12.75));
#4147=CARTESIAN_POINT('',(-0.749999999999992,-13.3,-12.75));
#4148=CARTESIAN_POINT('',(-0.749999999999992,-13.3,-12.75));
#4149=CARTESIAN_POINT('',(-0.749999999999992,-13.3,-11.75));
#4150=CARTESIAN_POINT('',(-1.75,-13.3,-11.75));
#4151=CARTESIAN_POINT('',(-1.75,-13.3,-3.75));
#4152=CARTESIAN_POINT('',(-1.75,-13.3,-3.75));
#4153=CARTESIAN_POINT('',(-0.749999999999987,-13.3,-3.75));
#4154=CARTESIAN_POINT('',(-0.749999999999987,-13.3,-2.75));
#4155=CARTESIAN_POINT('',(7.25,-13.3,-2.75));
#4156=CARTESIAN_POINT('',(7.25,-13.3,-2.75));
#4157=CARTESIAN_POINT('',(7.25,-13.3,0.250000000000004));
#4158=CARTESIAN_POINT('',(7.25,-13.3,3.25));
#4159=CARTESIAN_POINT('',(-2.75,-13.3,3.25));
#4160=CARTESIAN_POINT('',(-2.75,-13.3,3.25));
#4161=CARTESIAN_POINT('',(-2.75,-13.3,0.250000000000011));
#4162=CARTESIAN_POINT('',(-28.25,-13.3,49.2546312183839));
#4163=CARTESIAN_POINT('',(-29.75,-13.3,49.2546312183839));
#4164=CARTESIAN_POINT('',(-28.3055555555556,-13.3,50.7536020587431));
#4165=CARTESIAN_POINT('',(-28.5,-13.3,56.));
#4166=CARTESIAN_POINT('',(-25.,-13.3,52.0868810393753));
#4167=CARTESIAN_POINT('',(-25.,-13.3,0.));
#4168=CARTESIAN_POINT('',(-25.,-13.3,51.5));
#4169=CARTESIAN_POINT('',(-24.75,-13.3,51.5));
#4170=CARTESIAN_POINT('',(-24.75,-13.3,51.25));
#4171=CARTESIAN_POINT('',(0.,-13.3,51.25));
#4172=CARTESIAN_POINT('',(7.75,-13.3,51.25));
#4173=CARTESIAN_POINT('',(7.75,-13.3,51.5));
#4174=CARTESIAN_POINT('',(8.,-13.3,51.5));
#4175=CARTESIAN_POINT('',(8.,-13.3,0.));
#4176=CARTESIAN_POINT('',(8.,-13.3,57.25));
#4177=CARTESIAN_POINT('',(0.,-13.3,57.25));
#4178=CARTESIAN_POINT('',(21.7546312183839,-13.3,57.25));
#4179=CARTESIAN_POINT('',(21.7546312183839,-13.3,55.75));
#4180=CARTESIAN_POINT('',(23.253602058743,-13.3,55.8055555555556));
#4181=CARTESIAN_POINT('',(28.5,-13.3,56.));
#4182=CARTESIAN_POINT('',(28.3055555555556,-13.3,50.7536020587431));
#4183=CARTESIAN_POINT('',(28.25,-13.3,49.2546312183839));
#4184=CARTESIAN_POINT('',(29.75,-13.3,49.2546312183839));
#4185=CARTESIAN_POINT('',(29.75,-13.3,-49.254631218384));
#4186=CARTESIAN_POINT('',(29.75,-13.3,-49.254631218384));
#4187=CARTESIAN_POINT('',(28.25,-13.3,-49.254631218384));
#4188=CARTESIAN_POINT('',(28.3055555555556,-13.3,-50.7536020587431));
#4189=CARTESIAN_POINT('',(28.5,-13.3,-56.));
#4190=CARTESIAN_POINT('',(23.2536020587431,-13.3,-55.8055555555556));
#4191=CARTESIAN_POINT('',(21.7546312183839,-13.3,-55.75));
#4192=CARTESIAN_POINT('',(21.7546312183839,-13.3,-57.25));
#4193=CARTESIAN_POINT('',(-21.7546312183839,-13.3,-57.25));
#4194=CARTESIAN_POINT('',(-21.7546312183839,-13.3,-57.25));
#4195=CARTESIAN_POINT('',(-21.7546312183839,-13.3,-55.75));
#4196=CARTESIAN_POINT('',(-23.2536020587431,-13.3,-55.8055555555556));
#4197=CARTESIAN_POINT('',(-28.5,-13.3,-56.));
#4198=CARTESIAN_POINT('',(-28.3055555555556,-13.3,-50.7536020587431));
#4199=CARTESIAN_POINT('',(-28.25,-13.3,-49.254631218384));
#4200=CARTESIAN_POINT('',(-29.75,-13.3,-49.254631218384));
#4201=CARTESIAN_POINT('',(-29.75,-13.3,-3.68628738645072E-15));
#4202=CARTESIAN_POINT('',(28.5,-15.8,-56.));
#4203=CARTESIAN_POINT('',(28.5,-15.3,-56.));
#4204=CARTESIAN_POINT('',(29.75,-15.3,-56.));
#4205=CARTESIAN_POINT('',(28.5,-2.1,-56.));
#4206=CARTESIAN_POINT('',(29.75,-2.1,-56.));
#4207=CARTESIAN_POINT('',(-28.5,-15.8,56.));
#4208=CARTESIAN_POINT('',(-28.5,-15.3,56.));
#4209=CARTESIAN_POINT('',(-27.25,-15.3,56.));
#4210=CARTESIAN_POINT('',(-28.5,-2.1,56.));
#4211=CARTESIAN_POINT('',(-27.25,-2.1,56.));
#4212=CARTESIAN_POINT('',(28.5,-15.8,56.));
#4213=CARTESIAN_POINT('',(28.5,-15.3,56.));
#4214=CARTESIAN_POINT('',(29.75,-15.3,56.));
#4215=CARTESIAN_POINT('',(28.5,-2.1,56.));
#4216=CARTESIAN_POINT('',(29.75,-2.1,56.));
#4217=CARTESIAN_POINT('',(-28.5,-15.8,-56.));
#4218=CARTESIAN_POINT('',(-28.5,-15.3,-56.));
#4219=CARTESIAN_POINT('',(-27.25,-15.3,-56.));
#4220=CARTESIAN_POINT('',(-28.5,-2.1,-56.));
#4221=CARTESIAN_POINT('',(-27.25,-2.1,-56.));
#4222=CARTESIAN_POINT('',(-1.04083408558608E-14,-15.8,61.25));
#4223=CARTESIAN_POINT('',(8.5,-15.8,61.25));
#4224=CARTESIAN_POINT('',(8.5,-15.3,61.25));
#4225=CARTESIAN_POINT('',(28.5,-15.3,61.25));
#4226=CARTESIAN_POINT('',(28.5,-15.3,61.25));
#4227=CARTESIAN_POINT('',(28.5,-15.8,61.25));
#4228=CARTESIAN_POINT('',(28.5,-15.8,56.));
#4229=CARTESIAN_POINT('',(28.5,-15.3,56.));
#4230=CARTESIAN_POINT('',(33.75,-15.3,56.));
#4231=CARTESIAN_POINT('',(33.75,-15.8,56.));
#4232=CARTESIAN_POINT('',(33.75,-15.8,-1.38777878078145E-14));
#4233=CARTESIAN_POINT('',(33.75,-15.3,-1.38777878078145E-14));
#4234=CARTESIAN_POINT('',(33.75,-15.3,-56.));
#4235=CARTESIAN_POINT('',(33.75,-15.8,-56.));
#4236=CARTESIAN_POINT('',(28.5,-15.8,-56.));
#4237=CARTESIAN_POINT('',(28.5,-15.3,-56.));
#4238=CARTESIAN_POINT('',(28.5,-15.3,-61.25));
#4239=CARTESIAN_POINT('',(28.5,-15.8,-61.25));
#4240=CARTESIAN_POINT('',(1.04083408558608E-14,-15.8,-61.25));
#4241=CARTESIAN_POINT('',(1.04083408558608E-14,-15.3,-61.25));
#4242=CARTESIAN_POINT('',(-28.5,-15.3,-61.25));
#4243=CARTESIAN_POINT('',(-28.5,-15.8,-61.25));
#4244=CARTESIAN_POINT('',(17.25,-6.1,-61.25));
#4245=CARTESIAN_POINT('',(17.25,-4.1,-61.25));
#4246=CARTESIAN_POINT('',(19.25,-4.1,-61.25));
#4247=CARTESIAN_POINT('',(21.25,-4.1,-61.25));
#4248=CARTESIAN_POINT('',(21.25,-6.1,-61.25));
#4249=CARTESIAN_POINT('',(-28.5,-15.8,-56.));
#4250=CARTESIAN_POINT('',(-28.5,-15.3,-56.));
#4251=CARTESIAN_POINT('',(-33.75,-15.3,-56.));
#4252=CARTESIAN_POINT('',(-33.75,-15.8,-56.));
#4253=CARTESIAN_POINT('',(-33.75,-15.8,-1.38777878078145E-14));
#4254=CARTESIAN_POINT('',(-33.75,-15.3,56.));
#4255=CARTESIAN_POINT('',(-33.75,-15.3,56.));
#4256=CARTESIAN_POINT('',(-33.75,-15.8,56.));
#4257=CARTESIAN_POINT('',(-28.5,-15.8,56.));
#4258=CARTESIAN_POINT('',(-28.5,-15.3,56.));
#4259=CARTESIAN_POINT('',(0.,-15.8,0.));
#4260=CARTESIAN_POINT('',(28.5,-15.8,56.));
#4261=CARTESIAN_POINT('',(30.25,-15.8,56.));
#4262=CARTESIAN_POINT('',(-28.5,-15.8,56.));
#4263=CARTESIAN_POINT('',(-26.75,-15.8,56.));
#4264=CARTESIAN_POINT('',(28.5,-15.8,-56.));
#4265=CARTESIAN_POINT('',(30.25,-15.8,-56.));
#4266=CARTESIAN_POINT('',(-28.5,-15.8,-56.));
#4267=CARTESIAN_POINT('',(-26.75,-15.8,-56.));
#4268=CARTESIAN_POINT('',(-24.75,-15.8,51.5));
#4269=CARTESIAN_POINT('',(-24.75,-15.8,50.75));
#4270=CARTESIAN_POINT('',(-25.5,-15.8,51.5));
#4271=CARTESIAN_POINT('',(-25.5,-15.8,61.25));
#4272=CARTESIAN_POINT('',(-25.5,-15.8,60.75));
#4273=CARTESIAN_POINT('',(-28.5,-15.8,60.75));
#4274=CARTESIAN_POINT('',(-28.5,-15.8,60.75));
#4275=CARTESIAN_POINT('',(-28.5,-15.8,56.));
#4276=CARTESIAN_POINT('',(-33.25,-15.8,56.));
#4277=CARTESIAN_POINT('',(-33.25,-15.8,-56.));
#4278=CARTESIAN_POINT('',(-33.25,-15.8,-56.));
#4279=CARTESIAN_POINT('',(-28.5,-15.8,-56.));
#4280=CARTESIAN_POINT('',(-28.5,-15.8,-60.75));
#4281=CARTESIAN_POINT('',(0.,-15.8,-60.75));
#4282=CARTESIAN_POINT('',(28.5,-15.8,-60.75));
#4283=CARTESIAN_POINT('',(28.5,-15.8,-56.));
#4284=CARTESIAN_POINT('',(33.25,-15.8,-56.));
#4285=CARTESIAN_POINT('',(33.25,-15.8,4.11996825544492E-15));
#4286=CARTESIAN_POINT('',(33.25,-15.8,56.));
#4287=CARTESIAN_POINT('',(28.5,-15.8,56.));
#4288=CARTESIAN_POINT('',(28.5,-15.8,60.75));
#4289=CARTESIAN_POINT('',(8.,-15.8,60.75));
#4290=CARTESIAN_POINT('',(8.5,-15.8,60.75));
#4291=CARTESIAN_POINT('',(8.5,-15.8,0.));
#4292=CARTESIAN_POINT('',(8.5,-15.8,51.5));
#4293=CARTESIAN_POINT('',(7.75,-15.8,51.5));
#4294=CARTESIAN_POINT('',(7.75,-15.8,50.75));
#4295=CARTESIAN_POINT('',(-24.75,-15.8,50.75));
#4296=CARTESIAN_POINT('',(1.04083408558608E-14,-1.6,-60.25));
#4297=CARTESIAN_POINT('',(17.25,-1.6,-60.25));
#4298=CARTESIAN_POINT('',(-28.5,-1.6,-60.25));
#4299=CARTESIAN_POINT('',(-28.5,-1.6,-56.));
#4300=CARTESIAN_POINT('',(-32.75,-1.6,-56.));
#4301=CARTESIAN_POINT('',(-32.75,-1.6,-1.38777878078145E-14));
#4302=CARTESIAN_POINT('',(-32.75,-1.6,56.));
#4303=CARTESIAN_POINT('',(-28.5,-1.6,56.));
#4304=CARTESIAN_POINT('',(-1.04083408558608E-14,-1.6,60.25));
#4305=CARTESIAN_POINT('',(8.,-1.6,60.25));
#4306=CARTESIAN_POINT('',(28.5,-1.6,60.25));
#4307=CARTESIAN_POINT('',(28.5,-1.6,56.));
#4308=CARTESIAN_POINT('',(32.75,-1.6,56.));
#4309=CARTESIAN_POINT('',(32.75,-1.6,-1.38777878078145E-14));
#4310=CARTESIAN_POINT('',(32.75,-1.6,-56.));
#4311=CARTESIAN_POINT('',(28.5,-1.6,-56.));
#4312=CARTESIAN_POINT('',(-28.5,-15.8,-56.));
#4313=CARTESIAN_POINT('',(-28.3240740740741,-15.8,-51.2532590055295));
#4314=CARTESIAN_POINT('',(-28.3240740740741,-12.8,-51.2532590055295));
#4315=CARTESIAN_POINT('',(-28.5,-12.8,-56.));
#4316=CARTESIAN_POINT('',(-23.7532590055294,-12.8,-55.8240740740741));
#4317=CARTESIAN_POINT('',(-23.7532590055294,-15.8,-55.8240740740741));
#4318=CARTESIAN_POINT('',(-30.25,-15.8,-1.34441069388203E-14));
#4319=CARTESIAN_POINT('',(-30.25,-15.8,49.2546312183839));
#4320=CARTESIAN_POINT('',(-30.25,-12.8,49.2546312183839));
#4321=CARTESIAN_POINT('',(-30.25,-12.8,-1.34441069388203E-14));
#4322=CARTESIAN_POINT('',(-30.25,-12.8,-49.254631218384));
#4323=CARTESIAN_POINT('',(-30.25,-15.8,-49.254631218384));
#4324=CARTESIAN_POINT('',(28.5,-15.8,-56.));
#4325=CARTESIAN_POINT('',(23.7532590055294,-15.8,-55.8240740740741));
#4326=CARTESIAN_POINT('',(23.7532590055294,-12.8,-55.8240740740741));
#4327=CARTESIAN_POINT('',(28.5,-12.8,-56.));
#4328=CARTESIAN_POINT('',(28.3240740740741,-12.8,-51.2532590055294));
#4329=CARTESIAN_POINT('',(28.3240740740741,-15.8,-51.2532590055294));
#4330=CARTESIAN_POINT('',(28.5,-15.8,56.));
#4331=CARTESIAN_POINT('',(28.3240740740741,-15.8,51.2532590055294));
#4332=CARTESIAN_POINT('',(28.3240740740741,-12.8,51.2532590055294));
#4333=CARTESIAN_POINT('',(28.5,-12.8,56.));
#4334=CARTESIAN_POINT('',(23.7532590055294,-12.8,55.8240740740741));
#4335=CARTESIAN_POINT('',(23.7532590055294,-15.8,55.8240740740741));
#4336=CARTESIAN_POINT('',(30.25,-15.8,-1.43114686768087E-14));
#4337=CARTESIAN_POINT('',(30.25,-13.3,-49.254631218384));
#4338=CARTESIAN_POINT('',(30.25,-12.8,-49.254631218384));
#4339=CARTESIAN_POINT('',(30.25,-12.8,49.2546312183839));
#4340=CARTESIAN_POINT('',(30.25,-12.8,49.2546312183839));
#4341=CARTESIAN_POINT('',(30.25,-1.6,49.2546312183839));
#4342=CARTESIAN_POINT('',(-1.04083408558608E-14,-15.8,57.75));
#4343=CARTESIAN_POINT('',(21.7546312183839,-15.8,57.75));
#4344=CARTESIAN_POINT('',(21.7546312183839,-12.8,57.75));
#4345=CARTESIAN_POINT('',(-1.04083408558608E-14,-12.8,57.75));
#4346=CARTESIAN_POINT('',(8.,-12.8,57.75));
#4347=CARTESIAN_POINT('',(8.,-15.8,57.75));
#4348=CARTESIAN_POINT('',(-25.,-7.9,51.25));
#4349=CARTESIAN_POINT('',(-25.,-7.9,60.75));
#4350=CARTESIAN_POINT('',(-25.,-15.3,60.75));
#4351=CARTESIAN_POINT('',(-25.,-15.3,51.5));
#4352=CARTESIAN_POINT('',(-25.,-15.3,51.5));
#4353=CARTESIAN_POINT('',(-25.,-13.3,51.5));
#4354=CARTESIAN_POINT('',(-25.,-13.3,52.0868810393753));
#4355=CARTESIAN_POINT('',(-25.,-13.1283042578757,52.3172350498776));
#4356=CARTESIAN_POINT('',(-25.,-12.9609230180133,52.550662896066));
#4357=CARTESIAN_POINT('',(-25.,-12.8,52.7886918553337));
#4358=CARTESIAN_POINT('',(8.,-14.45,51.25));
#4359=CARTESIAN_POINT('',(8.,-14.45,51.5));
#4360=CARTESIAN_POINT('',(8.,-15.3,51.5));
#4361=CARTESIAN_POINT('',(8.,-15.3,51.25));
#4362=CARTESIAN_POINT('',(8.,-15.3,60.75));
#4363=CARTESIAN_POINT('',(8.,-1.98104614941436E-30,60.75));
#4364=CARTESIAN_POINT('',(8.,-16.875,53.675));
#4365=CARTESIAN_POINT('',(-1.04083408558608E-14,-7.9,51.25));
#4366=CARTESIAN_POINT('',(-24.75,-15.8,51.25));
#4367=CARTESIAN_POINT('',(-24.75,-15.3,51.25));
#4368=CARTESIAN_POINT('',(7.75,-15.3,51.25));
#4369=CARTESIAN_POINT('',(7.75,-15.3,51.25));
#4370=CARTESIAN_POINT('',(7.75,-7.9,51.25));
#4371=CARTESIAN_POINT('',(21.25,-6.1,-59.1697013491744));
#4372=CARTESIAN_POINT('',(21.25,-4.1,-57.75));
#4373=CARTESIAN_POINT('',(17.25,-6.1,-59.1697013491744));
#4374=CARTESIAN_POINT('',(17.25,-4.1,-59.1697013491744));
#4375=CARTESIAN_POINT('',(6.25,-6.6,-13.75));
#4376=CARTESIAN_POINT('',(14.25,-6.6,-13.75));
#4377=CARTESIAN_POINT('',(14.25,-12.3,-13.75));
#4378=CARTESIAN_POINT('',(14.25,-7.1,-13.75));
#4379=CARTESIAN_POINT('',(6.25,-7.1,-13.75));
#4380=CARTESIAN_POINT('',(-0.749999999999992,-7.1,-13.75));
#4381=CARTESIAN_POINT('',(-0.749999999999992,-13.3,-13.75));
#4382=CARTESIAN_POINT('',(-0.749999999999992,-12.3,-13.75));
#4383=CARTESIAN_POINT('',(14.25,-12.3,-13.75));
#4384=CARTESIAN_POINT('',(5.25,-6.6,-15.75));
#4385=CARTESIAN_POINT('',(-2.75,-6.6,-15.75));
#4386=CARTESIAN_POINT('',(-2.75,-12.3,-15.75));
#4387=CARTESIAN_POINT('',(-2.75,-7.1,-15.75));
#4388=CARTESIAN_POINT('',(5.25,-7.1,-15.75));
#4389=CARTESIAN_POINT('',(14.25,-7.1,-15.75));
#4390=CARTESIAN_POINT('',(14.25,-6.6,-15.75));
#4391=CARTESIAN_POINT('',(14.25,-12.3,-15.75));
#4392=CARTESIAN_POINT('',(-2.75,-12.3,-15.75));
#4393=CARTESIAN_POINT('',(-4.75,-6.6,-6.75));
#4394=CARTESIAN_POINT('',(-4.75,-6.6,0.250000000000011));
#4395=CARTESIAN_POINT('',(-4.75,-12.3,0.250000000000011));
#4396=CARTESIAN_POINT('',(-4.75,-7.1,0.250000000000011));
#4397=CARTESIAN_POINT('',(-4.75,-7.1,-6.75));
#4398=CARTESIAN_POINT('',(-4.75,-7.1,-13.75));
#4399=CARTESIAN_POINT('',(-4.75,-6.6,-13.75));
#4400=CARTESIAN_POINT('',(-4.75,-12.3,-13.75));
#4401=CARTESIAN_POINT('',(-4.75,-12.3,0.250000000000011));
#4402=CARTESIAN_POINT('',(2.25,-6.6,2.25));
#4403=CARTESIAN_POINT('',(7.25,-6.6,2.25));
#4404=CARTESIAN_POINT('',(7.25,-12.3,2.25));
#4405=CARTESIAN_POINT('',(7.25,-7.1,2.25));
#4406=CARTESIAN_POINT('',(2.25,-7.1,2.25));
#4407=CARTESIAN_POINT('',(-2.75,-7.1,2.25));
#4408=CARTESIAN_POINT('',(-2.75,-6.6,2.25));
#4409=CARTESIAN_POINT('',(-2.75,-12.3,2.25));
#4410=CARTESIAN_POINT('',(7.25,-12.3,2.25));
#4411=CARTESIAN_POINT('',(3.25,-6.6,-1.75));
#4412=CARTESIAN_POINT('',(-0.749999999999986,-6.6,-1.75));
#4413=CARTESIAN_POINT('',(-0.749999999999986,-12.3,-1.75));
#4414=CARTESIAN_POINT('',(-0.749999999999986,-7.1,-1.75));
#4415=CARTESIAN_POINT('',(3.25,-7.1,-1.75));
#4416=CARTESIAN_POINT('',(7.25,-7.1,-1.75));
#4417=CARTESIAN_POINT('',(7.25,-6.6,-1.75));
#4418=CARTESIAN_POINT('',(7.25,-12.3,-1.75));
#4419=CARTESIAN_POINT('',(-0.749999999999986,-12.3,-1.75));
#4420=CARTESIAN_POINT('',(-2.75,-6.6,-7.75));
#4421=CARTESIAN_POINT('',(-2.75,-6.6,-11.75));
#4422=CARTESIAN_POINT('',(-2.75,-12.3,-11.75));
#4423=CARTESIAN_POINT('',(-2.75,-7.1,-11.75));
#4424=CARTESIAN_POINT('',(-2.75,-7.1,-7.75));
#4425=CARTESIAN_POINT('',(-2.75,-7.1,-3.75));
#4426=CARTESIAN_POINT('',(-2.75,-13.3,-3.75));
#4427=CARTESIAN_POINT('',(-2.75,-12.3,-3.75));
#4428=CARTESIAN_POINT('',(-2.75,-12.3,-11.75));
#4429=CARTESIAN_POINT('',(0.,-6.6,0.));
#4430=CARTESIAN_POINT('',(14.25,-6.6,-14.75));
#4431=CARTESIAN_POINT('',(14.25,-6.6,-14.25));
#4432=CARTESIAN_POINT('',(14.25,-6.6,-15.25));
#4433=CARTESIAN_POINT('',(0.,-6.6,-15.25));
#4434=CARTESIAN_POINT('',(-2.75,-6.6,-15.25));
#4435=CARTESIAN_POINT('',(-2.75,-6.6,-13.75));
#4436=CARTESIAN_POINT('',(-4.25,-6.6,-13.75));
#4437=CARTESIAN_POINT('',(-4.25,-6.6,2.86711241168388E-15));
#4438=CARTESIAN_POINT('',(-4.25,-6.6,0.250000000000011));
#4439=CARTESIAN_POINT('',(-2.75,-6.6,0.250000000000011));
#4440=CARTESIAN_POINT('',(-2.75,-6.6,1.75));
#4441=CARTESIAN_POINT('',(1.08420217248551E-15,-6.6,1.75));
#4442=CARTESIAN_POINT('',(7.25,-6.6,1.75));
#4443=CARTESIAN_POINT('',(7.25,-6.6,0.250000000000004));
#4444=CARTESIAN_POINT('',(7.25,-6.6,-1.25));
#4445=CARTESIAN_POINT('',(-6.09863722023092E-16,-6.6,-1.25));
#4446=CARTESIAN_POINT('',(-0.749999999999986,-6.6,-1.25));
#4447=CARTESIAN_POINT('',(-0.749999999999987,-6.6,-3.75));
#4448=CARTESIAN_POINT('',(-3.25,-6.6,-3.75));
#4449=CARTESIAN_POINT('',(-3.25,-6.6,1.76182853028894E-15));
#4450=CARTESIAN_POINT('',(-3.25,-6.6,-11.75));
#4451=CARTESIAN_POINT('',(-0.749999999999992,-6.6,-11.75));
#4452=CARTESIAN_POINT('',(-0.749999999999992,-6.6,-14.25));
#4453=CARTESIAN_POINT('',(-1.37332275181497E-15,-6.6,-14.25));
#4454=CARTESIAN_POINT('',(8.25,-6.6,-9.75));
#4455=CARTESIAN_POINT('',(3.25,-6.6,-9.75));
#4456=CARTESIAN_POINT('',(3.25,-12.3,-9.75));
#4457=CARTESIAN_POINT('',(3.25,-7.1,-9.75));
#4458=CARTESIAN_POINT('',(8.25,-7.1,-9.75));
#4459=CARTESIAN_POINT('',(13.25,-7.1,-9.75));
#4460=CARTESIAN_POINT('',(13.25,-6.6,-9.75));
#4461=CARTESIAN_POINT('',(13.25,-12.3,-9.75));
#4462=CARTESIAN_POINT('',(3.25,-12.3,-9.75));
#4463=CARTESIAN_POINT('',(7.25,-6.6,-5.75));
#4464=CARTESIAN_POINT('',(11.25,-6.6,-5.75));
#4465=CARTESIAN_POINT('',(11.25,-12.3,-5.75));
#4466=CARTESIAN_POINT('',(11.25,-7.1,-5.75));
#4467=CARTESIAN_POINT('',(7.25,-7.1,-5.75));
#4468=CARTESIAN_POINT('',(3.25,-7.1,-5.75));
#4469=CARTESIAN_POINT('',(3.25,-6.6,-5.75));
#4470=CARTESIAN_POINT('',(3.25,-12.3,-5.75));
#4471=CARTESIAN_POINT('',(11.25,-12.3,-5.75));
#4472=CARTESIAN_POINT('',(13.25,-6.6,0.25));
#4473=CARTESIAN_POINT('',(13.25,-6.6,4.25));
#4474=CARTESIAN_POINT('',(13.25,-12.3,4.25));
#4475=CARTESIAN_POINT('',(13.25,-7.1,4.25));
#4476=CARTESIAN_POINT('',(13.25,-7.1,0.25));
#4477=CARTESIAN_POINT('',(13.25,-7.1,-3.75));
#4478=CARTESIAN_POINT('',(13.25,-13.3,-3.75));
#4479=CARTESIAN_POINT('',(13.25,-12.3,-3.75));
#4480=CARTESIAN_POINT('',(13.25,-12.3,4.25));
#4481=CARTESIAN_POINT('',(6.75,-6.6,6.25));
#4482=CARTESIAN_POINT('',(1.25000000000002,-6.6,6.25));
#4483=CARTESIAN_POINT('',(1.25000000000002,-12.3,6.25));
#4484=CARTESIAN_POINT('',(1.25000000000002,-7.1,6.25));
#4485=CARTESIAN_POINT('',(6.75,-7.1,6.25));
#4486=CARTESIAN_POINT('',(11.25,-7.1,6.25));
#4487=CARTESIAN_POINT('',(11.25,-13.3,6.25));
#4488=CARTESIAN_POINT('',(11.25,-12.3,6.25));
#4489=CARTESIAN_POINT('',(1.25000000000002,-12.3,6.25));
#4490=CARTESIAN_POINT('',(7.75,-6.6,8.25));
#4491=CARTESIAN_POINT('',(13.25,-6.6,8.25));
#4492=CARTESIAN_POINT('',(13.25,-12.3,8.25));
#4493=CARTESIAN_POINT('',(13.25,-7.1,8.25));
#4494=CARTESIAN_POINT('',(7.75,-7.1,8.25));
#4495=CARTESIAN_POINT('',(1.25000000000002,-7.1,8.25));
#4496=CARTESIAN_POINT('',(1.25000000000002,-6.6,8.25));
#4497=CARTESIAN_POINT('',(1.25000000000002,-12.3,8.25));
#4498=CARTESIAN_POINT('',(13.25,-12.3,8.25));
#4499=CARTESIAN_POINT('',(15.25,-6.6,-0.75));
#4500=CARTESIAN_POINT('',(15.25,-6.6,-7.75));
#4501=CARTESIAN_POINT('',(15.25,-12.3,-7.75));
#4502=CARTESIAN_POINT('',(15.25,-7.1,-7.75));
#4503=CARTESIAN_POINT('',(15.25,-7.1,-0.75));
#4504=CARTESIAN_POINT('',(15.25,-7.1,6.25));
#4505=CARTESIAN_POINT('',(15.25,-6.6,6.25));
#4506=CARTESIAN_POINT('',(15.25,-12.3,6.25));
#4507=CARTESIAN_POINT('',(15.25,-12.3,-7.75));
#4508=CARTESIAN_POINT('',(0.,-6.6,0.));
#4509=CARTESIAN_POINT('',(11.25,-6.6,4.25));
#4510=CARTESIAN_POINT('',(13.75,-6.6,4.25));
#4511=CARTESIAN_POINT('',(11.25,-6.6,6.75));
#4512=CARTESIAN_POINT('',(4.95396992658762E-15,-6.6,6.75));
#4513=CARTESIAN_POINT('',(1.25000000000002,-6.6,6.75));
#4514=CARTESIAN_POINT('',(1.25000000000002,-6.6,7.25));
#4515=CARTESIAN_POINT('',(1.25000000000002,-6.6,7.75));
#4516=CARTESIAN_POINT('',(6.27391657144945E-15,-6.6,7.75));
#4517=CARTESIAN_POINT('',(13.25,-6.6,7.75));
#4518=CARTESIAN_POINT('',(13.25,-6.6,6.25));
#4519=CARTESIAN_POINT('',(14.75,-6.6,6.25));
#4520=CARTESIAN_POINT('',(14.75,-6.6,-1.56366046654021E-14));
#4521=CARTESIAN_POINT('',(14.75,-6.6,-7.75));
#4522=CARTESIAN_POINT('',(13.25,-6.6,-7.75));
#4523=CARTESIAN_POINT('',(13.25,-6.6,-9.25));
#4524=CARTESIAN_POINT('',(-2.29231316468364E-15,-6.6,-9.25));
#4525=CARTESIAN_POINT('',(3.25,-6.6,-9.25));
#4526=CARTESIAN_POINT('',(3.25,-6.6,-7.75));
#4527=CARTESIAN_POINT('',(3.25,-6.6,-6.25));
#4528=CARTESIAN_POINT('',(-2.25875452601146E-15,-6.6,-6.25));
#4529=CARTESIAN_POINT('',(11.25,-6.6,-6.25));
#4530=CARTESIAN_POINT('',(11.25,-6.6,-3.75));
#4531=CARTESIAN_POINT('',(13.75,-6.6,-3.75));
#4532=CARTESIAN_POINT('',(13.75,-6.6,-1.19262238973406E-14));
#4533=CARTESIAN_POINT('',(-2.75,-6.6,-13.75));
#4534=CARTESIAN_POINT('',(-2.75,-7.1,-13.75));
#4535=CARTESIAN_POINT('',(-2.75,-12.3,-13.75));
#4536=CARTESIAN_POINT('',(-2.75,-6.6,0.250000000000011));
#4537=CARTESIAN_POINT('',(-2.75,-7.1,0.250000000000011));
#4538=CARTESIAN_POINT('',(-2.75,-12.3,0.250000000000011));
#4539=CARTESIAN_POINT('',(13.25,-6.6,6.25));
#4540=CARTESIAN_POINT('',(13.25,-7.1,6.25));
#4541=CARTESIAN_POINT('',(13.25,-12.3,6.25));
#4542=CARTESIAN_POINT('',(13.25,-6.6,-7.75));
#4543=CARTESIAN_POINT('',(13.25,-7.1,-7.75));
#4544=CARTESIAN_POINT('',(13.25,-12.3,-7.75));
#4545=CARTESIAN_POINT('',(11.25,-6.6,4.25));
#4546=CARTESIAN_POINT('',(11.25,-7.1,4.25));
#4547=CARTESIAN_POINT('',(11.25,-12.3,4.25));
#4548=CARTESIAN_POINT('',(11.25,-6.6,-3.75));
#4549=CARTESIAN_POINT('',(11.25,-7.1,-3.75));
#4550=CARTESIAN_POINT('',(11.25,-12.3,-3.75));
#4551=CARTESIAN_POINT('',(-0.749999999999992,-6.6,-11.75));
#4552=CARTESIAN_POINT('',(-0.749999999999992,-7.1,-11.75));
#4553=CARTESIAN_POINT('',(-0.749999999999992,-12.3,-11.75));
#4554=CARTESIAN_POINT('',(-0.749999999999987,-6.6,-3.75));
#4555=CARTESIAN_POINT('',(-0.749999999999987,-7.1,-3.75));
#4556=CARTESIAN_POINT('',(-0.749999999999987,-12.3,-3.75));
#4557=CARTESIAN_POINT('',(7.25,-6.6,0.250000000000004));
#4558=CARTESIAN_POINT('',(7.25,-7.1,0.250000000000004));
#4559=CARTESIAN_POINT('',(7.25,-12.3,0.250000000000004));
#4560=CARTESIAN_POINT('',(3.25,-6.6,-7.75));
#4561=CARTESIAN_POINT('',(3.25,-7.1,-7.75));
#4562=CARTESIAN_POINT('',(3.25,-12.3,-7.75));
#4563=CARTESIAN_POINT('',(14.25,-6.6,-14.75));
#4564=CARTESIAN_POINT('',(14.25,-7.1,-14.75));
#4565=CARTESIAN_POINT('',(14.25,-12.3,-14.75));
#4566=CARTESIAN_POINT('',(1.25000000000002,-6.6,7.25));
#4567=CARTESIAN_POINT('',(1.25000000000002,-7.1,7.25));
#4568=CARTESIAN_POINT('',(1.25000000000002,-12.3,7.25));
#4569=CARTESIAN_POINT('',(16.25,-12.3,-1.72267678517141E-14));
#4570=CARTESIAN_POINT('',(16.25,-12.3,-7.75));
#4571=CARTESIAN_POINT('',(16.25,-12.3,6.25));
#4572=CARTESIAN_POINT('',(13.25,-12.3,6.25));
#4573=CARTESIAN_POINT('',(13.25,-12.3,9.25));
#4574=CARTESIAN_POINT('',(13.25,-12.3,-7.75));
#4575=CARTESIAN_POINT('',(13.25,-12.3,-10.75));
#4576=CARTESIAN_POINT('',(7.48822300463322E-15,-12.3,9.25));
#4577=CARTESIAN_POINT('',(1.25000000000002,-12.3,9.25));
#4578=CARTESIAN_POINT('',(-2.66403962382152E-15,-12.3,-10.75));
#4579=CARTESIAN_POINT('',(3.25,-12.3,-10.75));
#4580=CARTESIAN_POINT('',(1.25000000000002,-12.3,7.25));
#4581=CARTESIAN_POINT('',(1.25000000000002,-12.3,5.25));
#4582=CARTESIAN_POINT('',(3.25,-12.3,-7.75));
#4583=CARTESIAN_POINT('',(3.25,-12.3,-4.75));
#4584=CARTESIAN_POINT('',(3.85308772067926E-15,-12.3,5.25));
#4585=CARTESIAN_POINT('',(11.25,-12.3,5.25));
#4586=CARTESIAN_POINT('',(-1.71665343976871E-15,-12.3,-4.75));
#4587=CARTESIAN_POINT('',(11.25,-12.3,-4.75));
#4588=CARTESIAN_POINT('',(11.25,-12.3,4.25));
#4589=CARTESIAN_POINT('',(12.25,-12.3,4.25));
#4590=CARTESIAN_POINT('',(11.25,-12.3,-3.75));
#4591=CARTESIAN_POINT('',(12.25,-12.3,-3.75));
#4592=CARTESIAN_POINT('',(12.25,-12.3,-1.0625181290358E-14));
#4593=CARTESIAN_POINT('',(-0.749999999999987,-12.3,-3.75));
#4594=CARTESIAN_POINT('',(-1.75,-12.3,-3.75));
#4595=CARTESIAN_POINT('',(-0.749999999999987,-12.3,-2.75));
#4596=CARTESIAN_POINT('',(-1.34170018845081E-15,-12.3,-2.75));
#4597=CARTESIAN_POINT('',(7.25,-12.3,-2.75));
#4598=CARTESIAN_POINT('',(-1.75,-12.3,9.48676900924808E-16));
#4599=CARTESIAN_POINT('',(-1.75,-12.3,-11.75));
#4600=CARTESIAN_POINT('',(7.25,-12.3,0.250000000000004));
#4601=CARTESIAN_POINT('',(7.25,-12.3,3.25));
#4602=CARTESIAN_POINT('',(-0.749999999999992,-12.3,-11.75));
#4603=CARTESIAN_POINT('',(-0.749999999999992,-12.3,-12.75));
#4604=CARTESIAN_POINT('',(2.01351832033023E-15,-12.3,3.25));
#4605=CARTESIAN_POINT('',(-2.75,-12.3,3.25));
#4606=CARTESIAN_POINT('',(-1.22876246215024E-15,-12.3,-12.75));
#4607=CARTESIAN_POINT('',(14.25,-12.3,-12.75));
#4608=CARTESIAN_POINT('',(-2.75,-12.3,0.250000000000011));
#4609=CARTESIAN_POINT('',(-5.75,-12.3,0.250000000000012));
#4610=CARTESIAN_POINT('',(14.25,-12.3,-14.75));
#4611=CARTESIAN_POINT('',(14.25,-12.3,-16.75));
#4612=CARTESIAN_POINT('',(-5.75,-12.3,3.87903443933701E-15));
#4613=CARTESIAN_POINT('',(-5.75,-12.3,-13.75));
#4614=CARTESIAN_POINT('',(0.,-12.3,-16.75));
#4615=CARTESIAN_POINT('',(-2.75,-12.3,-16.75));
#4616=CARTESIAN_POINT('',(-2.75,-12.3,-13.75));
#4617=CARTESIAN_POINT('',(8.25,-7.1,-9.75));
#4618=CARTESIAN_POINT('',(3.25,-6.6,-9.25));
#4619=CARTESIAN_POINT('',(13.25,-7.1,-9.75));
#4620=CARTESIAN_POINT('',(13.25,-6.6,-7.75));
#4621=CARTESIAN_POINT('',(15.25,-7.1,-7.75));
#4622=CARTESIAN_POINT('',(3.25,-6.6,-7.75));
#4623=CARTESIAN_POINT('',(3.25,-6.6,-6.25));
#4624=CARTESIAN_POINT('',(15.25,-7.1,-0.75));
#4625=CARTESIAN_POINT('',(15.25,-7.1,6.25));
#4626=CARTESIAN_POINT('',(7.25,-7.1,-5.75));
#4627=CARTESIAN_POINT('',(11.25,-6.6,-6.25));
#4628=CARTESIAN_POINT('',(13.25,-6.6,6.25));
#4629=CARTESIAN_POINT('',(13.25,-7.1,8.25));
#4630=CARTESIAN_POINT('',(11.25,-6.6,-3.75));
#4631=CARTESIAN_POINT('',(13.75,-6.6,-3.75));
#4632=CARTESIAN_POINT('',(7.75,-7.1,8.25));
#4633=CARTESIAN_POINT('',(1.25000000000002,-7.1,8.25));
#4634=CARTESIAN_POINT('',(13.25,-7.1,0.25));
#4635=CARTESIAN_POINT('',(13.75,-6.6,4.25));
#4636=CARTESIAN_POINT('',(1.25000000000002,-6.6,7.25));
#4637=CARTESIAN_POINT('',(1.25000000000002,-7.1,6.25));
#4638=CARTESIAN_POINT('',(11.25,-6.6,4.25));
#4639=CARTESIAN_POINT('',(11.25,-6.6,6.75));
#4640=CARTESIAN_POINT('',(6.75,-7.1,6.25));
#4641=CARTESIAN_POINT('',(3.25,-7.1,-1.75));
#4642=CARTESIAN_POINT('',(-0.749999999999986,-6.6,-1.25));
#4643=CARTESIAN_POINT('',(7.25,-7.1,-1.75));
#4644=CARTESIAN_POINT('',(7.25,-6.6,0.250000000000004));
#4645=CARTESIAN_POINT('',(7.25,-7.1,2.25));
#4646=CARTESIAN_POINT('',(-0.749999999999987,-6.6,-3.75));
#4647=CARTESIAN_POINT('',(-3.25,-6.6,-3.75));
#4648=CARTESIAN_POINT('',(2.25,-7.1,2.25));
#4649=CARTESIAN_POINT('',(-2.75,-7.1,2.25));
#4650=CARTESIAN_POINT('',(-2.75,-7.1,-7.75));
#4651=CARTESIAN_POINT('',(-3.25,-6.6,-11.75));
#4652=CARTESIAN_POINT('',(-2.75,-6.6,0.250000000000011));
#4653=CARTESIAN_POINT('',(-4.75,-7.1,0.250000000000011));
#4654=CARTESIAN_POINT('',(-0.749999999999992,-6.6,-11.75));
#4655=CARTESIAN_POINT('',(-0.749999999999992,-6.6,-14.25));
#4656=CARTESIAN_POINT('',(-4.75,-7.1,-6.75));
#4657=CARTESIAN_POINT('',(-4.75,-7.1,-13.75));
#4658=CARTESIAN_POINT('',(6.25,-7.1,-13.75));
#4659=CARTESIAN_POINT('',(14.25,-6.6,-14.25));
#4660=CARTESIAN_POINT('',(-2.75,-6.6,-13.75));
#4661=CARTESIAN_POINT('',(-2.75,-7.1,-15.75));
#4662=CARTESIAN_POINT('',(14.25,-6.6,-14.75));
#4663=CARTESIAN_POINT('',(14.25,-6.6,-15.25));
#4664=CARTESIAN_POINT('',(5.25,-7.1,-15.75));
#4665=CARTESIAN_POINT('',(-28.25,-15.8,49.2546312183839));
#4666=CARTESIAN_POINT('',(-28.25,-12.8,49.2546312183839));
#4667=CARTESIAN_POINT('',(21.7546312183839,-15.8,55.75));
#4668=CARTESIAN_POINT('',(21.7546312183839,-12.8,55.75));
#4669=CARTESIAN_POINT('',(28.25,-15.8,49.2546312183839));
#4670=CARTESIAN_POINT('',(28.25,-12.8,49.2546312183839));
#4671=CARTESIAN_POINT('',(28.25,-15.8,-49.254631218384));
#4672=CARTESIAN_POINT('',(28.25,-12.8,-49.254631218384));
#4673=CARTESIAN_POINT('',(21.7546312183839,-15.8,-55.75));
#4674=CARTESIAN_POINT('',(21.7546312183839,-12.8,-55.75));
#4675=CARTESIAN_POINT('',(-21.7546312183839,-15.8,-55.75));
#4676=CARTESIAN_POINT('',(-21.7546312183839,-12.8,-55.75));
#4677=CARTESIAN_POINT('',(-28.25,-15.8,-49.254631218384));
#4678=CARTESIAN_POINT('',(-28.25,-12.8,-49.254631218384));
#4679=CARTESIAN_POINT('',(19.25,-4.1,0.));
#4680=CARTESIAN_POINT('',(0.,-13.3,57.25));
#4681=CARTESIAN_POINT('',(21.7546312183839,-13.3,57.25));
#4682=CARTESIAN_POINT('',(21.7546312183839,-13.3,55.75));
#4683=CARTESIAN_POINT('',(23.253602058743,-13.3,55.8055555555556));
#4684=CARTESIAN_POINT('',(28.5,-12.8,56.));
#4685=CARTESIAN_POINT('',(28.3055555555556,-13.3,50.7536020587431));
#4686=CARTESIAN_POINT('',(28.25,-13.3,49.2546312183839));
#4687=CARTESIAN_POINT('',(29.75,-13.3,49.2546312183839));
#4688=CARTESIAN_POINT('',(30.25,-12.8,-1.43114686768087E-14));
#4689=CARTESIAN_POINT('',(29.75,-13.3,-49.254631218384));
#4690=CARTESIAN_POINT('',(28.25,-13.3,-49.254631218384));
#4691=CARTESIAN_POINT('',(28.3055555555556,-13.3,-50.7536020587431));
#4692=CARTESIAN_POINT('',(28.5,-12.8,-56.));
#4693=CARTESIAN_POINT('',(23.2536020587431,-13.3,-55.8055555555556));
#4694=CARTESIAN_POINT('',(21.7546312183839,-13.3,-55.75));
#4695=CARTESIAN_POINT('',(21.7546312183839,-13.3,-57.25));
#4696=CARTESIAN_POINT('',(1.04083408558608E-14,-12.8,-57.75));
#4697=CARTESIAN_POINT('',(-21.7546312183839,-13.3,-57.25));
#4698=CARTESIAN_POINT('',(-21.7546312183839,-13.3,-55.75));
#4699=CARTESIAN_POINT('',(-23.2536020587431,-13.3,-55.8055555555556));
#4700=CARTESIAN_POINT('',(-28.5,-12.8,-56.));
#4701=CARTESIAN_POINT('',(-28.3055555555556,-13.3,-50.7536020587431));
#4702=CARTESIAN_POINT('',(-28.25,-13.3,-49.254631218384));
#4703=CARTESIAN_POINT('',(-29.75,-13.3,-49.254631218384));
#4704=CARTESIAN_POINT('',(-29.75,-13.3,-3.68628738645072E-15));
#4705=CARTESIAN_POINT('',(-29.75,-13.3,49.2546312183839));
#4706=CARTESIAN_POINT('',(-28.25,-13.3,49.2546312183839));
#4707=CARTESIAN_POINT('',(-28.3055555555556,-13.3,50.7536020587431));
#4708=CARTESIAN_POINT('',(-28.5,-12.8,56.));
#4709=CARTESIAN_POINT('',(28.5,-1.6,56.));
#4710=CARTESIAN_POINT('',(-28.5,-1.6,56.));
#4711=CARTESIAN_POINT('',(28.5,-1.6,-56.));
#4712=CARTESIAN_POINT('',(-28.5,-1.6,-56.));
#4713=CARTESIAN_POINT('',(7.75,-7.9,51.5));
#4714=CARTESIAN_POINT('',(7.75,-15.3,51.5));
#4715=CARTESIAN_POINT('',(-24.75,-7.9,51.5));
#4716=CARTESIAN_POINT('',(-24.75,-15.3,51.5));
#4717=CARTESIAN_POINT('',(33.25,-15.8,4.11996825544492E-15));
#4718=CARTESIAN_POINT('',(33.75,-15.3,-56.));
#4719=CARTESIAN_POINT('',(33.25,-15.8,56.));
#4720=CARTESIAN_POINT('',(28.5,-15.3,56.));
#4721=CARTESIAN_POINT('',(28.5,-15.8,60.75));
#4722=CARTESIAN_POINT('',(28.5,-15.3,-56.));
#4723=CARTESIAN_POINT('',(28.5,-15.3,-61.25));
#4724=CARTESIAN_POINT('',(8.,-14.45,60.75));
#4725=CARTESIAN_POINT('',(8.,-15.3,60.75));
#4726=CARTESIAN_POINT('',(-1.04083408558608E-14,-15.3,61.25));
#4727=CARTESIAN_POINT('',(8.5,-15.55,61.));
#4728=CARTESIAN_POINT('',(0.,-15.8,-60.75));
#4729=CARTESIAN_POINT('',(-28.5,-15.3,-61.25));
#4730=CARTESIAN_POINT('',(8.,-15.3,60.75));
#4731=CARTESIAN_POINT('',(8.,-15.3,60.75));
#4732=CARTESIAN_POINT('',(-28.5,-15.3,-56.));
#4733=CARTESIAN_POINT('',(-33.75,-15.3,-56.));
#4734=CARTESIAN_POINT('',(8.,-15.3,51.25));
#4735=CARTESIAN_POINT('',(8.5,-15.8,51.5));
#4736=CARTESIAN_POINT('',(-33.75,-15.3,-1.38777878078145E-14));
#4737=CARTESIAN_POINT('',(-33.75,-15.3,56.));
#4738=CARTESIAN_POINT('',(7.75,-15.8,51.5));
#4739=CARTESIAN_POINT('',(7.75,-15.8,50.75));
#4740=CARTESIAN_POINT('',(-28.5,-15.3,56.));
#4741=CARTESIAN_POINT('',(-28.5,-15.3,61.25));
#4742=CARTESIAN_POINT('',(-1.04083408558608E-14,-15.3,51.25));
#4743=CARTESIAN_POINT('',(-24.75,-15.8,50.75));
#4744=CARTESIAN_POINT('',(-1.04083408558608E-14,-15.3,61.25));
#4745=CARTESIAN_POINT('',(-25.5,-15.8,60.75));
#4746=CARTESIAN_POINT('',(-25.5,-15.8,61.25));
#4747=CARTESIAN_POINT('',(-25.25,-15.3,61.));
#4748=CARTESIAN_POINT('',(-24.75,-15.8,51.5));
#4749=CARTESIAN_POINT('',(-25.5,-15.8,51.5));
#4750=CARTESIAN_POINT('',(-25.5,-15.8,60.75));
#4751=CARTESIAN_POINT('',(-25.5,-15.8,60.75));
#4752=CARTESIAN_POINT('',(-25.5,-15.8,0.));
#4753=CARTESIAN_POINT('',(28.5,-15.8,56.));
#4754=CARTESIAN_POINT('',(-28.5,-15.8,56.));
#4755=CARTESIAN_POINT('',(28.5,-15.8,-56.));
#4756=CARTESIAN_POINT('',(-28.5,-15.8,-56.));
#4757=MECHANICAL_DESIGN_GEOMETRIC_PRESENTATION_REPRESENTATION('',(#2758),
#4758);
#4758=(
GEOMETRIC_REPRESENTATION_CONTEXT(3)
GLOBAL_UNCERTAINTY_ASSIGNED_CONTEXT((#4759))
GLOBAL_UNIT_ASSIGNED_CONTEXT((#4762,#4761,#4760))
REPRESENTATION_CONTEXT('Part 1','TOP_LEVEL_ASSEMBLY_PART')
);
#4759=UNCERTAINTY_MEASURE_WITH_UNIT(LENGTH_MEASURE(1.E-5),#4762,
'DISTANCE_ACCURACY_VALUE','Maximum Tolerance applied to model');
#4760=(
NAMED_UNIT(*)
SI_UNIT($,.STERADIAN.)
SOLID_ANGLE_UNIT()
);
#4761=(
NAMED_UNIT(*)
PLANE_ANGLE_UNIT()
SI_UNIT($,.RADIAN.)
);
#4762=(
LENGTH_UNIT()
NAMED_UNIT(*)
SI_UNIT(.MILLI.,.METRE.)
);
#4763=PRODUCT_DEFINITION_SHAPE('','',#4764);
#4764=PRODUCT_DEFINITION('','',#4766,#4765);
#4765=PRODUCT_DEFINITION_CONTEXT('',#4772,'design');
#4766=PRODUCT_DEFINITION_FORMATION_WITH_SPECIFIED_SOURCE('','',#4768,
 .NOT_KNOWN.);
#4767=PRODUCT_RELATED_PRODUCT_CATEGORY('','',(#4768));
#4768=PRODUCT('Part 1','Part 1','Part 1',(#4770));
#4769=PRODUCT_CATEGORY('','');
#4770=PRODUCT_CONTEXT('',#4772,'mechanical');
#4771=APPLICATION_PROTOCOL_DEFINITION('international standard',
'ap242_managed_model_based_3d_engineering',2011,#4772);
#4772=APPLICATION_CONTEXT('managed model based 3d engineering');
ENDSEC;
END-ISO-10303-21;
